ID,title
ALCH-00001,Katakamuna: Ushinawareta Ingaritsu [Deluxe Pack]
ALCH-00002,Baldr Force EXE: Mega Box
ALCH-00003,Chocolat Maid Cafe Curio [Limited Edition]
ALCH-00004,Duel Savior Destiny [Messiah Box]
ALCH-00005,Haru no Ashioto: Step of Spring [Paku Paku Pack]
ALCH-00006,Baldr Force EXE (Simlacrum Pack Alchemist Best)
ALCH-00007,Parfait: Chocolat Second Style [Limited Edition]
ALCH-00008,Aria: The Natural ~Tooi Yume no Mirage~ [Limited Edition]
ALCH-00009,Higurashi no Naku Koro ni Matsuri [First Print Limited Edition]
ALCH-00010,Kono Aozora ni Yakusoku wo: Melody of the Sun and Sea [Limited Edition]
ALCH-00011,Pure x Cure RE:Covery [Koi no Kyuukyuu Set]
ALCH-00012,Baldr Bullet: Equilibrium: Genteiban
ALCH-00014,Aria: The Origination ~Aoi Hoshi no El Cielo~ [Limited Edition]
ALCH-00015,Sugar+Spice!: Anoko no Suteki na Nanimokamo [First Press Limited Edition]
ALCH-00016,Koisuru Otome to Shugo no Tate: The Shield of Aigis [Limited Edition]
ALCH-00017,Triggerheart Exelica Enhanced [Nendroid Super Set]
ALCH-00021,Sekirei: Mirai Kara no Okurimono [Special Pack]
ALCH-00027,Suzunone Seven: Rebirth Knot [Limited Edition]
ALCH-00028,Hana to Otome ni Shukufuku wo: Harukaze no Okurimono [Saint Box]
ARP2-01201,Armen Noir [Limited Edition]
ARZE-66071,Shadow Hearts: From the New World: Starter Pack
CF00-15018,Secret of Evangelion [Limited Edition Ayanami Version]
CF00-15019,Secret of Evangelion [Limited Edition Asuka Version]
CF00-15022,Memories Off #5: Encore [Limited Edition]
CF00-15024,12Riven -The Psi-Climinal of integral [Soundtrack Edition]
CF00-15026,Princess Maker 5 [Limited Edition]
CF00-22006,Shinseiki Evangelion: Koutetsu no Girlfriend Special Edition [Best Hit Selection]
CF00-22019,Infinity Plus
CPCS-01001,Capcom vs. SNK 2: Millionaire Fighting 2001: Modem Pack
CPCS-01002,Gun Survivor 3: Dino Crisis [with GunCon2]
CPCS-01003,Auto Modellista: Modem Pack
CPCS-01004,Marvel vs Capcom 2 [Modem Pack]
CPCS-01005,Gun Survivor 4: Biohazard: Heroes Never Die [with GunCon2]
CPCS-01007,Hyper Street Fighter II: The Anniversary Edition: Special Anniversary Pack
CPCS-01009,Street Fighter III: 3rd Strike: Fight for the Future: The Limited Edition
CPCS-01019,Black Cat: Kikai Shikake no Tenshi: Limited Pack
CPCS-01020,Monster Hunter 2: DX Hunters Box
CPCS-01027,Grand Theft Auto: Double Pack
CPCS-01032,Sengoku Basara Double Pack
CPCS-01036,Sengoku Basara X [Limited Edition]
CPCS-01040,Capcom vs SNK 2: Millionaire Fighting 2001 / Street Fighter III 3rd Strike: Fight for the Future: Value Pack
CPCS-01041,Fate/Unlimited Codes [SP Box]
CPCS-01052,Biohazard Code: Veronica Kanzenban / Biohazard 4 Value Pack
CZP2-01101,Clock Zero: Shuuen no ichibyou [Limited Edition]
DCP2-01201,Death Connection [Limited Edition]
DKP2-00502,Desert Kingdom [Limited Edition]
DMP-P201,Ayaka Shibito: Genyou Ibunroku [Limited Edition]
DMP-P202,Mahoroba Stories: Library of Fortune [Limited Edition]
DMP-P203,Houkago wa Gin no Shirabe [First Print Limited Edition]
DMP-P204,Love Root Zero: Kiss Kiss Labyrinth [Limited Edition]
DMP-P205,Under the Moon: Crescent [First Print Limited Edition]
DVD-006,Play TV 97
FVGK-0001,Umisho [Limited Edition]
FVGK-0002,Prism Ark: Awake [Limited Edition]
FVGK-0004,Night Wizard the Video Game: Denial of the World [Limited Edition]
FVGK-0007,L no Kisetsu 2: Invisible Memories [Limited Edition]
FVGK-0008,Kanokon Esuii [Limited Edition]
FVGK-0011,Memories Off 6: T-Wave [Limited Edition]
FVGK-0012,Monochrome Factor: Cross Road [Limited Edition]
FVGK-0015,Hakushaku to Yousei: Yume to Kizuna ni Omoi Hasete [Limited Edition]
FVGK-0018,Hyakko: Yorozuya Jikenbo! [Limited Edition]
FVGK-0022,Skip Beat! [Limited Edition]
FVGK-0024,Memories Off 6: Next Relation [Limited Edition]
FVGK-0026,Lucian Bee's: Resurrection Supernova [Limited Edition]
FVGK-0037,Lucian Bee's: Justice Yellow (box)
FVGK-0038,Lucian Bee's: Evil Violet [Limited Edition]
GLD-DR01,Sony DVD Test Disc
GN-04003,Komorebi no Namikimichi: Utsurikawaru Kisetsu no Chuu de (Limited Edition)
GN-04005,Apocripha/0 [Limited Edition]
GN-05009,Angel's Feather: Kuro no Zanei [Limited Edition]
GN-05011,Like Life an Hour [First Print Limited Edition]
GN-05013,Izumo 2 [First Print Limited Edition]
GN-05015,I/O [First Print Limited Edition]
GN-06017,_Summer ## [First Print Limited Edition]
GN-07021,Majokko a la Mode II: Hikari to Yami no Etranger [Limited Edition]
GN-08023,Akane Iro ni Somaru Saka: Parallel [Limited Edition]
GN-08025,Izumo 2: Gakuen Kyousoukyoku: Double Tact: Genteiban
GN-09029,Pia Carrot e Youkoso!! G.P. Gakuen Princess [Deluxe Pack]
GUST-00001,Judie no Atelier: Gramnad no Renkinjutsushi: Premium Box
GUST-00002,Viorate no Atelier: Gramnad no Renkinjutsushi 2: Premium Box
GUST-00003,Atelier Iris: Eternal Mana [Premium Box]
GUST-00004,Iris no Atelier: Eternal Mana 2: Premium Box
GUST-00005,Atelier Lilie Plus: Lilie no Atelier Plus: Salberg no Renkinjutsushi 3 [Limited Edition]
GUST-00006,Marie to Elie Atelier: Salsburg no Renkinjutsu 1+2: Premium Box
GUST-00009,Mana-Khemia: Gakuen no Renkinjutsushi-tachi: Premium Box
GUST-00010,Mana-Khemia 2: Ochita Gakuen to Renkinjutsushi-tachi (Premium Box)
GWS-0001,Kyuuketsu Kitan Moonties [Limited Edition]
GWS-0007,NadePro!! Kisama no Seiyuu Yatte Miro! [Limited Edition]
HAKU-00801,Hakuoki: Twin Pack
HKHS-01002,Hiiro no Kakera Twin Pack
HSN-0002,Sakura Taisen: Atsuki Chishio Ni [Premium Edition]
HSN-0003,Sakura Taisen: Atsuki Chishio Ni [First Print Limited Edition]
HSN-0005,The Typing of the Dead: Zombie Panic [with Keyboard]
HSN-0006,Sakura Taisen V: Saraba Itoshiki Hito yo: Showtime Box
HSN-0008,Jissen Pachi-Slot Hisshouhou! Hokuto no Ken SE: Limited Edition
HSN-0010,Appleseed EX [Limited Box]
HSN-0012,Seaman 2: Peking Genjin Ikusei Kit (Seamic Controller)
HSN-0013,Nights into Dreams [Nightopia Dream Pack]
IIDX16COMP,Beatmania IIDX: 16: Empress + Premium Best [Konamystyle Special Edition]
IIDX16SP,Beatmania IIDX: 16: Empress + Premium Best [Konamystyle Special Edition]
INCH-0001,Soul Link Extension [Limited Edition]
INCH-0002,Teikoku Sensenki [Best Version with Drama CD]
INCH-0003,Interlude [Best Version Pandora Box]
INCH-0004,School Days LXH [First Print Limited Edition]
JALE-20003,Dream Audition [Limited Edition]
KAD-003,H2O+: Footprints in the Sand [DX Pack]
KAD-004,Togainu no chi: True Blood [Limited Edition]
KAD-006,Real Rode [Kira Kira Box]
KAD-008,Touka Gettan: Koufuu no Ryouou [Deluxe Pack]
KAD-019,Uragiri wa Boku no Namae o Shitteiru [Deluxe Pack]
KCS-3001,Shin Sangoku Musou 3: Treasure Box
KCS-3002,Shin Sangoku Musou 3: Treasure Box
KOEI-00005,Shin Sangoku Musou 3: Moushouden & Kessen II & Sangokushi VIII Super Value Set [3 DISCS]
KOEI-00006,Sengoku Musou: Treasure Box
KOEI-00008,Shin Sangoku Musou 3 Empires & Moushouden Premium Box
KOEI-00009,Shin Sangoku Musou 3 Super Premium Box
KOEI-00011,Sengoku Musou: Excellent Box
KOEI-00012,Nobunaga no Yabou:  Online (Excellent Box)
KOEI-00013,Shin Sangoku Musou 3: Empires Excellent Box [3 DISCS]
KOEI-00015,Winning Post Kouryaku Box
KOEI-00017,Sengoku Kouryaku Box [2 Discs]
KOEI-00019,Sengoku Musou Moushouden: Treasure Box
KOEI-00020,Angelique Etoile [Premium Box]
KOEI-00021,Kessen III: Treasure Box
KOEI-00023,Harukanaru Toki no Naka de 3 + 2
KOEI-00027,Shin Sangoku Musou 4: Treasure Box
KOEI-00028,Zill O'll Infinite: Premium Box
KOEI-00029,Harukanaru Toki no Naka de: Hachiyoushou [Premium Box]
KOEI-00033,Sangokushi X: Anniversary Box
KOEI-00034,Harukanaru Toki no Naka de: Hachiyoushou [History Box]
KOEI-00042,Shin Sangoku Musou 3+3 Mushouden [Premium Pack] [2 DISCS]
KOEI-00043,Winning Post 7: Premium Box
KOEI-00046,Pachi-Slot Winning Post [With Controller]
KOEI-00047,Harukanaru Toki no Naka de 3: Izayoiki [Premium Box]
KOEI-00048,Harukanaru Toki no Naka de 3 & Harukanaru Toki no Naka de 3: Izayoiki Twin Pack
KOEI-00049,Shin Sangoku Musou 4 Premium Pack
KOEI-00050,Shin Sangoku Musou 4 Moushouden: Treasure Box
KOEI-00059,Shin Sangoku Musou Series Collection Joukan [6 DISCS]
KOEI-00065,Sengoku Musou 2: Treasure Box
KOEI-00068,Pachi-Slot Nobunaga no Yabou: Tenka Sousei (Pachi-Slot Set)
KOEI-00069,Shin Sangoku Musou 4 Super Premium Box [4 DISCS]
KOEI-00070,Shin Sangoku Musou 4 Empires & Mushosiden Premium Box [3 DISCS]
KOEI-00075,Harukanaru Toki no Naka de 3: Unmei no Meikyuu [Premium Box]
KOEI-00110,Harukanaru Toki no Naka de: Maihitoyo [Premium Box]
KOEI-00111,Harukanaru Toki no Naka de: Hachiyoushou [Twin Pack]
KOEI-00112,Sengoku Musou 2 Empires: Treasure Box
KOEI-00113,Sengoku Musou 2 & Sengoku Musou 2: Empires Premium Box
KOEI-00114,Shin Sangoku Musou Series Collection Gekan  [5 DISCS]
KOEI-20122,Kin'iro no Koruda 2 [Premium Box]
KOEI-20123,Musou Orochi: Treasure Box
KOEI-20125,Musou Orochi Super Premium Pack
KOEI-20129,Sengoku Musou 2 & Sengoku Mushou 2 Moushouden Premium Pack
KOEI-20130,Sengoku Musou 2 Super Premium Pack
KOEI-20131,Sengoku Musou 2 Moushouden: Treasure Box
KOEI-20134,Kin'iro no Koruda 2: Encore [Premium Box]
KOEI-20135,Kin'iro no Koruda 2: Encore [Premium Box]
KOEI-20136,Kin'iro no Koruda 2 + Kiniro no Corda 2 Encore [Twin Pack]
KOEI-20147,Musou Orochi: Maou Sairrin (Premium Box)
KOEI-20148,Harukanaru Toki no Naka de 4 [Premium Box]
KOEI-20149,Harukanaru Toki no Naka de 4 [Treasure Box]
KOEI-20153,Neo Angelique Full Voice [Super Premium Box]
KOEI-20162,Harukanaru Toki no Naka de: Yume no Ukihashi Special [Premium Box]
KOEI-20163,Harukanaru Toki no Naka de: Yume no Ukihashi Special [Treasure Box]
KOEI-20175,Kin'iro no Koruda 3 [Premium Box]
KOEI-20176,Kin'iro no Koruda 3 [Treasure Box]
KOEI-65247,Sangokushi no Sekai Duo: Treasure Box [3 Discs]
KOEI-65251,Shin Sangoku Musou 3: Treasure Box
KOEI-SP001,Shin Sangoku Musou 2 & Shin Sangoku Musou: Koei 2002 Spring Pack  [2 DISCS]
KOEI-SP002,Koei 2002 Spring Pack: Sangokushi VII / Sangokushi VIII
KOEI-SP004,Harukanaru Toki no Naka de 2 & 1 [Koei 2002 Spring Pack]
KTW-00002,NEO ANGELIQUE
LDTL-00003,Linux (for PlayStation 2) Release 1.0 (Disc 2) (Software Packages)
LDTL-00004,Linux (for PlayStation 2) Release 1.0 (Disc 2) (Software Packages)
MH-051013,Tengai Makyou III: Namida (Limited Edition)
MH051013,Tengai Makyou III: Namida: Deluxe Pack
MJP2-00605,Moujuutsukai to Oujisama [Limited Edition]
MTP2-11021,Moujuutsukai to Oujisama [Twin Pack]
NBGI-0004,Gundam Musou 2: Treasure Box
NMP2-00701,Natsuzora no Monologue [Limited Edition]
NPC-106,Vampire Night + G-Con2
P-00001,Pia Carrot e Youkoso!! G.O. Summer Fair [Dinner Pack]
P-00002,Hoshiful: Hoshi no furu machi [Limited Edition]
P-00007,Canvas 3: Tanshoku no Pastel [Limited Edition]
PAPX-90201,Fantavision
PAPX-90202,I.Q Remix+: Intelligent Qube
PAPX-90203,Gran Turismo 2000
PAPX-90204,TVDJ
PAPX-90205,Dark Cloud
PAPX-90206,Blood: The Last Vampire
PAPX-90207,Gran Turismo 3: A-Spec: Autobacs Gentei Replay Theater
PAPX-90208,Gran Turismo 3: A-Spec: Replay Theater
PAPX-90209,Gran Turismo 3: A-Spec: Netz Toyota: Replay Theater Disc
PAPX-90210,Yappa RPG desho.
PAPX-90211,Extermination
PAPX-90212,Boku to Maou
PAPX-90213,Phase Paradox
PAPX-90215,Ka
PAPX-90216,Bravo Music
PAPX-90218,SkyGunner
PAPX-90220,Surveillance: Kanshisha
PAPX-90222,Jak x Daxter: Kyuu Sekai no Isan
PAPX-90223,Jak x Daxter: Kyuu Sekai no Isan
PAPX-90224,Sidewinder F
PAPX-90225,Legaia: Duel Saga: Special Disc
PAPX-90226,Otostaz
PAPX-90228,Otostaz
PAPX-90229,XI [sái]: XI-Go
PAPX-90230,Arc the Lad: Seirei no Tasogare: Premiere Disc
PAPX-90231,Kaitou Sly Cooper
PAPX-90232,Chain Dive
PAPX-90233,Bakusou Mountain Bikers
PAPX-90234,Katamari Damacy
PAPX-90235,XIII
PAPX-90236,Minna Daisuki Katamari Damacy
PAPX-90330,Saru! Get You! 2: Ukki Ukki Disc
PAPX-90501,Dark Cloud
PAPX-90502,The Yamanote-sen: Train Simulator Real
PAPX-90503,PoPoLoCrois: Tsuki no Okite no Bouken
PAPX-90504,Gran Turismo Concept: Airtrek Turbo Special Edition
PAPX-90505,2002 Natsu no Osusume Soft Otameshi Disc
PAPX-90506,Dark Chronicle
PAPX-90507,Official Disc 2003
PAPX-90508,Gran Turismo 4: Lupo Cup Training Version
PAPX-90511,Siren: Trial Disc
PAPX-90512,Gran Turismo 4: Prius Trial Version
PAPX-90514,Fuyu no Osusume Soft Otameshi Disc
PAPX-90515,Fuyu no Osusume Soft Otameshi Disc 2003-2004
PAPX-90516,Jak II: Jak x Daxter 2
PAPX-90517,Prince of Persia: Jikan no Suna
PAPX-90518,Gacha Mecha Stadium: Saru Battle
PAPX-90519,Doko Demo Issho: Toro to Ippai
PAPX-90521,Waga Ryuu o Miyo: Pride of the Dragon Peace
PAPX-90522,Genji
PAPX-90523,Gran Turismo 4: Online Test Version
PAPX-90524,Wild Arms: The Vth Vanguard
PBGP-0039,Galaxy Angel II: Zettairyouiki no Tobira: Deluxe Pack
PBGP-0050,Gift: Prism [Limited Edition]
PBGP-0053,Meitantei Evangelion: Premium Box
PBGP-0054,Meitantei Evangelion: Tokusouban
PBGP-0056,Galaxy Angel II: Mugen Kairou no Kagi: Deluxe Pack
PBGP-0057,Shinseiki Evangelion: Battle Orchestra: Deluxe Pack
PBGP-0060,Galaxy Angel II: Mugen Kairou no Kagi: Zettai Mugen no Ishizue Set
PBGP-0061,Suika A.S+ Eternal Name [First Press Limited Edition]
PBGP-0062,Princess Concerto [Deluxe Pack]
PBGP-0063,Saishuu Shiken Kujira: Alive [First Print Limited Edition]
PBGP-0065,D.C.: Da Capo: The Origin [First Print Limited Edition]
PBGP-0074,Galaxy Angel II: Eigou Kaiki no Koku: Deluxe Pack
PBGP-0075,Galaxy Angel II: Eigou Kaiki no Koku: Complete Set
PBGP-0076,Clear: Atarashii Kaze no Fuku Oka de [Limited Edition]
PBPX-95201,Utility Disc
PBPX-95202,Utility Disc Version 1.01
PBPX-95203,Utility Disc Version 1.01
PBPX-95204,Demo Disc
PBPX-95205,Demo Disc
PBPX-95206,DVD Player Version 2.01
PBPX-95207,DVD Player Version 2.10
PBPX-95208,DVD Player Version 2.10
PBPX-95209,DVD Player Version 2.10
PBPX-95210,DVD Player Version 2.10
PBPX-95211,HDD Utility Disc Version 1.00
PBPX-95216,HDD Utility Disc
PBPX-95218,DVD Player Version 2.12
PBPX-95219,DVD Player Version 2.14
PBPX-95220,DVD Player Version 2.14
PBPX-95221,DVD Player Version 2.12
PBPX-95222,DVD Player Version 2.14
PBPX-95223,DVD Player Version 2.14
PBPX-95224,DVD Player Version 2.16
PBPX-95228,DVD Player Version 3.00
PBPX-95237,HDD Utility Disc
PBPX-95239,Online Start-Up Disc v3.0
PBPX-95242,Online Start-Up Disc v3.0
PBPX-95245,Online Start-Up Disc v1.0
PBPX-95246,Online Start-Up Disc v3.5: Broadband Only
PBPX-95247,Online Start-Up Disc v3.5: Broadband Only
PBPX-95248,Online Start-Up Disc 4.0: Broadband Only
PBPX-95250,Online Start-Up Disc v1.0
PBPX-95251,Online Start-Up Disc 4.0: Broadband Only
PBPX-95501,PS2 Linux Beta Release 1
PBPX-95502,Gran Turismo 3: A-Spec
PBPX-95503,Gran Turismo 3: A-Spec
PBPX-95506,Demo Disc
PBPX-95507,Linux (for PlayStation 2) Release 1.0 (Disc 1) (Runtime Environment)
PBPX-95508,Linux (for PlayStation 2) Release 1.0 (Disc 2) (Software Packages)
PBPX-95509,Linux (for PlayStation 2) Release 1.0 (Disc 1) (Runtime Environment)
PBPX-95510,Linux (for PlayStation 2) Release 1.0 (Disc 2) (Software Packages)
PBPX-95514,Demo Disc
PBPX-95516,Ratchet & Clank
PBPX-95517,Network Adaptor Start-Up Disc
PBPX-95519,Network Adaptor Start-Up Disc v2.0
PBPX-95520,Demo Disc
PBPX-95522,Kidou Senshi Z Gundam: A.E.U.G. vs. Titans
PBPX-95523,Gran Turismo 4: Prologue
PBPX-95524,Gran Turismo 4: Prologue
PBPX-95525,Final Fantasy XII
PBPX-95601,Gran Turismo 4
PCPX-96301,I.Q Remix+: Intelligent Qube
PCPX-96302,Fantavision
PCPX-96303,6-gatsu Hatsubai Title Promotion Disc: Aconcagua / Boku no Natsuyasumi / TVDJ
PCPX-96304,Scandal
PCPX-96305,Play-Pre Plus 004: 2000 June (Disc 2)
PCPX-96306,Bikkuri Mouse
PCPX-96310,X-treme Racing SSX
PCPX-96311,Gran Turismo 3: A-Spec: Tentou Shiyuu Disc
PCPX-96312,Gran Turismo 3: A-Spec: Autobacs Tentou Shiyuu Disc
PCPX-96314,The Sky Odyssey
PCPX-96315,Phase Paradox
PCPX-96316,Phase Paradox
PCPX-96317,Ka
PCPX-96318,Rimococoron
PCPX-96319,Piposaru 2001
PCPX-96320,PaRappa the Rapper 2
PCPX-96321,SkyGunner
PCPX-96322,Ico
PCPX-96323,Toro to Kyuujitsu
PCPX-96324,Dual Hearts
PCPX-96328,3 Title Special Disc: Saru! Get You! 2 / PoPoLoCrois: Hajimari no Bouken / Boku no Natsuyasumi 2
PCPX-96330,Arc the Lad: Seirei no Tasogare: Premiere Disc
PCPX-96501,PlayStation 2 Debut Collection
PCPX-96603,Dark Cloud
PCPX-96605,MiruMiru 2000-nen 12-gatsudo Juchuugou
PCPX-96606,Play-Pre 2 Volume 0: 2001 February
PCPX-96607,2000-2001 Winter Lineup
PCPX-96608,MiruMiru 2001-nen 1-gatsudo Juchuugou
PCPX-96609,Gran Turismo 3: A-Spec: Tentou Shiyuu Disc Vol. 2
PCPX-96610,MiruMiru 2001-nen 2-gatsudo Juchuugou
PCPX-96611,Play-Pre 2 Volume 1: 2001 April
PCPX-96612,MiruMiru 2001-nen 3-gatsudo Juchuugou
PCPX-96613,MiruMiru 2001-nen 4-gatsudo Juchuugou
PCPX-96614,MiruMiru 2001-nen 5-gatsudo Juchuugou
PCPX-96615,MiruMiru 2001-nen 6-gatsudo Juchuugou
PCPX-96616,Play-Pre 2 Volume 2: 2001 August
PCPX-96617,MiruMiru 2001-nen 8-gatsudo Juchuugou
PCPX-96618,MiruMiru 2001-nen 7-gatsudo Juchuugou
PCPX-96619,Genshi no Kotoba
PCPX-96620,MiruMiru 2001-nen 9-gatsudo Juchuugou
PCPX-96621,MiruMiru 2001-nen 10-gatsudo Juchuugou
PCPX-96622,Play-Pre 2 Volume 3: 2001 December
PCPX-96624,Gran Turismo Concept: 2001 Tokyo
PCPX-96625,Play-Pre 2 Volume 4: 2002 April
PCPX-96626,PlayStation Index (DVD-ROM-ban): PlayStation 2 Official Soft Catalog 2002 April
PCPX-96627,2002 Natsu no Osusume Soft Otameshi Disc
PCPX-96628,Play-Pre 2 Volume 5: 2002 August
PCPX-96629,Fuyu no Osusume Soft Otameshi Disc 2002
PCPX-96630,Play-Pre 2 Volume 6: 2002 December
PCPX-96631,Koedashite Ikou. Taikenban
PCPX-96632,Play-Pre 2 Volume 7: 2003 April
PCPX-96633,Play-Pre 2 Volume 7: 2003 April: CM Collection
PCPX-96634,Gran Turismo: Subaru Driving Simulator Version
PCPX-96635,Play-Pre 2 Volume 8: 2003 August
PCPX-96636,Siren
PCPX-96638,EyeToy: Play
PCPX-96639,Play-Pre 2 Volume 9: 2003 December
PCPX-96641,Play-Pre 2 Volume 10: 2004 April
PCPX-96646,Play-Pre 2 Volume 11: 2004 August
PCPX-96649,Gran Turismo 4: First Preview
PCPX-96653,Ratchet & Clank 3
PCPX-96655,Play-Pre 2 Volume 12: 2004 December
PCPX-96656,"Play-Pre 2 Volume 12: 2004 December: ""PSP"" Movie Collection & CM Collection"
PCPX-96657,Saru! Get You! 3
PCPX-98017,Ratchet & Clank 4th: Giri Giri Ginga no Giga Battle
PCPX-98041,Saru! Get You! Million Monkeys
PCPX-98042,Minna no Tennis
PDPX-99109,DVD Player Version 3.04
PERSONA-01,Persona 3 [Konamistyle Special Edition]
PERSONA-02,Persona 3 FES [Independent Starting Version] [Konamistyle Special Edition]
PIO-05101,Angel Wish: Kimi no Egao ni Chu! [Special Edition]
PIO-06103,Jewels Ocean: Star of Sierra Leone [Special Pack]
PIO-07104,Ouka Kokoro Kagayakaseru Sakura [Limited Edition]
PIO-07105,Ojousama Kumikyoku: Sweet Concert [Special Pack Edition]
PKP2-00702,Pandora: Kimi no Namae o Boku wa Shiru [Limited Edition]
PSXC-00201,DESR-7000/DESR-5000 Sen'you: PSX Update Disc Ver. 1.10
PSXC-00202,DESR-7000/DESR-5000 Sen'you: PSX Update Disc Ver. 1.20
PSXC-00203,DESR-7000/DESR-5000/DESR-7100/DESR-5100 Sen'you: PSX Update Disc Ver. 1.31
PSXC-00204,DESR-7500/DESR-5500/DESR-7700/DESR-5700 Sen'you: PSX Update Disc Ver. 2.11
PUPX-93033,PlayStation Seizou Kensa-you Disc 3 CD-ROM US-ban Ver1.1
ROSE-00001,Crimson Empire [Deluxe Edition]
SCAJ-10001,Makai Senki Disgaea
SCAJ-10003,Taiko no Tatsujin: Doki! Shinkyoku Darake no Haru Matsuri
SCAJ-10004,Time Crisis II (Playstation 2 The Best)
SCAJ-10006,Taiko no Tatsujin: Appare Sandaime
SCAJ-10007,Taiko no Tatsujin: Waku Waku Anime Matsuri
SCAJ-10008,Taiko no Tatsujin: Atsumare! Matsuri da!! Yondaime
SCAJ-10009,Psikyo Shooting Collection Vol.1: Strikers 1945 1&2
SCAJ-10010,Mahjong Party: Gen Shuizhe Meinü Dajiquan
SCAJ-10011,Taiko no Tatsujin: Go! Go! Godaime
SCAJ-10012,Taiko Drum Master
SCAJ-10013,Taiko no Tatsujin: Tobikkiri! Anime Special
SCAJ-10014,Taiko no Tatsujin: Wai Wai Happy Muyome
SCAJ-10015,Taiko no Tatsujin: Doka! to Oomori Nanadaim
SCAJ-15076,EyeToy: FuriFuri Dance Tengoku
SCAJ-20001,Ratchet & Clank
SCAJ-20002,Gallop Racer 6: Revolution
SCAJ-20003,Argus no Senshi
SCAJ-20004,.Hack Shinsoku Osen Vol.3
SCAJ-20005,Guilty Gear XX: The Midnight Carnival
SCAJ-20006,Gunvarl Collection with Time Crisis
SCAJ-20007,XI [sái]: XI-Go
SCAJ-20008,V-Rally 3
SCAJ-20009,Herdy Gerdy
SCAJ-20010,Bakusou Dekotora Densetsu: Otoko Hanamichi Yume Roman
SCAJ-20011,Armored Core 3: Silent Line
SCAJ-20012,Venus & Braves
SCAJ-20013,MotoGP 3
SCAJ-20015,Shin Megami Tensei III: Nocturne
SCAJ-20016,Argus Zhanshi
SCAJ-20017,Kaitou Sly Cooper
SCAJ-20018,This is Football 2003
SCAJ-20019,Arc the Lad: Seirei no Tasogare
SCAJ-20020,Drag-on Dragoon [Ultimate Hits]
SCAJ-20021,Metal Slug 3
SCAJ-20022,Dai-2-Ji Super Robot Taisen Alpha (Limited Edition)
SCAJ-20023,Soul Calibur II
SCAJ-20024,.Hack Zettai Houi Vol.4
SCAJ-20025,Gran Prix Challenge
SCAJ-20026,Generation of Chaos III: Toki no Fuuin
SCAJ-20027,Tenchu 3
SCAJ-20028,Tales of Destiny 2
SCAJ-20032,Ka 2: Let's Go Hawaiian
SCAJ-20033,Guilty Gear XX #Reload: The Midnight Carnival
SCAJ-20034,SUMMON NIGHT 3
SCAJ-20035,Dead to Rights
SCAJ-20037,Monster Farm 4
SCAJ-20038,Arc the Lad: Jing Ling Zhi Huang Hun
SCAJ-20039,Sidewinder V
SCAJ-20040,The King of Fighters 2001
SCAJ-20041,Energy Airforce: Aim Strike!
SCAJ-20043,ChainDive
SCAJ-20044,Lara Croft: Tomb Raider: Utsukushiki Toubousha
SCAJ-20045,Shadow Tower: Abyss
SCAJ-20046,Siren
SCAJ-20047,Time Crisis 3
SCAJ-20048,R: Racing Evolution
SCAJ-20050,Zero: Akai Chou
SCAJ-20052,Ratchet & Clank 2: Gagaga! Ginga no Commando-ssu
SCAJ-20055,Battle Gear 3
SCAJ-20056,Bujingai
SCAJ-20057,Front Mission 4
SCAJ-20058,Terminator 3: Rise of the Machines
SCAJ-20059,Minna no Golf 4: Everybody's Golf
SCAJ-20060,Time Crisis 3
SCAJ-20061,Seven Samurai 20XX
SCAJ-20062,"Crouching Tiger, Hidden Dragon"
SCAJ-20063,Popolocrois Story: Tsuki no Okite no Bouken
SCAJ-20064,Nebula: Echo Night
SCAJ-20065,EyeToy: Play (With Camera)
SCAJ-20066,Gran Turismo 4: Prologue
SCAJ-20067,Gungrave OD
SCAJ-20068,Final Fantasy X-2 International + Last Mission
SCAJ-20069,Gallop Racer: Lucy 7
SCAJ-20070,Star Ocean: Till the End of Time: Director's Cut (Disc 1)
SCAJ-20071,Star Ocean: Till the End of Time: Director's Cut (Disc 2)
SCAJ-20072,Koukaku Kidoutai: Stand Alone Complex
SCAJ-20073,Jak II: Jak x Daxter 2
SCAJ-20074,The King of Fighters 2002
SCAJ-20075,Dragon Quest V: Tenkuu no Hayanome
SCAJ-20076,Armored Core: Nexus
SCAJ-20077,Armored Core: Nexus
SCAJ-20078,Kuon
SCAJ-20080,Kaena
SCAJ-20081,Xenosaga Freaks
SCAJ-20082,Gungrave O.D.
SCAJ-20083,MT Bikers: Bakusou Mountain Bikers
SCAJ-20084,MLB '04
SCAJ-20085,Sakura Zakashobotai
SCAJ-20086,Xenosaga Episode II: Jenseits von Gut und Bose (Disc 1)
SCAJ-20087,Xenosaga Episode II: Jenseits von Gut und Bose (Disc 2)
SCAJ-20088,Yu Zi: Qiang Jiu Shui Tang Da Zuo Zhan
SCAJ-20089,Athens 2004
SCAJ-20090,Gacha Mecha Stadium: Saru Battle
SCAJ-20092,Samurai Shodown Zero
SCAJ-20093,Tenchu Kurenai
SCAJ-20094,Minna no Golf 4: Everybody's Golf [PlayStation 2 the Best]
SCAJ-20095,Digital Devil Saga: Avatar Tuner
SCAJ-20096,Guilty Gear Isuka
SCAJ-20097,EyeToy: FuriFuri Dance Tengoku
SCAJ-20099,Ico
SCAJ-20100,Tianzhu Hong
SCAJ-20101,Gen Houzi Wan Ba! Shouwu Zuta Nao Fantian!!
SCAJ-20102,Tales of Symphonia
SCAJ-20104,Ace Combat 5: The Unsung War
SCAJ-20105,Armored Core: Nine Breaker
SCAJ-20107,Bakufuu Slash!! Kizna Arashi
SCAJ-20108,Arc the Lad: Generation
SCAJ-20109,Ratchet & Clank 3
SCAJ-20110,Dragon Quest VIII: Sora to Umi to Daichi to Norowareshi Himegimi
SCAJ-20111,Crash Bandicoot 5: Crash & Cortex no Yabou
SCAJ-20112,Tales of Rebirth
SCAJ-20113,Dragon Quest & Final Fantasy in Itadaki Street
SCAJ-20114,Tsukiyo ni Saraba
SCAJ-20115,Yoshitsune Eiyuuden: The Story of Hero Yoshitsune
SCAJ-20116,Death by Degrees
SCAJ-20117,Fuun Bakumatsuden
SCAJ-20118,Radiata Stories
SCAJ-20119,Gladiator: Road to Freedom
SCAJ-20120,Digital Devil Saga: Avatar Tuner 2
SCAJ-20121,Armored Core: Formula Front
SCAJ-20122,Tian Xing: Swords of Destiny
SCAJ-20123,Wild ARMs: The 4th Detonator
SCAJ-20124,Romancing Saga: Minstrel Song
SCAJ-20125,Tekken 5
SCAJ-20126,Tekken 5
SCAJ-20127,EyeToy: Play 2
SCAJ-20128,EyeToy: Play 2
SCAJ-20129,Poncotsu Roman Daikatsugeki: Bumpy Trot
SCAJ-20130,Namco X Capcom
SCAJ-20131,Namco Museum Arcade Hits!
SCAJ-20132,Drag-on-Dragoon 2 -Fuuin no Kurenai
SCAJ-20133,Kagero II: Dark Illusion
SCAJ-20134,Genji
SCAJ-20136,Ace Combat 5: The Unsung War [PlayStation 2 the Best]
SCAJ-20137,Musashiden II: Blade Master
SCAJ-20138,Saru! Get You! 3
SCAJ-20139,Zero: Shisei no Koe
SCAJ-20140,Bleach: Erabareshi Tamashii
SCAJ-20141,Grandia III (Disc 1)
SCAJ-20142,Grandia III (Disc 2)
SCAJ-20143,Armored Core: Last Raven
SCAJ-20144,Zhuo Hou La 3
SCAJ-20145,Tales of Legendia
SCAJ-20146,Wang Da Yu Ju Xiang
SCAJ-20147,Heavy Metal Thunder.
SCAJ-20148,Tokyo Bus Annai 2
SCAJ-20149,Kingdom Hearts: Final Mix [Ultimate Hits]
SCAJ-20150,Critical Velocity
SCAJ-20151,MotoGP 4
SCAJ-20152,Urban Reign
SCAJ-20153,Code Age Commanders: Tsugumono Tsugarerumono
SCAJ-20154,Prince of Persia: Warrior Within
SCAJ-20155,Yoshitsune Eiyuuden Shura: The Story of Hero Yoshitsune Shura
SCAJ-20156,Gallop Racer 8: Live Horse Racing
SCAJ-20157,Ratchet & Clank 4th: GiriGiri Ginga no Giga Battle
SCAJ-20158,Ikusa Gami
SCAJ-20159,Soulcalibur III
SCAJ-20160,Yoshitsune-ki
SCAJ-20161,Siren 2 (SCAJ-20161)
SCAJ-20162,Rogue Galaxy
SCAJ-20163,Tales of the Abyss
SCAJ-20164,Kingdom Hearts II
SCAJ-20165,Bleach: Hanatareshi Yabou
SCAJ-20166,Front Mission 5: Scars of the War
SCAJ-20167,Si Hun Qu 2
SCAJ-20168,Rule of Rose
SCAJ-20169,Dirge of Cerberus: Final Fantasy VII
SCAJ-20170,Tourist Trophy: The Real Riding Simulator
SCAJ-20171,Zettai Zetsumei Toshi 2: Itetsuita Kiokutachi
SCAJ-20172,Final Fantasy XII
SCAJ-20173,Ace Combat Zero: The Belkan War
SCAJ-20175,Dragon Quest: Shounen Yangus to Fushigi no Dungeon
SCAJ-20176,Curious George
SCAJ-20177,Valkyrie Profile 2: Silmeria
SCAJ-20178,Zhuo Hou La: Baiwan Houjun Jingbao Da Chuji
SCAJ-20179,Xenosaga Episode III: Also Sprach Zarathustra [2 DISCS]
SCAJ-20180,Xenosaga Episode III: Also Sprach Zarathustra [2 DISCS]
SCAJ-20181,Minna no Tennis
SCAJ-20182,Tales of Destiny
SCAJ-20183,Wild ARMs: The Vth Vanguard
SCAJ-20184,Seiken Densetsu 4
SCAJ-20185,Super Robot Taisen Original Generations
SCAJ-20188,Final Fantasy XII International: Zodiac Job System
SCAJ-20190,God of War II
SCAJ-20191,Super Robot Taisen Original Generation Gaiden (Limited Collection Figure Box)
SCAJ-20192,Super Robot Taisen Original Generation Gaiden
SCAJ-20193,Tales of Destiny (Director's Cut)(Premium Box)
SCAJ-20195,Zhuo Hou La 3
SCAJ-20196,Wang Da Yu Ju Xiang
SCAJ-20197,Valkyrie Profile 2: Silmeria (Ultimate Hits)
SCAJ-20199,Tekken 5 (Playstation 2 The Best)
SCAJ-20200,Super Robot Taisen Original Generations (Playstation 2 The Best)
SCAJ-20201,Super Robot Taisen Z
SCAJ-20202,Super Robot Taisen Z (Special Disc)
SCAJ-20203,SD Gundam G Generation Wars
SCAJ-25004,Kingdom Hearts: Final Mix
SCAJ-25008,Initial D Special Stage
SCAJ-25012,Final Fantasy X-2
SCAJ-25026,Kunoichi
SCAJ-25045,Sakura Taisen V: Episode 0: Kouya no Samurai Musume
SCAJ-25047,Dororo
SCAJ-25055,Def Jam: Fight for N.Y.
SCAJ-30001,Xenosaga Episode I: Der Wille zur Macht (Playstation 2 The Best)
SCAJ-30002,Wild Arms: Alter Code F
SCAJ-30003,Si Hun Qu
SCAJ-30004,Kan Wo Long Xian Shen Wei
SCAJ-30005,Shenqi Jiqi Jingjichang: Bibohou Zhongji Rezhan
SCAJ-30006,Gran Turismo 4
SCAJ-30007,Gran Turismo 4
SCAJ-30008,Gran Turismo 4
SCAJ-30010,God of War
SCAJ-30011,God of War II
SCCS-40001,Ape Escape 2
SCCS-40002,Devil May Cry 2 (Disc 1)
SCCS-40003,Devil May Cry 2 (Disc 2)
SCCS-40004,XIGO: Zuihou de Touzi
SCCS-40005,Ico
SCCS-40006,Zhen Sanguo Wushuang 2
SCCS-40007,Arc the Lad: Seirei no Tasogare
SCCS-40009,Dragon Ball Z 2
SCCS-40010,Super Puzzle Bobble 2
SCCS-40011,Armored Core 2: Another Age
SCCS-40014,World Soccer Winning Eleven 7: International
SCCS-40015,Viorate no Atelier: Gramnad no Renkinjutsushi 2
SCCS-40016,Ape Escape: Pumped & Primed
SCCS-40017,EyeToy: Play
SCCS-40018,EyeToy: Saru EyeToy: Oosawagi! Ukkiuki Game Tenkomori!!
SCCS-40019,Formula One 04
SCCS-40022,World Soccer Winning Eleven 8: Asia Championship
SCCS-60002,Gran Turismo 4
SCED-50041,Tekken Tag Tournament
SCED-50065,Official PlayStation 2 Magazine Demo 1
SCED-50066,Official PlayStation 2 Magazine Demo 2
SCED-50067,Official PlayStation 2 Magazine Demo 3
SCED-50133,PS2 Bonus Demo Jan 2001
SCED-50140,Official PlayStation 2 Magazine Demo 5
SCED-50141,Official PlayStation 2 Magazine Demo 6
SCED-50142,Official PlayStation 2 Magazine Demo 7
SCED-50143,Official PlayStation 2 Magazine Demo 8
SCED-50144,Official PlayStation 2 Magazine Demo 9
SCED-50145,Official PlayStation 2 Magazine Demo 10
SCED-50146,Official PlayStation 2 Magazine Demo 11
SCED-50147,Official PlayStation 2 Magazine Demo 12
SCED-50148,Official PlayStation 2 Magazine Demo 13
SCED-50149,Official PlayStation 2 Magazine Demo 14
SCED-50150,Official PlayStation 2 Magazine Demo 15
SCED-50151,Official PlayStation 2 Magazine Demo 16
SCED-50152,Official PlayStation 2 Magazine Demo 17
SCED-50153,Official PlayStation 2 Magazine Demo 18
SCED-50154,Official PlayStation 2 Magazine Demo 19
SCED-50161,Official PlayStation 2 Magazine-UK Greatest Hits Volume 1: Special Edition: Buyers Guide
SCED-50162,Official PlayStation 2 Magazine-UK Greatest Hits Volume 2: Special Edition: A-Z of PS2
SCED-50163,Official PlayStation 2 Magazine-UK Greatest Hits Volume 3: Special Edition: Players Guide
SCED-50164,Official PlayStation 2 Magazine-UK Greatest Hits Volume 4: Special Edition: Yearbook 2001
SCED-50313,Formula One 2001
SCED-50381,Official PlayStation 2 Magazine Demo 8
SCED-50404,Official PlayStation 2 Magazine Demo 10
SCED-50449,This Is Football 2002
SCED-50450,Le Monde des Bleus 2002
SCED-50460,Official PlayStation 2 Magazine Demo 11
SCED-50463,Official PlayStation 2 Magazine Demo 11
SCED-50506,Official PlayStation 2 Magazine Demo 12
SCED-50520,WRC: World Rally Championship
SCED-50543,Official PlayStation 2 Magazine Demo 12
SCED-50569,Play: Sept / Oct / Nov 2001
SCED-50593,Official PlayStation 2 Magazine Demo 13
SCED-50594,Official PlayStation 2 Magazine Demo 13
SCED-50610,Official PlayStation 2 Magazine Demo 14
SCED-50614,Jak and Daxter: The Precursor Legacy
SCED-50615,Official Demo Disc 1: Retail Edition November 01
SCED-50621,Jak and Daxter: The Precursor Legacy DVD
SCED-50622,Official PlayStation 2 Magazine Demo 14
SCED-50633,Gravity Sucks
SCED-50642,Final Fantasy X
SCED-50660,Dropship: United Peace Force
SCED-50675,Official PlayStation 2 Magazine Demo 16
SCED-50685,Official PlayStation 2 Magazine Demo 15
SCED-50697,Official PlayStation 2 Magazine Demo 17
SCED-50698,Official PlayStation 2 Magazine Demo 18
SCED-50699,Official PlayStation 2 Magazine Demo 20
SCED-50700,Official PlayStation 2 Magazine Demo 21
SCED-50701,Official PlayStation 2 Magazine Demo 22
SCED-50708,Official PlayStation 2 Magazine Demo 15
SCED-50732,Official Demo Disc Retail Edition February 02
SCED-50733,Play: Jan / Feb 2002
SCED-50734,PS2 Bonus Demo Jan 2002
SCED-50736,Official PlayStation 2 Magazine Demo 16
SCED-50742,Official PlayStation 2 Magazine Demo 21
SCED-50743,Official PlayStation 2 Magazine Demo 20
SCED-50744,Official PlayStation 2 Magazine Demo 22
SCED-50745,Official PlayStation 2 Magazine Demo 23
SCED-50746,Official PlayStation 2 Magazine Demo 24
SCED-50747,Official PlayStation 2 Magazine Demo 25
SCED-50748,Official PlayStation 2 Magazine Demo 26
SCED-50749,Official PlayStation 2 Magazine Demo 27
SCED-50750,Official PlayStation 2 Magazine Demo 28
SCED-50761,Sega³ Demo
SCED-50768,WipEout Fusion
SCED-50780,Official PlayStation 2 Magazine Germany Special Edition 1
SCED-50783,Official PlayStation 2 Magazine-UK Greatest Hits Volume 6: Special Edition: Awards 2002
SCED-50784,Official PlayStation 2 Magazine-UK Greatest Hits Volume 5: Special Edition: Action Heroes
SCED-50785,Official PlayStation 2 Magazine-UK Greatest Hits Volume 7: Special Edition: Sports Games
SCED-50786,Official PlayStation 2 Magazine-UK Greatest Hits Volume 8: Special Edition: Racing Games
SCED-50811,Selector Demo 01
SCED-50825,Official PlayStation 2 Magazine Demo 18
SCED-50844,Ico
SCED-50916,Ratchet & Clank
SCED-50932,Smash Court Tennis: Pro Tournament
SCED-50945,Official PlayStation 2 Magazine Demo 20
SCED-50989,Official PlayStation 2 Magazine Demo 21
SCED-50990,Frequency
SCED-51016,Official PlayStation 2 Magazine Demo 22/23
SCED-51075,Ratchet & Clank
SCED-51111,Magazine Ufficiale PlayStation 2 Demo Italia 08/02
SCED-51120,Tekken 4
SCED-51140,PS2 Bonus Demo 03
SCED-51146,Selector Demo 03
SCED-51147,Official PlayStation 2 Magazine Demo 24
SCED-51148,PlayStation Experience
SCED-51161,Das Offizielle PlayStation 2 Magazin: Special Edition 2
SCED-51163,Official PlayStation 2 Magazine Demo 23
SCED-51165,This Is Football 2003
SCED-51166,Le Monde des Bleus 2003: Un Nouveau Défi
SCED-51173,Magazine Ufficiale PlayStation 2 Demo Italia 09/02
SCED-51185,Official PlayStation 2 Magazine Demo 24
SCED-51187,SCEE Catalogue Video
SCED-51262,Official PlayStation 2 Magazine Demo 25
SCED-51269,Selector Demo 04
SCED-51278,SCEE Catalogue Video 3+
SCED-51279,Official PlayStation 2 Magazine Demo 25
SCED-51280,Official PlayStation 2 Magazine-UK Greatest Hits Volume 9: Special Edition: Buyers Guide
SCED-51304,WRC II Extreme: Peugeot Special Demo
SCED-51305,WRC II Extreme: Special Demo
SCED-51314,Kingdom Hearts
SCED-51319,Official PlayStation 2 Magazine Demo 27
SCED-51321,Official PlayStation 2 Magazine Demo 26
SCED-51351,The Getaway
SCED-51352,Gran Turismo: Nissan Micra Edition
SCED-51359,Official PlayStation 2 Magazine Demo 27
SCED-51366,Ape Escape 2
SCED-51375,Germany Special Issue 3
SCED-51376,Official PlayStation 2 Magazine Demo 28
SCED-51384,Official PlayStation 2 Magazine Demo 29
SCED-51389,Best PS2 Games Ever 10
SCED-51405,Space Channel 5: Part 2 Special Demo
SCED-51406,The Mark of Kri
SCED-51411,Magazine Ufficiale PlayStation 2 Italia 02/03
SCED-51432,Official PlayStation 2 Magazine Demo 29
SCED-51440,Official PlayStation 2 Magazine Demo 29
SCED-51444,Official PlayStation 2 Magazine-UK: Crime Special
SCED-51452,Sly Raccoon
SCED-51454,Tango: Game On Demo Disc 1
SCED-51457,Official PlayStation 2 Magazine Demo 30
SCED-51483,Official PlayStation 2 Magazine Demo 30
SCED-51484,Primal
SCED-51485,Official PlayStation 2 Magazine Demo 30
SCED-51486,Bonus Demo 4
SCED-51489,Official PlayStation 2 Magazine Demo 30
SCED-51491,Primal + The Mark of Kri
SCED-51505,Official PlayStation 2 Magazine-UK Special Edition 11: The World's Best PS2 Games Ever
SCED-51506,Primal + The Mark of Kri + War of the Monsters
SCED-51512,Official PlayStation 2 Magazine Germany Special Edition 2003/01
SCED-51529,Official PlayStation 2 Magazine Demo 31
SCED-51530,Official PlayStation 2 Magazine Demo 32
SCED-51531,Official PlayStation 2 Magazine Demo 33
SCED-51532,Official PlayStation 2 Magazine Demo 34
SCED-51533,Official PlayStation 2 Magazine Demo 35
SCED-51534,Official PlayStation 2 Magazine Demo 36
SCED-51535,Official PlayStation 2 Magazine Demo 40
SCED-51536,Official PlayStation 2 Magazine Demo 41
SCED-51537,Official PlayStation 2 Magazine Demo 37
SCED-51538,Official PlayStation 2 Magazine Demo 38
SCED-51539,Official PlayStation 2 Magazine Demo 42
SCED-51540,Official PlayStation 2 Magazine Demo 39
SCED-51541,Official PlayStation 2 Magazine-UK Special Edition 12: PlayStation 2 Blockbusters!
SCED-51542,Official PlayStation 2 Magazine-UK Special Edition 13: Girls! Motors! Guns! War! Monsters!
SCED-51543,Official PlayStation 2 Magazine-UK Special Edition 14: The Hit Squad
SCED-51544,Official PlayStation 2 Magazine-UK Special Edition 15: Summer Blockbusters!
SCED-51545,Official PlayStation 2 Magazine-UK Special Edition 16: Buyers Guide
SCED-51546,Official PlayStation 2 Magazine-UK Special Edition 17: The Best Games of 2003!
SCED-51549,Official PlayStation 2 Magazine Germany Special Edition 2003/02
SCED-51551,Official PlayStation 2 Magazine Germany Special Edition 2003/03
SCED-51552,Official PlayStation 2 Magazine Demo 30
SCED-51556,Official PlayStation 2 Magazine Demo 31
SCED-51558,Official PlayStation 2 Magazine Demo 32
SCED-51559,Official PlayStation 2 Magazine Demo 33
SCED-51560,Official PlayStation 2 Magazine Demo 34
SCED-51561,Official PlayStation 2 Magazine Demo 35
SCED-51563,Official PlayStation 2 Magazine Demo 37
SCED-51565,Official PlayStation 2 Magazine Demo 40
SCED-51566,Official PlayStation 2 Magazine Demo 31
SCED-51567,Official PlayStation 2 Magazine Demo 32
SCED-51568,Official PlayStation 2 Magazine Demo 33
SCED-51569,Official PlayStation 2 Magazine Demo 34
SCED-51570,Official PlayStation 2 Magazine Demo 35
SCED-51571,Official PlayStation 2 Magazine Demo 36
SCED-51572,Official PlayStation 2 Magazine Demo 37
SCED-51573,Official PlayStation 2 Magazine Demo 38
SCED-51575,Official PlayStation 2 Magazine Demo 40
SCED-51591,PlayStation 2 Official Demo Disc Edition Pour Revendeurs #5
SCED-51596,Selector Demo 06
SCED-51597,Selector Demo 7
SCED-51598,Selector Demo 08
SCED-51601,Shinobi
SCED-51632,WRC II Extreme: Special Demo
SCED-51643,Tango: Game On Demo Disc 2
SCED-51644,Tango: Game On Demo Disc 3
SCED-51652,Magazine Ufficiale PlayStation 2 Demo Italia 04/03
SCED-51656,Official PlayStation 2 Magazine Demo 32
SCED-51657,PlayStation 2 Revista Oficial: Portugal 9
SCED-51669,MotoGP 3
SCED-51677,My Street
SCED-51683,Selector Demo 05
SCED-51692,SOCOM: U.S. Navy SEALs
SCED-51700,Jak II: Renegade
SCED-51728,EverQuest: Online Adventures
SCED-51752,Magazine Ufficiale PlayStation 2 Demo Italia 06/03
SCED-51760,Official PlayStation 2 Magazine Demo 34
SCED-51779,EyeToy: Play
SCED-51836,Magazine Ufficiale PlayStation 2 Demo Italia 07/03
SCED-51880,Magazine Ufficiale PlayStation 2 Demo Italia 08/03
SCED-51894,Magazine Ufficiale PlayStation 2 Demo Italia 09/03
SCED-51899,PlayStation Experience
SCED-51905,Amplitude
SCED-51922,Ghosthunter
SCED-51935,Official PlayStation 2 Magazine Demo 38
SCED-51936,Das Offizielle PlayStation 2 Magazin 12/2003
SCED-51938,PlayStation Experience
SCED-51940,Bonus Demo 5
SCED-51941,Bonus Demo 5
SCED-52037,Official PlayStation 2 Magazine Demo 39
SCED-52049,Dog's Life
SCED-52051,Official PlayStation 2 Magazine Demo 43
SCED-52052,Official PlayStation 2 Magazine Demo 44
SCED-52053,Official PlayStation 2 Magazine Demo 40
SCED-52054,Official PlayStation 2 Magazine Demo 40
SCED-52057,Magazine Ufficiale PlayStation 2 Italia 12/03
SCED-52068,Official PlayStation 2 Magazine Demo 41
SCED-52069,Official PlayStation 2 Magazine Demo 42
SCED-52076,Official PlayStation 2 Magazine Demo 49
SCED-52080,Official PlayStation 2 Magazine Demo 53
SCED-52081,Official PlayStation 2 Magazine Demo 41
SCED-52082,Das Offizielle PlayStation 2 Magazin 02/2004: Uncut Edition
SCED-52083,Official PlayStation 2 Magazine Demo 43
SCED-52085,Official PlayStation 2 Magazine Demo 45
SCED-52087,Official PlayStation 2 Magazine Demo 47
SCED-52088,Official PlayStation 2 Magazine Demo 48
SCED-52089,Das Offizielle PlayStation 2 Magazin 09/2004
SCED-52090,Official PlayStation 2 Magazine Demo 50
SCED-52091,Official PlayStation 2 Magazine Demo 51
SCED-52092,Official PlayStation 2 Magazine Demo 52
SCED-52094,G-Con 2 Competition Demo
SCED-52098,Destruction Derby Arenas
SCED-52119,Official PlayStation 2 Magazine Germany Special Edition 01/2004
SCED-52120,Official PlayStation 2 Magazine Demo 55
SCED-52141,WRC 3: The Official Game of the FIA World Rally Championship
SCED-52147,EyeToy: Christmas Wishi Washi
SCED-52158,Official PlayStation 2 Magazine Demo 41
SCED-52160,Official PlayStation 2 Magazine Demo 45
SCED-52161,Official PlayStation 2 Magazine Demo 46
SCED-52162,Official PlayStation 2 Magazine Demo 47
SCED-52163,Official PlayStation 2 Magazine Demo 48
SCED-52164,Official PlayStation 2 Magazine Demo 49
SCED-52165,Official PlayStation 2 Magazine Demo 50
SCED-52166,Official PlayStation 2 Magazine Demo 51
SCED-52167,Official PlayStation 2 Magazine Demo 52
SCED-52168,Official PlayStation 2 Magazine Demo 53
SCED-52169,Official PlayStation 2 Magazine Demo 54
SCED-52170,Official PlayStation 2 Magazine Demo 55
SCED-52177,Official PlayStation 2 Magazine Demo 41
SCED-52183,Magazine Ufficiale PlayStation 2 Platinum Speciale 2003
SCED-52185,Official PlayStation 2 Magazine Demo 41
SCED-52186,Magazine Ufficiale PlayStation 2 Italia 01/04 Demo
SCED-52193,Official PlayStation 2 Magazine-UK Special Edition 18: Hot 100
SCED-52194,Official PlayStation 2 Magazine-UK Special Edition 19: 2004 Classics Hitlist
SCED-52196,Official PlayStation 2 Magazine-UK Special Edition 20: It's Here!
SCED-52225,PlayStation 2 Christmas Special 2003
SCED-52260,Forbidden Siren
SCED-52261,Jet Li: Rise to Honour
SCED-52270,Official PlayStation 2 Magazine Demo 42
SCED-52271,Official PlayStation 2 Magazine Demo 42
SCED-52272,Magazine Ufficiale PlayStation 2 Italia Demo 02/04
SCED-52273,Official PlayStation 2 Magazine Demo 42
SCED-52311,I-Ninja
SCED-52354,Official PlayStation 2 Magazine Demo 43
SCED-52355,Military Multi Demo
SCED-52377,Official PlayStation 2 Magazine Demo 44
SCED-52390,Bonus Demo 6
SCED-52391,Bonus Demo 6
SCED-52423,Smash Court Tennis: Pro Tournament 2
SCED-52436,Bonus Demo 7 (6/7)
SCED-52442,Official PlayStation 2 Magazine Demo 45
SCED-52443,Magazine Ufficiale PlayStation 2 Italia 05/04
SCED-52452,Official PlayStation 2 Magazine Demo 45
SCED-52455,Gran Turismo Special Edition 2004 Geneva Version
SCED-52461,SingStar
SCED-52491,Athens 2004
SCED-52497,This Is Football 2004
SCED-52549,Official PlayStation 2 Magazine Demo 47
SCED-52578,Gran Turismo 4 (BMW 1 Series Virtual Drive Dealership)
SCED-52580,Magazine Ufficiale PlayStation 2 Italia 06/04
SCED-52618,Smash Court Tennis: Pro Tournament 2
SCED-52619,Official PlayStation 2 Magazine Demo 48
SCED-52681,Gran Turismo 4 (BMW 1 Series Virtual Drive)
SCED-52687,Formula One 04
SCED-52723,DJ: Decks & FX
SCED-52728,Official PlayStation 2 Magazine Demo 49
SCED-52759,Killzone
SCED-52785,Official PlayStation 2 Magazine Demo 50
SCED-52786,Official PlayStation 2 Magazine Demo 51
SCED-52795,Magazine Ufficiale PlayStation 2 Speciale di Corso
SCED-52796,Official PlayStation 2 Magazine Demo 50
SCED-52818,EyeToy: Chat Light
SCED-52841,Jackie Chan Adventures
SCED-52846,Killzone
SCED-52847,Ratchet & Clank 3
SCED-52848,Ratchet & Clank 3 + Sly 2: Band of Thieves
SCED-52855,Magazine Ufficiale PlayStation 2 Italia 09/04
SCED-52869,WRC 4: The Official Game of the FIA World Rally Championship
SCED-52880,WRC 4: The Official Game of the FIA World Rally Championship
SCED-52899,Killzone (Bonus Disc)
SCED-52932,Bonus Demo 8 (Old)
SCED-52933,Bonus Demo 8 (You)
SCED-52935,SingStar Party
SCED-52938,Official PlayStation 2 Magazine Demo 52
SCED-52945,WRC 4: The Official Game of the FIA World Rally Championship (Ford Fiesta Sports Edition Demo)
SCED-52946,The Getaway: Black Monday
SCED-52952,Jak 3
SCED-52969,EyeToy: Play 2
SCED-52970,SCEE Hits Demo
SCED-52981,Magazine Ufficiale PlayStation 2 Italia 11/04
SCED-52990,Official PlayStation 2 Magazine Demo 53
SCED-52991,Official PlayStation 2 Magazine Demo 53
SCED-52996,Official PlayStation 2 Magazine Spécial Noël 2004
SCED-52997,Official PlayStation 2 Magazine Sonderausgabe 2004/3
SCED-53018,Bonus Demo 8 (Geu)
SCED-53043,Magazine Ufficiale PlayStation 2 Speciale Platinum Italia
SCED-53056,Official PlayStation 2 Magazine Demo 54
SCED-53067,Official PlayStation 2 Magazine Demo 54
SCED-53068,Official PlayStation 2 Magazine Demo 54
SCED-53070,Magazine Ufficiale PlayStation 2 Demo 2005/01 Ita
SCED-53081,Ace Combat: Squadron Leader
SCED-53115,Ace Combat: Squadron Leader
SCED-53116,Bonus Demo 9 (You)
SCED-53117,Bonus Demo 9 (Old)
SCED-53122,Official PlayStation 2 Magazine Demo 56
SCED-53123,Official PlayStation 2 Magazine Demo 55
SCED-53132,Official PlayStation 2 Magazine Demo 56
SCED-53159,Official PlayStation 2 Magazine Demo 57
SCED-53160,Official PlayStation 2 Magazine Demo 57
SCED-53161,Official PlayStation 2 Magazine Demo 58
SCED-53162,Official PlayStation 2 Magazine Demo 59
SCED-53163,Official PlayStation 2 Magazine Demo 60
SCED-53164,Official PlayStation 2 Magazine Demo 61
SCED-53165,Official PlayStation 2 Magazine Demo 62
SCED-53166,Official PlayStation 2 Magazine Demo 63
SCED-53167,Official PlayStation 2 Magazine Demo 64
SCED-53168,Official PlayStation 2 Magazine Demo 65
SCED-53169,Official PlayStation 2 Magazine Demo 66
SCED-53170,Official PlayStation 2 Magazine Demo 67
SCED-53171,Official PlayStation 2 Magazine Demo 68
SCED-53176,Official PlayStation 2 Magazine Demo 56
SCED-53177,EyeToy Special Demo
SCED-53206,Official PlayStation 2 Magazine Demo 58
SCED-53207,Official PlayStation 2 Magazine Demo 59
SCED-53208,Official PlayStation 2 Magazine Demo 60
SCED-53209,Official PlayStation 2 Magazine Demo 61
SCED-53210,Official PlayStation 2 Magazine Demo 62
SCED-53211,Official PlayStation 2 Magazine Demo 63
SCED-53212,Official PlayStation 2 Magazine Demo 64
SCED-53213,Official PlayStation 2 Magazine Demo 65
SCED-53214,Official PlayStation 2 Magazine Demo 66
SCED-53215,Official PlayStation 2 Magazine Demo 67
SCED-53216,Official PlayStation 2 Magazine Demo 68
SCED-53217,Official PlayStation 2 Magazine Demo 69
SCED-53228,Official PlayStation 2 Magazine Demo 57
SCED-53288,Official PlayStation 2 Magazine Demo 58
SCED-53289,Official PlayStation 2 Magazine Demo 59
SCED-53290,Official PlayStation 2 Magazine Demo 60
SCED-53291,Official PlayStation 2 Magazine Demo 61
SCED-53292,Official PlayStation 2 Magazine Demo 62
SCED-53293,Official PlayStation 2 Magazine Demo 63
SCED-53294,Magazine Ufficiale PlayStation 2 Italia 10/2005: Italian Demo
SCED-53298,Official PlayStation 2 Magazine Germany Special Edition 2005/01
SCED-53316,SingStar Pop
SCED-53325,Official PlayStation 2 Magazine Demo 58
SCED-53348,Official PlayStation 2 Magazine Demo 58
SCED-53349,Roland Garros Virtual Tour
SCED-53431,God of War
SCED-53447,Formula One 05
SCED-53448,Formula One 05
SCED-53513,Bonus Demo 10 (You)
SCED-53514,Bonus Demo 10 (Old)
SCED-53515,Bonus Demo 10
SCED-53516,Magazine Ufficiale PlayStation 2 Italian Demo 61 07/05
SCED-53522,EyeToy: Kinetic
SCED-53538,Tekken 5
SCED-53611,Official PlayStation 2 Magazine: German Kids Special
SCED-53613,EyeToy: Play 3 + SpyToy
SCED-53622,24: The Game
SCED-53660,Jak X & Ratchet: Gladiator
SCED-53662,Official PlayStation 2 Magazine Germany Special 2/2005
SCED-53674,Soulcalibur III
SCED-53679,Fire It Up Lads
SCED-53684,SingStar '80s
SCED-53733,Genji Special Demo
SCED-53792,EyeToy: Antigrav + SpyToy Demo
SCED-53798,Ufficiale PlayStation 2 Italia Kids Special 2005 Demo
SCED-53802,Sly 3: Honour Among Thieves
SCED-53854,Official PlayStation 2 Magazine French Christmas Special Demo
SCED-53905,Magazine Ufficiale PlayStation 2 Special Sports Demo
SCED-53916,Official PlayStation 2 Magazine Demo 67
SCED-53932,Official PlayStation 2 Magazine Demo 67
SCED-53933,Magazine Ufficiale PlayStation 2 Demo Italia 01/2006
SCED-53938,Official PlayStation 2 Magazine Germany Special 3/2005
SCED-53939,Official PlayStation 2 Magazine Demo 67
SCED-53946,Ufficiale PlayStation 2 Special Platinum 2006
SCED-53947,Magazine Ufficiale PlayStation 2 Italia Demo Speciale Horror
SCED-53962,Shadow of the Colossus
SCED-53978,Official PlayStation 2 Magazine Demo 69
SCED-53990,Shadow of the Colossus + Ico
SCED-54001,Official PlayStation 2 Magazine Demo 69
SCED-54024,Official PlayStation 2 Magazine Demo 70
SCED-54036,Official PlayStation 2 Magazine Demo 69 & 70
SCED-54037,Official PlayStation 2 Magazine Demo 70
SCED-54043,Official PlayStation 2 Magazine Demo 71
SCED-54044,Official PlayStation 2 Magazine Demo 72
SCED-54045,Official PlayStation 2 Magazine Demo 73
SCED-54046,Official PlayStation 2 Magazine Demo 74
SCED-54047,Official PlayStation 2 Magazine Demo 75
SCED-54048,Official PlayStation 2 Magazine Demo 76
SCED-54049,Official PlayStation 2 Magazine Demo 77
SCED-54050,Official PlayStation 2 Magazine Demo 71
SCED-54051,Official PlayStation 2 Magazine Demo 72
SCED-54052,Official PlayStation 2 Magazine Demo 73
SCED-54053,Official PlayStation 2 Magazine Demo 74
SCED-54054,Official PlayStation 2 Magazine Demo 75
SCED-54055,Official PlayStation 2 Magazine Demo 76
SCED-54056,Official PlayStation 2 Magazine Demo 77
SCED-54057,Official PlayStation 2 Magazine Demo 78
SCED-54058,Official PlayStation 2 Magazine Demo 79
SCED-54059,Official PlayStation 2 Magazine Demo 80
SCED-54069,Magazine Ufficiale PlayStation 2 Demo Italia Special Racing
SCED-54070,Official PlayStation 2 Magazine Demo 71
SCED-54079,Official PlayStation 2 Magazine Demo 71
SCED-54088,Roland Garros Virtual Tour '06
SCED-54090,Magazine Ufficiale PlayStation 2 Demo Italia 03/2006
SCED-54099,Official PlayStation 2 Magazine Demo 71
SCED-54101,Bonus Demo 11 (You)
SCED-54102,Bonus Demo 11m
SCED-54105,Retail Demo 11
SCED-54134,EyeToy: Play Sports
SCED-54144,Official PlayStation 2 Magazine Demo 72
SCED-54149,Magazine Ufficiale PlayStation 2 Italia 04/2006
SCED-54176,Official PlayStation 2 Magazine Demo 73
SCED-54180,Magazine Ufficiale PlayStation 2 Demo Italia 05/2006
SCED-54192,AFL Premiership 2006
SCED-54202,Official PlayStation 2 Magazine Demo 74
SCED-54207,Formula One 06
SCED-54208,Magazine Ufficiale PlayStation 2 Italia 06/2006
SCED-54238,Buzz! The Sports Quiz
SCED-54314,Magazine Ufficiale PlayStation 2 Demo Italia 07-2006
SCED-54338,Bonus Demo 11
SCED-54345,Buzz! Junior: Jungle Party
SCED-54363,Buzz! The Sports Quiz
SCED-54397,Bonus Demo 12 (You)
SCED-54398,Bonus Demo 12m
SCED-54399,Bonus Demo 12
SCED-54403,Official PlayStation 2 Magazine Demo 78
SCED-54404,Official PlayStation 2 Magazine Demo 79
SCED-54405,Official PlayStation 2 Magazine Demo 80
SCED-54406,Official PlayStation 2 Magazine Demo 81
SCED-54407,Official PlayStation 2 Magazine Demo 82
SCED-54408,Official PlayStation 2 Magazine Demo 83
SCED-54409,Official PlayStation 2 Magazine Demo 84
SCED-54410,Official PlayStation 2 Magazine Demo 85
SCED-54411,Official PlayStation 2 Magazine Demo 86
SCED-54412,Official PlayStation 2 Magazine Demo 87
SCED-54413,Official PlayStation 2 Magazine Demo 88
SCED-54414,Official PlayStation 2 Magazine Demo 89
SCED-54415,Official PlayStation 2 Magazine Demo 90
SCED-54416,Official PlayStation 2 Magazine Demo 91
SCED-54417,Official PlayStation 2 Magazine Demo 92
SCED-54418,Official PlayStation 2 Magazine Demo 93
SCED-54480,Official PlayStation 2 Magazine Demo 78
SCED-54481,Official PlayStation 2 Magazine Demo 79
SCED-54495,EyeToy: Kinetic Combat
SCED-54523,Magazine Ufficiale PlayStation 2 Italia Speciale Kids
SCED-54543,Magazine Ufficiale PlayStation 2 Demo Special Cinema
SCED-54558,Official PlayStation 2 Magazine Germany Winter 2006
SCED-54567,Official PlayStation 2 Magazine Demo 80
SCED-54602,Magazine Ufficiale PlayStation 2 Italia Speciale Wrestling
SCED-54603,Official PlayStation 2 Magazine Demo 81
SCED-54605,Official PlayStation 2 Magazine Demo 81
SCED-54640,PlayStation 2 Magazine Ufficiale Italia Presenta: Speciale Sport
SCED-54642,Official PlayStation 2 Magazine Demo 82
SCED-54680,God of War II
SCED-54682,Ufficiale PlayStation 2 Speciale Platinum 2007
SCED-54692,Official PlayStation 2 Magazine Demo 83
SCED-54693,Official PlayStation 2 Magazine Germany Special Edition 2007-1
SCED-54730,Ufficiale PlayStation 2 Speciale Racing 2007
SCED-54758,Official PlayStation 2 Magazine Demo 84
SCED-54808,Buzz! Junior: RoboJam + Buzz! Junior: Jungle Party
SCED-55113,Official PlayStation 2 Magazine Demo 94
SCED-55114,Official PlayStation 2 Magazine Demo 95
SCED-55115,Official PlayStation 2 Magazine Demo 96
SCED-55116,Official PlayStation 2 Magazine Demo 97
SCED-55117,Official PlayStation 2 Magazine Demo 98
SCED-55118,Official PlayStation 2 Magazine Demo 99
SCED-55119,Official PlayStation 2 Magazine Demo 100
SCED-55120,Official PlayStation 2 Magazine Demo 101
SCED-55432,Buzz! Junior: Ace Racers
SCES-00942,Secret Agent Clank
SCES-50000,Ridge Racer V
SCES-50001,Tekken Tag Tournament
SCES-50002,Fantavision
SCES-50003,Dead or Alive 2
SCES-50004,Formula One 2001
SCES-50005,WipEout Fusion
SCES-50006,Drakan: The Ancients' Gates
SCES-50034,MotoGP
SCES-50105,Sky Odyssey
SCES-50139,WRC: World Rally Championship
SCES-50240,Extermination
SCES-50241,The Bouncer
SCES-50244,This Is Football 2002
SCES-50245,Le Monde des Bleus 2002
SCES-50246,AirBlade
SCES-50293,ATV Offroad: All Terrain Vehicle
SCES-50294,Gran Turismo 3: A-Spec
SCES-50295,Dark Cloud
SCES-50296,Dark Cloud (Promo)
SCES-50300,Time Crisis II
SCES-50354,Klonoa 2: Lunatea's Veil
SCES-50360,Twisted Metal: Black
SCES-50361,Jak and Daxter: The Precursor Legacy
SCES-50408,PaRappa the Rapper 2
SCES-50409,MotoGP 2
SCES-50410,Ace Combat: Distant Thunder
SCES-50411,Vampire Night
SCES-50459,Dropship: United Peace Force
SCES-50490,Final Fantasy X
SCES-50491,Final Fantasy X
SCES-50492,Final Fantasy X
SCES-50493,Final Fantasy X
SCES-50494,Final Fantasy X
SCES-50499,Ecco the Dolphin: Defender of the Future
SCES-50500,Headhunter
SCES-50501,Rez
SCES-50522,Disney's Peter Pan: The Legend of Never-Land
SCES-50526,Disney's Peter Pan: The Legend of Never Land
SCES-50531,Disney's Peter Pan: The Legend of Never Land
SCES-50558,DSF Fuball Manager 2002
SCES-50595,"Disney/Pixar Monsters, Inc.: Scare Island"
SCES-50596,"Disney/Pixar Monsters, Inc.: Skræmmeøen"
SCES-50597,Disney's Pixar: Monsters en Co.: Schrik Eiland
SCES-50598,Disney's Pixar: Monsterit Oy: Sikkysaari
SCES-50599,Disney's Pixar: Monstres & Cie.: L'ile de l'pouvante
SCES-50600,Disney/Pixar Die Monster AG: Schreckens-Insel
SCES-50601,Disney/Pixar Monsters & Co.: L'Isola dello Spavento
SCES-50602,Disney/Pixar Monsterbedriften: Skrekkøya
SCES-50603,"Disney/Pixar Monstruos, S.A.: Isla de los Sustos"
SCES-50604,"Disney/Pixar Monsters, Inc.: Skrämmarön"
SCES-50605,"Disney/Pixar Monsters, Inc.: Monstros e Companhia: Ilha Assustadora"
SCES-50611,Space Channel 5
SCES-50612,Space Channel 5 Part 2
SCES-50759,Virtua Fighter 4
SCES-50760,Ico
SCES-50781,Destruction Derby Arenas
SCES-50791,Frequency
SCES-50810,Smash Court Tennis: Pro Tournament
SCES-50858,Gran Turismo Concept: 2002 Tokyo-Geneva
SCES-50878,Tekken 4
SCES-50885,Ape Escape 2
SCES-50887,Alpine Racer 3
SCES-50888,Pac-Man World 2
SCES-50889,Ninja Assault
SCES-50897,Super Trucks [DE][FR][UK]
SCES-50916,Ratchet & Clank
SCES-50917,Sly Raccoon
SCES-50928,SOCOM: U.S. Navy SEALs
SCES-50933,EJay Clubworld: The Music Making Experience
SCES-50934,WRC II Extreme
SCES-50935,WRC II: EXTREME
SCES-50956,Ferrari F355 Challenge
SCES-50957,Disney Stitch: Esperimento 626 (Disney Interactive)
SCES-50959,Disney's Stitch: Experiment 626
SCES-50960,Disney Stitch: Expérience 626 (SCES-50960)
SCES-50966,Disney's Stitch: Experiment 626
SCES-50967,Kingdom Hearts
SCES-50968,Kingdom Hearts
SCES-50969,Kingdom Hearts
SCES-50970,Kingdom Hearts
SCES-50971,Kingdom Hearts
SCES-50982,MotoGP 3
SCES-50987,Donkey Kong Country 5
SCES-51003,Network Access Disc
SCES-51004,Formula 1 2002
SCES-51039,This Is Football 2003
SCES-51040,Le Monde des Bleus 2003: Un Nouveau Défi
SCES-51041,This Is Football 2003
SCES-51102,Ape Escape 2
SCES-51103,Ape Escape 2
SCES-51104,Ape Escape 2
SCES-51105,Ape Escape 2
SCES-51135,Primal
SCES-51159,The Getaway
SCES-51164,The Mark of Kri
SCES-51176,Disney's Treasure Planet
SCES-51177,Disneyn Aarreplaneetta
SCES-51179,This Is Football 2003
SCES-51190,Dark Chronicle
SCES-51224,War of the Monsters
SCES-51248,Dog's Life
SCES-51384,SingStar Norske Hits
SCES-51407,Exclusive PlayStation 2 Summer Sample Disc
SCES-51426,The Getaway
SCES-51428,Shinobi
SCES-51463,Ghosthunter
SCES-51480,Twisted Metal: Black Online
SCES-51513,EyeToy: Play
SCES-51578,Network Access Disc
SCES-51592,Formula One 2003
SCES-51593,Hardware: Online Arena
SCES-51607,Ratchet & Clank 2
SCES-51608,Jak II: Renegade
SCES-51610,This Is Football 2004
SCES-51611,This Is Football 2004
SCES-51612,This Is Football 2004
SCES-51613,This is Football 2004
SCES-51614,LMB Nouvelle Generation
SCES-51618,SOCOM: U.S. Navy SEALs
SCES-51635,Brave: The Search for Spirit Dancer
SCES-51648,EverQuest: Online Adventures
SCES-51677,My Street
SCES-51684,WRC 3: The Official Game of the FIA World Rally Championship
SCES-51685,Primal
SCES-51706,Amplitude
SCES-51719,Gran Turismo 4
SCES-51725,EverQuest: Online Adventures
SCES-51844,Time Crisis 3
SCES-51895,EyeToy: Groove
SCES-51904,SOCOM II: U.S. Navy SEALs
SCES-51910,Arc: Twilight of the Spirits
SCES-51920,Forbidden Siren
SCES-51971,Jet Li: Rise to Honour
SCES-51977,Hardware: Online Arena
SCES-51979,Destruction Derby Arenas
SCES-52004,Killzone
SCES-52033,Syphon Filter: The Omega Strain
SCES-52042,Formula One 04
SCES-52099,I-Ninja
SCES-52124,kill.switch
SCES-52137,WRC 3: The Official Game of the FIA World Rally Championship
SCES-52154,EyeToy: Chat
SCES-52156,Ghosthunter
SCES-52268,SingStar
SCES-52299,SingStar
SCES-52306,SOCOM II: U.S. Navy SEALs
SCES-52327,Forbidden Siren
SCES-52328,Forbidden Siren
SCES-52329,Forbidden Siren
SCES-52330,Forbidden Siren
SCES-52389,WRC 4: The Official Game of the FIA World Rally Championship
SCES-52405,DJ: Decks & FX: House Edition
SCES-52410,Athens 2004
SCES-52411,Athens 2004
SCES-52412,Jackie Chan Adventures
SCES-52423,Smash Court Tennis: Pro Tournament 2
SCES-52424,Ace Combat: Squadron Leader
SCES-52425,This is Football 2005
SCES-52426,This Is Football 2005
SCES-52427,This Is Football 2005
SCES-52429,This is Football 2005 [DK][FI][NO][SE]
SCES-52430,Le Monde des Bleus 2005
SCES-52431,This Is Soccer 2005
SCES-52432,This Is Football 2005
SCES-52438,Gran Turismo 4: Prologue
SCES-52456,Ratchet & Clank 3
SCES-52460,Jak 3
SCES-52529,Sly 2: Band of Thieves
SCES-52530,Crisis Zone
SCES-52564,SingStar
SCES-52565,Singstar
SCES-52566,SingStar
SCES-52582,Everybody's Golf
SCES-52586,Tekken's Nina Williams in: Death by Degrees
SCES-52677,Network Access Disc
SCES-52684,WRC 3: The Official Game of the FIA World Rally Championship
SCES-52748,EyeToy: Play 2
SCES-52756,DJ: Decks & FX: Claudio Coccoluto Edition
SCES-52758,The Getaway: Black Monday
SCES-52762,DJ: Decks & FX Radio FG
SCES-52763,DJ Decks & FX Vol.1
SCES-52764,DJ: Decks & FX: Live Session
SCES-52826,SingStar Party
SCES-52827,SingStar Party
SCES-52828,SingStar NRJ Music Tour
SCES-52829,SingStar Party
SCES-52830,SingStar Party
SCES-52883,EyeToy: Kinetic
SCES-52892,MotoGP 4
SCES-52893,Killzone
SCES-52930,EyeToy: Monkey Mania
SCES-52936,This is Football 2005
SCES-52948,The Getaway: Black Monday
SCES-53033,Formula One 05
SCES-53053,Tekken's Nina Williams in: Death by Degrees
SCES-53054,Tekken's Nina Williams in: Death by Degrees
SCES-53055,EyeToy: Antigrav
SCES-53113,God of War: Platinum
SCES-53133,God of War
SCES-53178,SingStar Pop
SCES-53179,SingStar Pop
SCES-53180,SingStar: The Dome
SCES-53181,SingStar Radio 105
SCES-53182,SingStar Pop
SCES-53183,SingStar Pop
SCES-53184,SingStar Norske Hits
SCES-53185,SingStar Svenska Hits
SCES-53202,Tekken 5
SCES-53247,WRC: Rally Evolved
SCES-53285,Ratchet: Gladiator
SCES-53286,Jak X
SCES-53300,SOCOM 3: U.S. Navy SEALs
SCES-53304,Buzz! The Music Quiz
SCES-53305,Buzz!: The Music Quiz
SCES-53307,Buzz! The Music Quiz
SCES-53308,Buzz! The Music Quiz
SCES-53310,Roland Garros 2005: Powered by Smash Court Tennis
SCES-53312,Soulcalibur III
SCES-53315,EyeToy: Play 3
SCES-53323,SingStar Popworld
SCES-53326,Shadow of the Colossus
SCES-53328,Genji
SCES-53347,SpyToy
SCES-53358,24: The Game
SCES-53372,Tourist Trophy: The Real Riding Simulator
SCES-53385,Buzz! Brain of Switzerland
SCES-53397,SingStar Pop: World Events Code
SCES-53409,Sly 3: Honour Among Thieves
SCES-53422,Stuart Little 3: Big Photo Adventure
SCES-53449,AFL Premiership 2005
SCES-53450,Gaelic Games: Football
SCES-53485,Car Racing Challenge
SCES-53565,SingStar Pop
SCES-53602,SingStar '80s
SCES-53603,SingStar '80s
SCES-53604,SingStar '80s
SCES-53605,SingStar '80s
SCES-53606,SingStar '80s
SCES-53607,SingStar '80s
SCES-53608,SingStar '80s
SCES-53609,SingStar '80s
SCES-53610,SingStar '80s
SCES-53642,Ape Escape 3
SCES-53663,Buzz!: The Music Quiz
SCES-53669,Buzz!: The Music Quiz
SCES-53680,WRC avec Sébastien Loeb Édition 2005
SCES-53688,Urban Reign
SCES-53795,SingStar '80s
SCES-53851,Forbidden Siren 2
SCES-53879,Buzz! The Big Quiz
SCES-53880,Buzz! The Big Quiz
SCES-53881,Buzz! Le Grand Quiz
SCES-53882,Buzz! Il Superquiz
SCES-53883,Buzz! Das Grove Quiz
SCES-53884,Buzz! El Gran Reto
SCES-53889,SingStar Rocks!
SCES-53890,SingStar Rocks!
SCES-53891,SingStar Rocks! (Bundleversion: nicht zum einzelverkauf)
SCES-53892,SingStar Rocks!
SCES-53893,SingStar Rocks! TMF
SCES-53894,SingStar Rocks!
SCES-53895,SingStar Rocks!
SCES-53896,SingStar Rocks!
SCES-53897,SingStar Rocks!
SCES-53898,SingStar Rocks!
SCES-53915,Space War Attack
SCES-53925,Buzz! The Big Quiz
SCES-53926,Buzz! The Big Quiz
SCES-53927,Buzz! Suuri Tietovisa
SCES-53928,Buzz! The Big Quiz
SCES-53929,Buzz! O Grande Quiz
SCES-53931,Shinobido: Way of the Ninja
SCES-53950,Formula One 06
SCES-53960,B-Boy
SCES-54025,SingStar Rocks! with RTE 2fm
SCES-54041,Ace Combat: The Belkan War
SCES-54068,AFL Premiership 2006
SCES-54071,Buzz! The Big Quiz
SCES-54073,Buzz! The Big Quiz
SCES-54077,SingStar top.it
SCES-54078,SingStar Norsk på Norsk
SCES-54094,EyeToy: Play Sports
SCES-54128,SingStar Deutsch Rock-Pop
SCES-54129,SingStar La Edad de Oro del Pop Español
SCES-54131,SingStar Anthems
SCES-54145,Lemmings
SCES-54148,EyeToy: Kinetic Combat
SCES-54191,SingStar Legends
SCES-54197,SingStar Legends
SCES-54198,Singstar Legends (Bundleversion nicht zum Einzelverkauf) [DE]
SCES-54206,God of War II
SCES-54219,Buzz! Junior: Jungle Party
SCES-54220,Buzz! Junior: Jungle Party
SCES-54257,SingStar Legends
SCES-54258,Buzz! The Sports Quiz
SCES-54259,Buzz!: Das Sport-Quiz
SCES-54260,Buzz! Le Quiz du Sport
SCES-54261,Buzz! The Sports Quiz
SCES-54262,Buzz! El Gran Concurso de Deportes
SCES-54263,Buzz! O Quiz Desportivo
SCES-54264,Buzz!: The Sports Quiz
SCES-54265,Buzz! The Sports Quiz
SCES-54266,Buzz! The Sports Quiz
SCES-54267,Buzz! Sporttivisa
SCES-54268,Buzz! The Sports Quiz
SCES-54269,Buzz! The Sports Quiz
SCES-54325,SingStar Legendat
SCES-54329,SingStar Legends
SCES-54330,SingStar Legends
SCES-54353,SingStar Legends
SCES-54477,SOCOM: U.S. Navy SEALs: Combined Assault
SCES-54494,Buzz! Il Superquiz
SCES-54496,Buzz! The Mega Quiz
SCES-54497,Buzz! Le Méga Quiz
SCES-54498,Buzz! The Mega Quiz
SCES-54499,Buzz! Das Mega-Quiz
SCES-54500,Buzz! El Mega Concurso
SCES-54501,Buzz! The Mega Quiz
SCES-54503,Buzz! Megavisa
SCES-54504,Buzz! O Mega Quiz
SCES-54505,Buzz! The Mega Quiz
SCES-54507,Buzz! The Mega Quiz
SCES-54524,Jungle Party
SCES-54526,The Big! Sports Quiz
SCES-54535,Everybody's Tennis
SCES-54538,EyeToy Play: Astro Zoo
SCES-54552,Rogue Galaxy
SCES-54556,The Big! Mega Quiz
SCES-54570,SingStar Pop Hits
SCES-54571,SingStar Pop Hits
SCES-54572,SingStar Pop Hits: 40 Principales
SCES-54573,SingStar Pop Hits
SCES-54574,SingStar Pop Hits
SCES-54575,SingStar Pop Hits
SCES-54576,SingStar ESKA: Hity na Czasie
SCES-54597,SingStar Rock Ballads
SCES-54598,SingStar Svenska Hits Schlager
SCES-54599,SingStar '90s
SCES-54600,SingStar: Die Toten Hosen
SCES-54601,SingStar Apres-Sky Party
SCES-54604,SingStar Die Toten Hosen
SCES-54613,SingStar Pop Hits
SCES-54625,Buzz! Junior: Monster Rumble
SCES-54637,Gaelic Games: Hurling
SCES-54638,Gaelic Games: Football 2
SCES-54639,AFL Premiership 2007
SCES-54676,Buzz! Junior: RoboJam
SCES-54688,ATV Offroad Fury 4
SCES-54689,Buzz! The Mega Quiz
SCES-54690,Buzz! Mega Quiz
SCES-54701,Buzz! Junior: RoboJam
SCES-54703,Buzz! Junior: Monster Rumble
SCES-54704,Monsterspass
SCES-54741,SingStar: Deutsch Rock-Pop Vol. 2 (large diamond USK rating)
SCES-54748,WipEout Pulse
SCES-54749,Buzz! Junior: Dino Den
SCES-54750,Buzz! Junior: Dino Den
SCES-54760,SingStar R&B
SCES-54761,SingStar R&B
SCES-54762,SingStar R&B
SCES-54764,SingStar Pop Hits 2
SCES-54765,SingStar R&B
SCES-54768,SingStar Latino
SCES-54769,SingStar Latino
SCES-54773,SingStar Pop Hits
SCES-54794,Syphon Filter: Dark Mirror
SCES-54823,SingStar Bollywood
SCES-54844,Buzz! The Hollywood Quiz
SCES-54845,Buzz! Hollywood Quiz [IT]
SCES-54848,Buzz! Hollywood
SCES-54851,Buzz! The Hollywood Quiz
SCES-54852,Buzz! Hollywood Leffavisa
SCES-54854,Buzz! Hollywood Quiz
SCES-54856,Buzz! Hollywood Quiz
SCES-54869,SingStar Italian Party
SCES-54909,SingStar '90s
SCES-54910,SingStar Rock Ballads
SCES-54924,NBA 08
SCES-54941,Buzz! The Schools Quiz
SCES-55019,Ratchet & Clank: Size Matters
SCES-55038,EyeToy Play: Hero
SCES-55056,SingStar Summer Party
SCES-55057,SingStar Summer Party [DE]
SCES-55058,SingStar Summer Party
SCES-55059,SingStar Italian Greatest Hits
SCES-55060,SingStar Summer Party
SCES-55061,SingStar Wakacyjna Impreza!
SCES-55062,SingStar Pop Hits 3
SCES-55077,SingStar Party Hits
SCES-55083,EyeToy Play: PomPom Party
SCES-55093,Buzz! The Pop Quiz
SCES-55094,Buzz! The Pop Quiz
SCES-55095,Buzz! The Pop Quiz
SCES-55096,Buzz! The Pop Quiz
SCES-55097,Buzz! Pop Quiz
SCES-55098,Buzz! The Pop Quiz
SCES-55100,Buzz! The Pop Quiz
SCES-55107,Buzz! Pop Quiz
SCES-55127,SingStar Summer Party
SCES-55128,SingStar Summer Party
SCES-55158,SingStar Pop Hits 4
SCES-55159,SingStar Amped
SCES-55160,SingStar Hottest Hits
SCES-55173,SingStar Operación Triunfo
SCES-55176,SingStar Amped
SCES-55177,SingStar SuomiRock
SCES-55178,SingStar Boy Bands vs Girl Bands
SCES-55179,SingStar Schlager
SCES-55181,SingStar Italian Party 2
SCES-55182,SingStar Clásicos
SCES-55183,SingStar Turkish Party
SCES-55210,Buzz! Junior: Ace Racers
SCES-55211,Buzz! Junior: Ace Racers
SCES-55213,Buzz! Escuela de Talentos
SCES-55241,SingStar Russian Hit
SCES-55255,SingStar Singalong with Disney
SCES-55256,SingStar Canciones Disney
SCES-55257,SingStar: Chansons Magiques de Disney
SCES-55258,SingStar Best of Disney
SCES-55259,SingStar Canções Disney
SCES-55260,SingStar e la Magia Disney
SCES-55261,SingStar Sjung med Disney
SCES-55262,SingStar Syng med Disney
SCES-55360,SingStar Best of Disney English
SCES-55361,SingStar Boy Bands vs Girl Bands
SCES-55362,SingStar Hottest Hits
SCES-55385,Buzz! Brain of the UK
SCES-55386,Buzz! Le Plus Malin des Français
SCES-55387,Buzz! Deutschlands Superquiz
SCES-55388,Buzz! ¿Qué Sabes de tu País?
SCES-55389,Buzz! Il Quizzone Nazionale
SCES-55401,SingStar Zingt met Disney
SCES-55419,Buzz! Brain of Oz
SCES-55420,Buzz! De Slimste van Nederland
SCES-55421,Buzz! Brain of Switzerland
SCES-55423,Buzz! Norgesmester
SCES-55424,Buzz! Brain of the World
SCES-55425,Buzz! Brain of the World
SCES-55433,Disney's Th!nk Fast
SCES-55435,SingStar ABBA
SCES-55436,SingStar ABBA
SCES-55437,SingStar ABBA
SCES-55438,SingStar ABBA
SCES-55439,SingStar ABBA
SCES-55453,SingStar Queen
SCES-55454,SingStar Queen
SCES-55455,SingStar Queen
SCES-55464,Hanuman: Boy Warrior
SCES-55478,SingStar Afrikaanse Treffers
SCES-55485,SingStar Queen
SCES-55489,SingStar Mallorca Party
SCES-55496,Secret Agent Clank
SCES-55497,Medical and Engineering Joint Entrance Quiz
SCES-55510,Jak and Daxter: The Lost Frontier
SCES-55513,SingStar Polskie Hity
SCES-55514,SingStar Studio 100
SCES-55515,SingStar Morangos com Açúcar
SCES-55521,SingStar SuomiPop
SCES-55527,SingStar Pop 2009
SCES-55529,Germany's Next Topmodel
SCES-55535,Desi Adda: Games of India
SCES-55538,SingStar
SCES-55540,SingStar Mecano
SCES-55549,SingStar Motown
SCES-55551,SingStar Motown
SCES-55552,SingStar Motown
SCES-55553,SingStar Motown
SCES-55554,SingStar Take That
SCES-55557,SingStar Take That
SCES-55564,SingStar Made in Germany
SCES-55566,SingStar Miliki
SCES-55567,SingStar The Wiggles
SCES-55568,SingStar Svenska Stjärnor
SCES-55570,SingStar Chartbreaker
SCES-55571,Ghostbusters: The Video Game
SCES-55573,MotorStorm: Arctic Edge
SCES-55590,SingStar Store Drømme
SCES-55591,Street Cricket Champions
SCES-55594,SingStar Vasco
SCES-55606,SingStar Die größten Solokünstler
SCES-55611,SingStar Chart Hits
SCES-55612,SingStar SuomiHitit
SCES-55616,SingStar Polskie Hity 2
SCES-55617,SingStar Fussballhits
SCES-55618,SingStar Kent
SCES-55619,SingStar Portugal Hits
SCES-55621,SingStar Patito Feo
SCES-55640,SingStar Cantautori Italiani
SCES-55641,SingStar Après-Ski Party 2
SCES-55649,Cart Kings
SCES-55650,SingStar SuomiSuosikit
SCES-55661,Ra.One: The Game
SCES-55662,Chandragupta: Warrior Prince
SCES-55663,Street Cricket Champions 2
SCES-55670,Don 2: The Game
SCES-56179,SingStar Schlager
SCES-56362,SingStar Hottest Hits
SCES-82034,Xenosaga Episode II: Jenseits von Gut und Böse (Disc 1)
SCES-82035,Xenosaga Episode II: Jenseits von Gut und Böse (Disc 2)
SCES-94597,SingStar Rock Ballads [BE][NL]
SCKA-10001,Gangcheol Gigap Sadan: Online Battlefield
SCKA-10005,EyeToy: EduKids
SCKA-10006,Come on Baby
SCKA-10007,EyeToy: Tales
SCKA-14001,Gangcheol Gigap Sadan: Online Battlefield
SCKA-15001,Barbarian
SCKA-15006,Knight Rider: The game
SCKA-20001,XI5: Aqui Ohyeongje
SCKA-20002,Time Crisis II
SCKA-20003,War of the Monsters
SCKA-20004,Sly Cooper and the Thievius Raccoonus
SCKA-20005,Let's Bravo Music
SCKA-20006,Argus-ui Jeonsa
SCKA-20007,SOCOM: U.S. Navy SEALs
SCKA-20008,Tales of Destiny 2
SCKA-20009,R-Type Final
SCKA-20010,Jak II
SCKA-20011,Ratchet & Clank: Gonggu Jeonsa Daebak Moli
SCKA-20012,Arc the Lad: Jeongryeongui Hwanghon
SCKA-20014,Dark Cloud 2
SCKA-20015,Time Crisis 3
SCKA-20016,Soulcalibur II
SCKA-20017,EyeToy: Play
SCKA-20018,The Getaway
SCKA-20019,Siren
SCKA-20020,SOCOM II: U.S. Navy SEALs
SCKA-20022,Gran Turismo 4: Prologue
SCKA-20023,Zero: Akai Chou
SCKA-20024,EyeToy: Groove
SCKA-20025,Goehon: Gulryeora! Wangjanim!
SCKA-20026,Gungrave O.D.
SCKA-20027,Gonggak Gidongdae: Stand Alone Complex
SCKA-20028,Ico
SCKA-20029,Gran Turismo Concept: 2002 Tokyo-Seoul
SCKA-20030,Sly Cooper: Jeonseolui Bibeobseoreul Chajaseo
SCKA-20031,Athens 2004
SCKA-20032,Syphon Filter: The Omega Strain
SCKA-20033,Smash Court Pro Tournament 2
SCKA-20034,Time Crisis 3 (Playstation 2 Big Hit Series)
SCKA-20035,Hot Shots Golf 3
SCKA-20036,EyeToy: Monkey Mania
SCKA-20037,Ratchet & Clank: Gonggu Jeonsa Reloaded
SCKA-20038,Time Crisis: Crisis Zone
SCKA-20039,Tekken's Nina Williams in: Death by Degrees
SCKA-20040,Jak 3
SCKA-20041,EyeToy: Play 2
SCKA-20042,Ace Combat 5: The Unsung War
SCKA-20043,Magna Carta: Jinhongui Seongheun
SCKA-20044,Sly Cooper 2: Band of Thieves
SCKA-20045,Tekken 4
SCKA-20047,Armored Core: Nine Breaker
SCKA-20048,Killzone
SCKA-20049,Tekken 5
SCKA-20050,Tales of Legendia
SCKA-20051,Degul Degul Jjondeuk Jjondeuk: Goehon
SCKA-20052,Genji
SCKA-20053,SOCOM II: U.S. Navy SEALs
SCKA-20054,Tales of Destiny 2 (Big Hit Series)
SCKA-20055,MN: Mystic Nights
SCKA-20056,LuluRara Noraebang Vol. 1
SCKA-20057,Everybody's Golf 4
SCKA-20058,Action Romance Bumpy Trot
SCKA-20059,Soulcalibur III
SCKA-20060,Ratchet & Clank: Gonggu Jeonsa Wigi Ilbal
SCKA-20061,Wanda to Kyozous
SCKA-20062,Saru! Get You! 3
SCKA-20063,Sly 3: Honor Among Thieves
SCKA-20064,SOCOM 3: U.S. Navy SEALs
SCKA-20065,Urban Reign
SCKA-20066,EyeToy: Play 3
SCKA-20067,Stuart Little 3: Big Photo Adventure
SCKA-20068,Disney/Pixar Cars
SCKA-20069,Siren 2
SCKA-20070,Ace Combat Zero: The Belkan War
SCKA-20071,MLB 06: The Show
SCKA-20072,LuluRara Noraebang Vol. 2
SCKA-20073,Final Fantasy XII
SCKA-20078,Killzone [PlayStation 2 Big Hit Series]
SCKA-20079,Valkyrie Profile 2: Silmeria
SCKA-20081,Tekken 5
SCKA-20082,Ace Combat 5: The Unsung War [BigHit Series]
SCKA-20084,Monster House
SCKA-20085,Minna no Tennis: Everybody's Tennis
SCKA-20086,Shin Onimusha: Dawn of Dreams [2 DISCS]
SCKA-20087,Shin Onimusha: Dawn of Dreams [2 DISCS]
SCKA-20088,Everybody's Tennis
SCKA-20089,Biohazard 4
SCKA-20090,God Hand
SCKA-20091,MLB 07: The Show
SCKA-20092,K-1 World GP 2006
SCKA-20093,Disney/Pixar Ratatouille
SCKA-20095,Ōkami
SCKA-20096,Nickelodeon Barnyard
SCKA-20097,Super Robot Taisen Original Generations
SCKA-20098,Nickelodeon SpongeBob SquarePants: Creature from the Krusty Krab
SCKA-20099,Persona 3
SCKA-20100,Tales of Destiny
SCKA-20101,Seiken Densetsu 4
SCKA-20104,Genji (BigHit Series)
SCKA-20105,Everybody's Golf 4
SCKA-20106,Wander to Kyozou: BigHit Series
SCKA-20107,Odin Sphere
SCKA-20109,Yeosin Jeonsaeng Persona 3 FES
SCKA-20114,Obscure II
SCKA-20115,Cyber Troopers: Virtual-On Marz
SCKA-20117,Super Robot Taisen OG Gaiden
SCKA-20118,Disgaea (Big Hit Series)
SCKA-20119,Tales of Destiny: Director's Cut
SCKA-20120,Ratchet & Clank
SCKA-20125,Katamary Damacy [Big Hit Series]
SCKA-20126,Persona 3 FES: BigHit Series
SCKA-20127,Zero [Big Hit Series]
SCKA-20128,Zero: Akai Chou [BigHit Series]
SCKA-20131,Super Robot Taisen Z
SCKA-20132,Yeosin Jeonsaeng Persona 4
SCKA-20135,Minna Daisuki Katamari Damacy [Big Hit Series]
SCKA-20136,Super Robot Taisen Z: Special Disc
SCKA-20138,Final Fantasy XII International: Zodiac Job System [Ultimate Hits]
SCKA-20139,SD Gundam G Generation Wars
SCKA-20140,MLB 10: The Show
SCKA-20141,Persona 4
SCKA-20171,Let's Bravo Music (BigHits Series)
SCKA-24008,SOCOM: U.S. Navy SEALs
SCKA-24012,EyeToy: Groove
SCKA-30001,Gran Turismo 4
SCKA-30002,God of War
SCKA-30003,God of War: Yeonghonui Banyeokja
SCKA-30005,Rogue Galaxy
SCKA-30006,God of War II
SCKA-30007,God of War II
SCKA-90002,Jeolche Jeolmyeong Dosi
SCKA-90003,XI5: Aqui Ohyeongje
SCKA-90004,Sly Cooper: Jeonseolui Bibeobseoreul Chajaseo
SCKA-90009,R-Type Final
SCKA-90010,SOCOM: U.S. Navy SEALs
SCKA-90011,Arc the Lad: Jeongryeongui Hwanghon: Premiere Disc
SCKA-90016,Goehon: Gulryeora! Wangjanim!
SCKS-30005,Rogue Galaxy
SCPM-64514,Legends of Wrestling
SCPM-85101,McDonald's Original Happy Disc
SCPM-85301,Gran Turismo Concept: Copen Special Edition
SCPM-85302,Minna no Golf Online
SCPM-85303,SpeSaru Disc 2003
SCPM-85304,Gran Turismo 4: First Preview
SCPN-60101,PlayStation BB Navigator: Version 0.10 (Prerelease) (Disc 1)
SCPN-60103,PlayStation BB Navigator: Version 0.10 (Prerelease) (Disc 2)
SCPN-60110,PlayStation BB Navigator: Version 0.10 (Prerelease) (Disc 2)
SCPN-60111,PlayStation BB Navigator: Version 0.10 (Prerelease) (Disc 2)
SCPN-60130,PlayStation BB Navigator: Version 0.20
SCPN-60140,PlayStation BB Navigator: Version 0.30
SCPN-60150,PlayStation BB Navigator: Version 0.31
SCPN-60160,PlayStation BB Navigator: Version 0.32
SCPS-11001,I.Q Remix+: Intelligent Qube
SCPS-11002,Fantavision
SCPS-11003,Ico
SCPS-11004,Bikkuri Mouse
SCPS-11005,Sagashi ni Ikou yo
SCPS-11006,SkyGunner
SCPS-11007,Tsugunai
SCPS-11008,Boku to Maou
SCPS-11009,Ka
SCPS-11010,Yoake no Mariko
SCPS-11011,Check-i-TV
SCPS-11012,Rimococoron
SCPS-11013,Bravo Music
SCPS-11014,Piposaru 2001
SCPS-11015,Check-i-TV
SCPS-11016,Seigi no Mikata
SCPS-11017,Bravo Music: Christmas Edition
SCPS-11018,Yoake no Mariko
SCPS-11019,Bravo Music: Chou Meikyoku-ban
SCPS-11020,Otostaz
SCPS-11021,Yoake no Mariko 2nd Act
SCPS-11022,Yoake no Mariko 2nd Act
SCPS-11023,Bravo Music: Chou-Meikyokuban
SCPS-11024,Otostaz
SCPS-11025,Space Fishermen
SCPS-11026,Gacharoku
SCPS-11027,Mawaza
SCPS-11028,Let's Bravo Music
SCPS-11029,Shibai Michi
SCPS-11030,Shibai Michi
SCPS-11031,Kuma Uta
SCPS-11032,Vib-Ripple
SCPS-11033,Mojibribon
SCPS-11034,Gacharoku 2: Kondo wa Sekai Isshuu yo!!
SCPS-15001,Scandal
SCPS-15002,TVDJ
SCPS-15003,The Sky Odyssey
SCPS-15004,Dark Cloud
SCPS-15005,Phase Paradox
SCPS-15006,PoPoLoCrois: Hajimari no Bouken
SCPS-15007,Blood: The Last Vampire: Joukan
SCPS-15008,Blood: The Last Vampire: Gekan
SCPS-15009,Gran Turismo 3: A-Spec
SCPS-15010,Gran Turismo Concept: 2001 Tokyo
SCPS-15011,Extermination
SCPS-15012,Surveillance: Kanshisha
SCPS-15013,Poinie's Poin
SCPS-15014,Genshi no Kotoba
SCPS-15015,Toro to Kyuujitsu
SCPS-15016,Minna no Golf 3
SCPS-15017,PaRappa the Rapper 2
SCPS-15018,The Yamanote-sen: Train Simulator Real
SCPS-15019,Formula One 2001
SCPS-15020,Legaia: Duel Saga
SCPS-15021,Jak x Daxter: Kyuu Sekai no Isan
SCPS-15022,Dual Hearts
SCPS-15023,Wild Arms: Advanced 3rd
SCPS-15024,Wild Arms: Advanced 3rd
SCPS-15025,Saru! Get You! 2
SCPS-15026,Boku no Natsuyasumi 2: Umi no Bouken-hen
SCPS-15027,PoPoLoCrois: Hajimari no Bouken
SCPS-15028,PoPoLoCrois: Hajimari no Bouken
SCPS-15029,XI [sái]: XI-Go
SCPS-15030,Futari no Fantavision
SCPS-15031,The Keihin Kyuukou: Train Simulator Real [Premium Pack]
SCPS-15032,Formula One 2002
SCPS-15033,Dark Chronicle
SCPS-15034,This Is Football: Soccer Sekai Senki 2003
SCPS-15035,The Keihin Kyuukou: Train Simulator Real
SCPS-15036,Kaitou Sly Cooper
SCPS-15037,Ratchet & Clank
SCPS-15038,Operator's Side
SCPS-15039,Operator's Side
SCPS-15040,Arc the Lad: Seirei no Tasogare
SCPS-15041,Arc the Lad: Seirei no Tasogare
SCPS-15042,DekaVoice
SCPS-15043,DekaVoice
SCPS-15044,SOCOM: U.S. Navy SEALs
SCPS-15045,Ka 2: Let's Go Hawaii
SCPS-15046,Hungry Ghosts
SCPS-15047,Doko Demo Issho: Watashi na Ehon
SCPS-15049,Minna no Golf Online
SCPS-15050,Flipnic
SCPS-15051,MLB 2003
SCPS-15052,Saints: Seinaru Mamono
SCPS-15053,Siren
SCPS-15054,Chain Dive
SCPS-15055,Gran Turismo 4: Prologue
SCPS-15056,Ratchet & Clank 2: Gagaga! Ginga no Commando-ssu
SCPS-15057,Jak II: Jak x Daxter 2
SCPS-15058,Arc the Lad: Generation
SCPS-15059,Minna no Golf 4
SCPS-15060,Koufuku Sousakan
SCPS-15061,EyeToy: Play
SCPS-15062,Bakusou Mountain Bikers
SCPS-15063,PoPoLoCrois: Tsuki no Okite no Bouken
SCPS-15064,Koukaku Kidoutai: Stand Alone Complex
SCPS-15065,SOCOM II: U.S. Navy SEALs
SCPS-15066,Prince of Persia: Jikan no Suna
SCPS-15067,Doko Demo Issho: Toro to Nagare-boshi
SCPS-15068,MLB 2004
SCPS-15069,Uo: 7-tsu no Mizu to Densetsu no Nushi
SCPS-15070,EyeToy: Play
SCPS-15071,Minna no Golf Online
SCPS-15072,Gacha Mecha Stadium: Saru Battle
SCPS-15073,EyeToy: Furi Furi Dance Tengoku
SCPS-15074,Athens 2004
SCPS-15075,DJbox
SCPS-15076,EyeToy: Furi Furi Dance Tengoku
SCPS-15077,Saru Eye Toy Oosawagi: Wakki Waki Game Tenkomori!! (box)
SCPS-15078,EyeToy: Saru EyeToy: Oosawagi! Ukkiuki Game Tenkomori!!
SCPS-15079,Bakufuu Slash! Kizuna Arashi
SCPS-15080,Waga Ryuu o Miyo: Pride of the Dragon Peace
SCPS-15081,Doko Demo Issho: Toro to Ippai
SCPS-15082,DJbox
SCPS-15083,Formula One 04
SCPS-15084,Ratchet & Clank 3: Totsugeki! Galactic Rangers
SCPS-15085,Kenran Butousai
SCPS-15086,Bakufuu Slash! Kizuna Arashi
SCPS-15087,Bleach: Erabareshi Tamashii
SCPS-15088,Bokura no Kazoku: My Family Growing Up in the 21st Century
SCPS-15089,EyeToy: Play 2
SCPS-15090,Kaitou Sly Cooper 2
SCPS-15091,Wild Arms: The 4th Detonator
SCPS-15092,Wild ARMs: The 4th Detonator
SCPS-15093,Rule of Rose
SCPS-15094,EyeToy: Play 2
SCPS-15095,Genji
SCPS-15096,Saru! Get You! 3
SCPS-15097,Wander to Kyozou
SCPS-15098,Formula One 05
SCPS-15099,Ratchet & Clank 4th: Giri Giri Ginga no Giga Battle
SCPS-15100,Ratchet & Clank 4th: GiriGiri Ginga no Giga Battle
SCPS-15101,Bleach: Hanatareshi Yabou
SCPS-15102,Rogue Galaxy
SCPS-15103,Gunparade Orchestra: Shiro no Shou: Aomori Penguin Densetsu
SCPS-15104,Gunparade Orchestra: Shiro no Shou: Aomori Penguin Densetsu
SCPS-15105,Tourist Trophy: The Real Riding Simulator
SCPS-15106,Siren 2
SCPS-15107,GUNPARADE ORCHESTRA: MIDORI NO SHOU [LIMITED EDITION]
SCPS-15108,Gunparade Orchestra: Midori no Shou: Ookami to Kare no Shounen
SCPS-15109,Gunparade Orchestra: Ao no Shou [Limited Edition]
SCPS-15110,Gunparade Orchestra: Ao no Shou: Hikari no Umi kara Tegami o Okuri masu
SCPS-15111,Brave Story: Wataru no Bouken
SCPS-15112,Blood+: Souyoku no Battle Rondo
SCPS-15113,Minna no Tennis
SCPS-15114,Kikou Souhei Armodyne
SCPS-15115,Saru! Get You! Million Monkeys
SCPS-15116,Bleach: Blade Battlers
SCPS-15117,Formula One 06
SCPS-15118,Wild Arms: The Vth Vanguard
SCPS-15119,Bleach: Blade Battlers 2nd
SCPS-15120,Ratchet & Clank 5: Gekitotsu! Dodeka Ginga no Miri Miri Gundan
SCPS-17001,Gran Turismo 4
SCPS-17002,Wild Arms: Alter Code: F
SCPS-17008,Gran Turismo 4 Nike Collector
SCPS-17013,Rogue Galaxy: Director's Cut
SCPS-17501,Linux for PlayStation 2: Release 1.0 (Disc 1) (Runtime Environment)
SCPS-17502,Linux for PlayStation 2: Release 1.0 (Disc 2) (Software Packages)
SCPS-19002,Extermination (Playstation 2 The Best)
SCPS-19101,Ka
SCPS-19102,Boku to Maou
SCPS-19103,Ico
SCPS-19104,Piposaru 2001
SCPS-19105,Bravo Music
SCPS-19151,Ico
SCPS-19153,Piposaru 2001
SCPS-19201,PaRappa the Rapper 2
SCPS-19202,Extermination
SCPS-19203,Dark Cloud
SCPS-19204,Legaia: Duel Saga
SCPS-19205,Wild Arms: Advanced 3rd
SCPS-19206,Saru! Get You! 2
SCPS-19207,PoPoLoCrois: Hajimari no Bouken
SCPS-19208,Gran Turismo Concept 2001 Tokyo Collection: PlayStation 2 the Best
SCPS-19209,Boku no Natsuyasumi 2: Umi no Bouken-hen
SCPS-19210,Jak x Daxter: Kyuusekai no Isan [PlayStation 2 the Best Series]
SCPS-19211,Ratchet & Clank
SCPS-19212,Toro to Kyuujitsu (Playstation 2 The Best)
SCPS-19213,Operator's Side
SCPS-19214,Operator's Side [PlayStation 2 the Best]
SCPS-19215,Dark Chronicle
SCPS-19251,Wild Arms: Alter Code: F
SCPS-19252,Gran Turismo 4
SCPS-19253,Wild Arms: Alter Code: F
SCPS-19254,Rogue Galaxy: Director's Cut
SCPS-19301,Minna no Golf 4
SCPS-19302,Minna no Tennis: PlayStation 2 the Best
SCPS-19303,Boku no Natsuyasumi 2: Umi no Bouken-hen
SCPS-19304,Gran Turismo 4: Prologue
SCPS-19305,Siren
SCPS-19306,Dark Chronicle
SCPS-19307,PoPoLoCrois: Hajimari no Bouken
SCPS-19308,Saru! Get You! 2
SCPS-19309,Ratchet & Clank 3: Totsugeki! Galactic Rangers
SCPS-19310,Ratchet & Clank: PlayStation 2 the Best (SCPS-19310)
SCPS-19311,Saru! Get You! 3
SCPS-19312,Siren
SCPS-19313,Wild Arms: The 4th Detonator
SCPS-19315,EyeToy: Play (Playstation 2 The Best)
SCPS-19316,Ratchet & Clank
SCPS-19317,Ratchet & Clank 2: Gagaga! Ginga no Commando-ssu
SCPS-19318,Genji
SCPS-19319,Minna no Golf 4
SCPS-19320,Wander to Kyozou
SCPS-19321,Ratchet & Clank 4th: Giri Giri Ginga no Giga Battle
SCPS-19322,Wild Arms: The 4th Detonator
SCPS-19323,Wild Arms: Advanced 3rd [Playstation 2 The Best Reprint]
SCPS-19324,Tourist Trophy: The Real Riding Simulator
SCPS-19325,Saru Get You: Million Monkeys: PlayStation 2 the Best
SCPS-19326,Siren 2
SCPS-19327,Saru! Get You! 3
SCPS-19328,Ratchet & Clank 4th: Giri Giri Ginga no Giga Battle
SCPS-19329,Bleach: Blade Battlers
SCPS-19330,Bleach: Hanatareshi Yabou
SCPS-19331,Bleach: Erabareshi Tamashii
SCPS-19332,Minna no Tennis
SCPS-19333,Wild Arms: The Vth Vanguard
SCPS-19334,Toro to Kyuujitsu: PlayStation 2 the Best
SCPS-19335,Wander to Kyozou
SCPS-20021,Wild Wild Racing
SCPS-25182,Idol Janshi R: Jan-Guru Project (Limited Edition)
SCPS-25183,Idol Janshi R: Jan-Guru Project
SCPS-25341,Backyard Wrestling: Don't Try This At Home
SCPS-51001,MotoGP 2
SCPS-51005,Samurai
SCPS-51006,Alpine Racer 3
SCPS-51008,Wave Rally
SCPS-51009,U: Underwater Unit
SCPS-51010,Shikigami no Shiro
SCPS-51011,Raging Bless: Gouma Mokushiroku
SCPS-51012,Gigantic Drive
SCPS-51013,Dragon Quest Characters: Torneko no Daiboiken 3: Fushigi no Dungeon
SCPS-51014,Ninja Assault
SCPS-51015,Super Puzzle Bobble 2
SCPS-51016,Space Fishermen
SCPS-55001,Ico
SCPS-55002,Zero
SCPS-55003,Vampire Night
SCPS-55004,Jak x Daxter: Kyuu Sekai no Isan
SCPS-55005,Gran Turismo Concept: 2001 Tokyo
SCPS-55006,Wild Arms: Advanced 3rd
SCPS-55007,Gran Turismo 3: A-Spec
SCPS-55008,Thunderstrike: Operation Phoenix
SCPS-55010,Grandia Xtreme
SCPS-55011,Dual Hearts
SCPS-55012,Grandia II
SCPS-55013,Soul Reaver 2
SCPS-55014,Armored Core 3
SCPS-55015,Zettai Zetsumei Toshi
SCPS-55016,Jet de Go! 2: Let's Go By Airliner
SCPS-55017,Tekken 4
SCPS-55018,Garakuta Meisaku Gekijou: Rakugaki Oukoku
SCPS-55019,Star Ocean: Till the End of Time
SCPS-55020,Kengo 2
SCPS-55021,Super Robot Taisen Impact
SCPS-55022,Surveillance: Kanshisha
SCPS-55023,Otostaz
SCPS-55024,Armored Core 2: Another Age
SCPS-55025,E.O.E: Eve of Extinction: Houkai no Zen'ya
SCPS-55026,Kidou Senshi Gundam Giren no Yabou: Zeon Dokuritsu Sensouden
SCPS-55027,Runabout 3: Neo Age
SCPS-55028,PoPoLoCrois: Hajimari no Bouken
SCPS-55030,Hajime no Ippo: Victorious Boxers: Championship Version
SCPS-55031,Ghost Vibration
SCPS-55032,Fantavision: For You and Me
SCPS-55035,Saru! Get You! 2
SCPS-55038,Pac-Man World 2
SCPS-55040,Kikou Busou G-Breaker 2: Doumei no Hangeki
SCPS-55041,Memories Off
SCPS-55043,Fatal Frame
SCPS-55045,Poinie's Poin
SCPS-55046,Ultraman Fighting Evolution 2
SCPS-55047,Formula One 2002
SCPS-55048,Dark Chronicle
SCPS-55049,The King of Fighters 2000
SCPS-55050,Tales of Destiny 2
SCPS-55901,Xenosaga Episode I: Der Wille zur Macht
SCPS-55902,Gran Turismo Concept: 2002 Tokyo-Geneva
SCPS-55903,Gran Turismo Concept: 2002 Tokyo-Geneva
SCPS-56001,Ico
SCPS-56002,Tekken Tag Tournament
SCPS-56003,Jak and Daxter: The Precursor Legacy
SCPS-56004,Otostaz
SCPS-56005,Gran Turismo Concept: 2002 Tokyo-Seoul
SCPS-56006,Tekken 4
SCPS-56007,Hot Shots Golf 3
SCPS-56008,Zero
SCPS-56009,Smash Court Pro Tournament
SCPS-56010,Downhill Racer
SCPS-56011,U: Underwater Unit
SCPS-56012,Jeolche Jeolmyeong Dosi
SCPS-56013,This Is Football: Segye Choegang Chukgu 2003
SCPS-56014,Gungrave
SCPS-56015,Ninja Assault
SCPS-56016,Axel Impact: The Extreme Racing
SCPS-72001,Gran Turismo 3: A-Spec
SCPS-72002,Minna no Golf 3
SCUS-10380,LEGO Batman: The Videogame
SCUS-21052,"Disney/Pixar Monsters, Inc."
SCUS-21117,World Soccer Winning Eleven 8 International
SCUS-90174,Disney/Pixar Toy Story 3
SCUS-90682,Gran Turismo 4
SCUS-91197,War of the Monsters
SCUS-94346,SingStar Latino
SCUS-94677,989 Sports
SCUS-97095,Network Adaptor Start-Up Disc v2.0
SCUS-97097,Network Adaptor Start-Up Disc
SCUS-97101,Twisted Metal: Black
SCUS-97102,Gran Turismo 3: A-Spec
SCUS-97104,ATV Offroad Fury
SCUS-97105,Fantavision
SCUS-97106,NFL GameDay 2001
SCUS-97107,NCAA GameBreaker 2001
SCUS-97108,Cool Boarders 2001
SCUS-97109,NCAA Final Four 2001
SCUS-97110,NHL FaceOff 2001
SCUS-97111,Dark Cloud
SCUS-97112,Extermination
SCUS-97113,Ico
SCUS-97114,NBA ShootOut 2001
SCUS-97115,Gran Turismo 3: A-Spec
SCUS-97116,Kiosk Disc 2.1
SCUS-97117,Demo Disc Version 2.1
SCUS-97121,PlayStation Underground 4.4 (Disc 2)
SCUS-97122,ATV Offroad Fury
SCUS-97123,"Disney/Pixar Monsters, Inc."
SCUS-97124,Jak and Daxter: The Precursor Legacy
SCUS-97125,Frequency
SCUS-97126,Demo Disc Version 2.2
SCUS-97127,Kiosk Disc 2.2
SCUS-97128,Drakan: The Ancients' Gates
SCUS-97129,Okage: Shadow King
SCUS-97130,Hot Shots Golf 3
SCUS-97131,NFL GameDay 2002
SCUS-97132,Kinetica
SCUS-97133,The Getaway
SCUS-97134,SOCOM: U.S. Navy SEALs
SCUS-97136,NCAA Final Four 2002
SCUS-97140,The Mark of Kri
SCUS-97142,Primal
SCUS-97144,PlayStation Underground Mag Issue 5.1
SCUS-97145,Disney's Stitch: Experiment 626
SCUS-97146,Disney's Treasure Planet
SCUS-97147,Cool Boarders 2001
SCUS-97149,PlayStation Underground Jampack: Summer 2001
SCUS-97150,Formula One 2001
SCUS-97152,Dark Cloud
SCUS-97153,Vans Warped Tour '01
SCUS-97155,PlayStation 2 Demo Disc Version 2.3
SCUS-97156,Kiosk Demo Disc 2.3
SCUS-97157,Frequency
SCUS-97158,Official U.S. PlayStation Magazine Demo Disc 49
SCUS-97159,Ico
SCUS-97160,Extermination
SCUS-97161,Kinetica
SCUS-97163,PlayStation Underground Jampack: Winter 2001
SCUS-97164,Twisted Metal: Black
SCUS-97165,Official U.S. PlayStation Magazine Demo Disc 51
SCUS-97166,PlayStation Underground: Holiday 2001
SCUS-97167,PaRappa the Rapper 2
SCUS-97169,Drakan: The Ancients' Gates
SCUS-97170,Jak and Daxter: The Precursor Legacy
SCUS-97171,Jak and Daxter: The Precursor Legacy
SCUS-97172,World Tour Soccer 2002
SCUS-97173,Jet X2O
SCUS-97174,Kiosk Demo Disc 2.4
SCUS-97176,Official U.S. PlayStation Magazine Demo Disc 53
SCUS-97177,Downhill Domination
SCUS-97178,NFL GameDay 2002
SCUS-97179,Twisted Metal: Black Online
SCUS-97181,Official U.S. PlayStation Magazine Demo Disc 55
SCUS-97182,Official U.S. PlayStation Magazine Demo Disc 56
SCUS-97183,Official U.S. PlayStation Magazine Demo Disc 57
SCUS-97184,Official U.S. PlayStation Magazine Demo Disc 58
SCUS-97185,Official U.S. PlayStation Magazine Demo Disc 59
SCUS-97186,Official U.S. PlayStation Magazine Demo Disc 60
SCUS-97187,Official U.S. PlayStation Magazine Demo Disc 61
SCUS-97188,Official U.S. PlayStation Magazine Demo Disc 62
SCUS-97189,Official U.S. PlayStation Magazine Demo Disc 63
SCUS-97190,Official U.S. PlayStation Magazine Demo Disc 64
SCUS-97191,Official U.S. PlayStation Magazine Demo Disc 65
SCUS-97192,World Tour Soccer 2002
SCUS-97194,NFL GameDay 2003
SCUS-97196,Twisted Metal: Black Online
SCUS-97197,War of the Monsters
SCUS-97198,Sly Cooper and the Thievius Raccoonus
SCUS-97199,Ratchet & Clank
SCUS-97200,Kiosk Demo Disc 2.5
SCUS-97201,The Mark of Kri
SCUS-97203,Wild Arms 3
SCUS-97204,NCAA Final Four 2003
SCUS-97205,SOCOM: U.S. Navy SEALs
SCUS-97206,PlayStation Underground Jampack: Summer 2002
SCUS-97208,Hot Shots Golf 3 + PaRappa the Rapper 2
SCUS-97209,Ratchet & Clank
SCUS-97210,Sly Cooper and the Thievius Raccoonus
SCUS-97211,ATV Offroad Fury 2
SCUS-97212,My Street
SCUS-97213,Dark Cloud 2
SCUS-97214,NCAA GameBreaker 2003
SCUS-97216,PlayStation Underground Summer Sampler
SCUS-97217,NBA ShootOut 2003
SCUS-97218,Kiosk Demo Disc 2.6
SCUS-97219,Gran Turismo 3: Nissan 350Z Edition
SCUS-97220,NHL FaceOff 2003
SCUS-97222,The Mark of Kri
SCUS-97223,NFL GameDay 2003
SCUS-97224,Wild Arms 3
SCUS-97225,Primal
SCUS-97226,NCAA GameBreaker 2003
SCUS-97229,Dark Cloud 2
SCUS-97230,SOCOM: U.S. Navy SEALs
SCUS-97231,Arc the Lad: Twilight of the Spirits
SCUS-97232,The Getaway
SCUS-97233,World Tour Soccer 2003
SCUS-97234,Jampack: Winter 2002
SCUS-97235,Jampack: Winter 2002
SCUS-97236,World Tour Soccer 2003
SCUS-97238,ATV Offroad Fury 2
SCUS-97239,Jet X2O
SCUS-97240,Ratchet & Clank
SCUS-97241,Official U.S. PlayStation Magazine Demo Disc 66
SCUS-97242,Official U.S. PlayStation Magazine Demo Disc 67
SCUS-97243,Official U.S. PlayStation Magazine Demo Disc 68
SCUS-97244,Official U.S. PlayStation Magazine Demo Disc 69
SCUS-97245,Official U.S. PlayStation Magazine Demo Disc 70
SCUS-97246,Official U.S. PlayStation Magazine Demo Disc 71
SCUS-97247,Official U.S. PlayStation Magazine Demo Disc 72
SCUS-97248,Official U.S. PlayStation Magazine Demo Disc 73
SCUS-97249,Official U.S. PlayStation Magazine Demo Disc 74
SCUS-97250,Official U.S. PlayStation Magazine Demo Disc 75
SCUS-97251,Official U.S. PlayStation Magazine Demo Disc 76
SCUS-97252,Official U.S. PlayStation Magazine Demo Disc 77
SCUS-97253,NBA ShootOut 2003
SCUS-97256,MLB 2004
SCUS-97257,MLB 2004
SCUS-97258,Amplitude
SCUS-97259,NHL FaceOff 2003
SCUS-97260,War of the Monsters
SCUS-97261,Kiosk Demo Disc 2.8
SCUS-97262,Amplitude
SCUS-97263,My Street
SCUS-97264,Syphon Filter: The Omega Strain
SCUS-97265,Jak II
SCUS-97266,Final Fantasy XI: Online
SCUS-97268,Ratchet & Clank: Going Commando
SCUS-97269,PlayOnline Viewer and Tetra Master
SCUS-97270,Kiosk Demo Disc 2.9
SCUS-97271,Final Fantasy XI: Online
SCUS-97272,PlayOnline Viewer and Tetra Master
SCUS-97273,Jak II
SCUS-97274,Jak II
SCUS-97275,SOCOM II: U.S. Navy SEALs
SCUS-97276,NFL GameDay 2004
SCUS-97277,NCAA GameBreaker 2004
SCUS-97278,NCAA Final Four 2004
SCUS-97279,Jet Li: Rise to Honor
SCUS-97280,Jampack: Summer 2003
SCUS-97281,Jampack: Summer 2003
SCUS-97282,Arc the Lad: Twilight of the Spirits
SCUS-97312,Jampack: Winter 2003
SCUS-97313,Jampack: Winter 2003
SCUS-97315,NCAA GameBreaker 2004
SCUS-97316,Sly 2: Band of Thieves
SCUS-97317,NFL GameDay 2004
SCUS-97318,NBA ShootOut 2004
SCUS-97319,EyeToy: Play
SCUS-97321,Kiosk June-July-August 2003
SCUS-97322,Ratchet & Clank: Going Commando
SCUS-97323,Ratchet & Clank: Going Commando
SCUS-97324,Kiosk 2-11 Winter 2003
SCUS-97325,NBA ShootOut 2004
SCUS-97326,MLB 2005
SCUS-97327,MLB 2005
SCUS-97328,Gran Turismo 4
SCUS-97329,Downhill Domination
SCUS-97330,Jak 3
SCUS-97331,Official U.S. PlayStation Magazine Demo Disc 78
SCUS-97332,Official U.S. PlayStation Magazine Demo Disc 79
SCUS-97333,Official U.S. PlayStation Magazine Demo Disc 80
SCUS-97334,Official U.S. PlayStation Magazine Demo Disc 81
SCUS-97335,Official U.S. PlayStation Magazine Demo Disc 82
SCUS-97336,Official U.S. PlayStation Magazine Demo Disc 83
SCUS-97337,Official U.S. PlayStation Magazine Demo Disc 84
SCUS-97338,Official U.S. PlayStation Magazine Demo Disc 85
SCUS-97339,Official U.S. PlayStation Magazine Demo Disc 86
SCUS-97340,Official U.S. PlayStation Magazine Demo Disc 87
SCUS-97341,Official U.S. PlayStation Magazine Demo Disc 88
SCUS-97342,Official U.S. PlayStation Magazine Demo Disc 89
SCUS-97345,EyeToy: Groove
SCUS-97347,MLB 2006
SCUS-97348,NBA 06
SCUS-97353,Ratchet & Clank: Up Your Arsenal
SCUS-97355,Siren
SCUS-97356,Network Adaptor Start-Up Disc v2.5
SCUS-97357,Online Start-Up Disc 4.0
SCUS-97362,Syphon Filter: Dark Mirror
SCUS-97365,World Tour Soccer 2005
SCUS-97366,SOCOM II: U.S. Navy SEALs
SCUS-97367,Neopets: The Darkest Faerie
SCUS-97368,SOCOM II: U.S. Navy SEALs
SCUS-97369,ATV Offroad Fury 2
SCUS-97370,NCAA Final Four 2004
SCUS-97372,Jet Li: Rise to Honor
SCUS-97373,989 Sports
SCUS-97374,Ratchet & Clank: Going Commando + Jak II
SCUS-97377,Syphon Filter: The Omega Strain
SCUS-97379,Athens 2004
SCUS-97381,Ratchet & Clank: Going Commando + Jak II
SCUS-97382,NBA ShootOut 2004
SCUS-97383,Kiosk 2-12 Spring 2004
SCUS-97384,Gran Turismo Special Edition 2004 Toyota Demo
SCUS-97392,NBA 06
SCUS-97394,Welcome to the World of Online Gaming for Your PlayStation 2
SCUS-97395,HDD Utility Disc
SCUS-97396,World Tour Soccer 2005
SCUS-97397,Syphon Filter: The Omega Strain
SCUS-97398,Siren
SCUS-97399,God of War
SCUS-97400,EyeToy: Groove
SCUS-97401,Hot Shots Golf Fore!
SCUS-97402,Killzone
SCUS-97403,Athens 2004
SCUS-97405,ATV Offroad Fury 3
SCUS-97406,Jampack Demo Disc Volume 10
SCUS-97407,PS2 Kiosk Q2-Q3 2004: Summer 2004
SCUS-97408,The Getaway: Black Monday
SCUS-97409,Gretzky NHL 2005
SCUS-97410,Jampack Demo Disc Volume 10
SCUS-97411,Ratchet & Clank: Up Your Arsenal
SCUS-97412,Jak 3
SCUS-97413,Ratchet & Clank: Up Your Arsenal
SCUS-97414,EyeToy: Antigrav
SCUS-97415,Sly 2: Band of Thieves
SCUS-97416,Rise of the Kasai
SCUS-97417,Jampack Demo Disc Volume 11
SCUS-97418,Jampack Demo Disc Volume 11
SCUS-97419,Jampack Demo Disc Volume 12
SCUS-97420,Jampack Demo Disc Volume 12
SCUS-97421,Kiosk Demo Disc Q4 2004-Q1 2005
SCUS-97422,Kiosk Demo Disc Q1-Q2 2005
SCUS-97423,Kiosk Demo Disc Q2-Q3 2005
SCUS-97424,PS2 Kiosk Q3-Q4 2005
SCUS-97425,Online Start-Up Disc v3.0
SCUS-97427,Hot Shots Golf Fore!
SCUS-97428,Kiosk Demo Disc Q3-Q4 2004
SCUS-97429,Jak X: Combat Racing
SCUS-97430,Hot Shots Golf Fore!
SCUS-97431,Killzone
SCUS-97432,Killzone
SCUS-97436,Gran Turismo 4
SCUS-97437,ATV Offroad Fury 3
SCUS-97438,EyeToy: Antigrav
SCUS-97441,The Getaway: Black Monday
SCUS-97442,Official U.S. PlayStation Magazine Demo Disc 90
SCUS-97443,Official U.S. PlayStation Magazine Demo Disc 91
SCUS-97444,Official U.S. PlayStation Magazine Demo Disc 92
SCUS-97445,Official U.S. PlayStation Magazine Demo Disc 93
SCUS-97446,Official U.S. PlayStation Magazine Demo Disc 94
SCUS-97447,Official U.S. PlayStation Magazine Demo Disc 95
SCUS-97448,Official U.S. PlayStation Magazine Demo Disc 96
SCUS-97449,Official U.S. PlayStation Magazine Demo Disc 97
SCUS-97450,Official U.S. PlayStation Magazine Demo Disc 98
SCUS-97451,Official U.S. PlayStation Magazine Demo Disc 99
SCUS-97452,Official U.S. PlayStation Magazine Demo Disc 100
SCUS-97453,Official U.S. PlayStation Magazine Demo Disc 101
SCUS-97454,Official U.S. PlayStation Magazine Demo Disc 102
SCUS-97455,Holiday 2004 Demo Disc
SCUS-97456,Holiday 2004 Demo Disc
SCUS-97457,Sly 2: Band of Thieves
SCUS-97460,MLB 2006
SCUS-97462,Rise of the Kasai
SCUS-97463,World Tour Soccer 2006
SCUS-97464,Sly 3: Honor Among Thieves
SCUS-97465,Ratchet: Deadlocked
SCUS-97466,Gretzky NHL 06
SCUS-97467,God of War: The Hydra Battle
SCUS-97468,EyeToy: Play 2
SCUS-97469,Neopets: The Darkest Faerie
SCUS-97471,Genji: Dawn of the Samurai
SCUS-97472,Shadow of the Colossus
SCUS-97473,World Tour Soccer 2006
SCUS-97474,SOCOM 3: U.S. Navy SEALs
SCUS-97475,SOCOM 3: U.S. Navy SEALs
SCUS-97478,EyeToy: Kinetic
SCUS-97479,ATV Offroad Fury 4
SCUS-97481,God of War II
SCUS-97482,God of War II: The Colossus Battle
SCUS-97483,Gran Turismo 4: Mazda MX-5 Edition
SCUS-97484,Sly 3: Honor Among Thieves
SCUS-97485,Ratchet: Deadlocked
SCUS-97486,Jak X: Combat Racing
SCUS-97487,Ratchet: Deadlocked
SCUS-97488,Jak X: Combat Racing
SCUS-97489,SOCOM 3: U.S. Navy SEALs
SCUS-97490,Rogue Galaxy
SCUS-97491,Jampack Demo Disc Volume 13
SCUS-97492,Jampack Demo Disc Volume 13
SCUS-97493,Jampack Demo Disc Volume 14
SCUS-97494,Jampack Demo Disc Volume 14
SCUS-97495,EyeToy: Play 2
SCUS-97497,EyeToy: Kinetic
SCUS-97500,MLB 06: The Show
SCUS-97501,Ape Escape 3
SCUS-97502,Tourist Trophy
SCUS-97503,MLB 06: The Show
SCUS-97504,Genji: Dawn of the Samurai
SCUS-97505,Shadow of the Colossus
SCUS-97506,Gretzky NHL 06
SCUS-97507,EyeToy
SCUS-97512,Gran Turismo 3: A-Spec
SCUS-97513,Ratchet & Clank: Going Commando (Greatest Hits)
SCUS-97514,ATV Offroad Fury 3: Greatest Hits (SCUS-97514)
SCUS-97516,Jak 3 (Greatest Hits)
SCUS-97523,EyeToy: Operation Spy
SCUS-97527,Sly 3: Honor Among Thieves
SCUS-97528,Holiday 2005 Demo Disc
SCUS-97529,Holiday 2005 Demo Disc
SCUS-97530,Splashdown: Rides Gone Wild / ATV Offroad Fury 2 / Need for Speed Hot Pursuit 2
SCUS-97531,Official U.S. PlayStation Magazine Demo Disc 103
SCUS-97532,Official U.S. PlayStation Magazine Demo Disc 104
SCUS-97533,Official U.S. PlayStation Magazine Demo Disc 105
SCUS-97534,Official U.S. PlayStation Magazine Demo Disc 106
SCUS-97535,Official U.S. PlayStation Magazine Demo Disc 107
SCUS-97536,Official U.S. PlayStation Magazine Demo Disc 108
SCUS-97537,Official U.S. PlayStation Magazine Demo Disc 109
SCUS-97538,Official U.S. PlayStation Magazine Demo Disc 110
SCUS-97539,Official U.S. PlayStation Magazine Demo Disc 111
SCUS-97540,Official U.S. PlayStation Magazine Demo Disc 112
SCUS-97544,NBA 07 featuring the Life Vol. 2
SCUS-97545,SOCOM: U.S. Navy SEALs: Combined Assault
SCUS-97548,Ape Escape 3
SCUS-97553,ATV Offroad Fury 4
SCUS-97554,NBA 07 featuring the Life Vol. 2
SCUS-97555,Jak and Daxter Complete Trilogy
SCUS-97556,MLB 07: The Show
SCUS-97557,Kiosk Q2-Q3 2006
SCUS-97558,Jak and Daxter: The Lost Frontier
SCUS-97560,SOCOM: U.S. Navy SEALs: Combined Assault
SCUS-97563,Gran Turismo 4
SCUS-97564,Jampack Demo Disc Volume 15
SCUS-97565,Jampack Demo Disc Volume 15
SCUS-97568,MLB 07: The Show
SCUS-97571,SingStar Rocks!
SCUS-97572,Rogue Galaxy
SCUS-97574,Jak X: Combat Racing
SCUS-97576,Sly 3: Honor Among Thieves: Greatest Hits
SCUS-97578,Shadow of the Colossus: Greatest Hits
SCUS-97579,ATV Offroad Fury 4
SCUS-97580,SingStar Pop (SCUS-97580)
SCUS-97582,Kiosk Disc 2.23
SCUS-97583,MLB 08: The Show
SCUS-97584,Syphon Filter: Logan's Shadow
SCUS-97589,NBA 08 featuring the Life Vol. 3
SCUS-97590,SingStar Rocks!(Game Only)
SCUS-97591,SingStar Pop (SCUS-97591)
SCUS-97592,Buzz! The Mega Quiz
SCUS-97594,Buzz! The Hollywood Quiz
SCUS-97596,Buzz! Junior: Jungle Party
SCUS-97597,Buzz! Junior: RoboJam
SCUS-97600,EyeToy
SCUS-97601,Buzz! The Mega Quiz
SCUS-97602,Buzz! Junior: Jungle Party
SCUS-97610,Hot Shots Tennis
SCUS-97611,SingStar Amped
SCUS-97612,SingStar Amped
SCUS-97615,Ratchet & Clank: Size Matters
SCUS-97616,SingStar '80s [with Microphones]
SCUS-97619,Hot Shots Tennis
SCUS-97620,Syphon Filter: Dark Mirror
SCUS-97621,Twisted Metal: Head-On: Extra Twisted Edition
SCUS-97622,SingStar '80s
SCUS-97623,Secret Agent Clank
SCUS-97625,NBA 09: The Inside
SCUS-97626,SingStar '90s
SCUS-97633,Buzz! The Hollywood Quiz
SCUS-97634,Buzz! Junior: RoboJam
SCUS-97636,SingStar '90s
SCUS-97640,SingStar Legends
SCUS-97642,SingStar ABBA
SCUS-97643,SingStar Queen
SCUS-97644,MLB 09: The Show
SCUS-97649,SingStar Pop Vol. 2
SCUS-97650,SingStar Country
SCUS-97651,SingStar Country
SCUS-97653,MLB 10: The Show
SCUS-97654,MotorStorm: Arctic Edge
SCUS-97657,MLB 11: The Show
SCUS-97660,SingStar Latino
SCUS-97859,SOCOM: U.S. Navy SEALs
SCUS-97869,Amplitude: P.O.D.
SE-W0001,Final Fantasy X/X-2 Ultimate Box
SE-W0003,Valkyrie Profile 2: Silmeria: Artifact Box
SLAJ-25002,Shinobi
SLAJ-25003,Unlimited Saga
SLAJ-25004,Kingdom Hearts: Final Mix
SLAJ-25005,World Soccer Winning Eleven 6: International
SLAJ-25006,Virtua Fighter 4: Evolution
SLAJ-25007,NBA 2K3
SLAJ-25008,Initial D: Special Stage
SLAJ-25011,Shin Sangoku Musou 3
SLAJ-25014,Cyber Troopers: Virtual-On Marz
SLAJ-25015,Enter the Matrix
SLAJ-25016,Sangokushi Senki 2
SLAJ-25017,Harry Potter and the Philosopher's Stone
SLAJ-25018,Shutokou Battle 01
SLAJ-25019,The Lord of the Rings: The Return of the King
SLAJ-25023,Shin Sangoku Musou 3: Moushouden
SLAJ-25027,Sonic Heroes
SLAJ-25028,The Sims: Bustin' Out
SLAJ-25030,Medal of Honor: Rising Sun
SLAJ-25031,Kunoichi
SLAJ-25033,Puyo Puyo Fever
SLAJ-25034,Sakura Taisen Monogatari: Mysterious Paris
SLAJ-25035,Sengoku Musou
SLAJ-25036,Zhen Sanguo Wushuang 2
SLAJ-25037,Astro Boy: Tetsuwan Atom
SLAJ-25039,Kurenai no Umi 2
SLAJ-25040,Shin Sangoku Musou 3: Empires
SLAJ-25041,Harry Potter and the Prisoner of Azkaban
SLAJ-25042,Virtua Fighter Cyber Generation: Judgment Six No Yabou
SLAJ-25045,Yinghua Dazhan V Episode 0: Huangye de Shaonü Wushi
SLAJ-25047,Duo Luo Luo
SLAJ-25048,Sengoku Musou Mushouden
SLAJ-25049,Kengo 3
SLAJ-25051,The Lord of the Rings: The Third Age
SLAJ-25052,The Urbz: Sims in the City
SLAJ-25053,Burnout 3: Takedown
SLAJ-25054,Need for Speed Underground 2
SLAJ-25056,Shining Tears
SLAJ-25057,Kessen III
SLAJ-25058,007: Goldeneye: Rogue Agent
SLAJ-25059,NBA Street V3
SLAJ-25060,Shouwangji: Project Altered Beast
SLAJ-25063,Shin Sangoku Musou 4
SLAJ-25064,MVP Baseball 2005
SLAJ-25066,Burnout Revenge
SLAJ-25068,Shin Sangoku Musou 4: Mushouden
SLAJ-25072,The Matrix: Path of Neo
SLAJ-25073,Resident Evil 4
SLAJ-25075,Need for Speed: Most Wanted (Black Edition)
SLAJ-25076,Harry Potter and the Goblet of Fire
SLAJ-25077,Sengoku Musou 2
SLAJ-25078,Black
SLAJ-25079,Shin Sangoku Musou 4 Empires
SLAJ-25080,The Godfather
SLAJ-25081,FIFA World Cup Germany 2006
SLAJ-25084,Sengoku Musou 2 Empires
SLAJ-25087,NBA Live '07
SLAJ-25088,FIFA 07
SLAJ-25091,Need for Speed: Carbon: Collector's Edition
SLAJ-25092,Shin Sangoku Musou 4 (Playstation 2 The Best)
SLAJ-25093,Sengoku Musou
SLAJ-25094,Burnout Dominator
SLAJ-25095,Medal of Honor: Vanguard
SLAJ-25096,Musou Orochi
SLAJ-25099,NBA Live 08
SLAJ-25103,Musou Orochi: Maou Sairin
SLAJ-25104,Shin Sangoku Musou 5 Special (Disc 1)
SLAJ-25105,Shin Sangoku Musou 5 Special (Disc 2)
SLAJ-25111,World Soccer Winning Eleven 2009
SLAJ-25114,World Soccer Winning Eleven 2010
SLAJ-25115,World Soccer Winning Eleven 2011
SLAJ-35001,Sakura Taisen V: Saraba Itoshiki Hito Yo
SLAJ-35003,Yinghua Dazhan: Chire Zhi Xue
SLAJ-35007,Zhen San Guo Wu Shuang 5 Special
SLAJ-35008,Shin Sangoku Musou 5: Special [2 DISCS]
SLED-50117,Metal Gear Solid 2: Sons of Liberty: Trial Edition
SLED-50286,Red Faction
SLED-50359,Devil May Cry
SLED-50439,MX 2002 featuring Ricky Carmichael
SLED-50478,WWF SmackDown! Just Bring It
SLED-50484,Rayman M
SLED-50488,SpyHunter
SLED-50489,Stuntman
SLED-50587,Top Gun: Combat Zones
SLED-50617,Burnout
SLED-50626,Shaun Palmer's Pro Snowboarder
SLED-50762,Maximo
SLED-50884,TimeSplitters 2
SLED-50895,Medal of Honor: Frontline
SLED-50904,Dynasty Warriors 3
SLED-50910,2002 FIFA World Cup
SLED-50980,Gitaroo Man
SLED-51012,Stuntman
SLED-51047,Red Faction II
SLED-51048,Red Faction II
SLED-51062,FireBlade
SLED-51074,Aggressive Inline
SLED-51091,Summoner 2
SLED-51127,MX SuperFly
SLED-51178,TOCA Race Driver
SLED-51186,Mat Hoffman's Pro BMX 2
SLED-51211,Burnout 2: Point of Impact
SLED-51212,V-Rally 3
SLED-51225,Rayman 3: Hoodlum Havoc
SLED-51264,Pro Evolution Soccer 2
SLED-51281,Haven: Call of the King
SLED-51338,Tom Clancy's Ghost Recon
SLED-51342,FIFA Football 2003
SLED-51364,ATV: Quad Power Racing 2
SLED-51380,Zone of the Enders: The 2nd Runner
SLED-51472,Tom Clancy's Splinter Cell
SLED-51651,Starsky & Hutch
SLED-51676,"Warhammer 40,000: Fire Warrior"
SLED-51807,Summer Heat Beach Volleyball
SLED-51832,Sphinx and the Cursed Mummy
SLED-51901,Soulcalibur II
SLED-51902,True Crime: Streets of LA
SLED-51921,Final Fantasy X-2
SLED-51961,Prince of Persia: The Sands of Time
SLED-51962,Nordic Fall 2003 Demo
SLED-51975,Need for Speed: Underground
SLED-51987,Kya: Dark Lineage
SLED-51992,Pro Evolution Soccer 3
SLED-51993,Pro Evolution Soccer 3
SLED-51994,Pro Evolution Soccer 3
SLED-52014,XIII
SLED-52031,Beyond Good & Evil
SLED-52304,Tom Clancy's Rainbow Six 3
SLED-52325,Downhill Domination
SLED-52326,007: Everything or Nothing
SLED-52375,Fight Night 2004
SLED-52441,Transformers
SLED-52473,Transformers: Optimus Prime
SLED-52474,Transformers: Red Alert
SLED-52476,UEFA Euro 2004: Portugal
SLED-52485,Alias
SLED-52488,The Suffering
SLED-52506,Mashed: Drive to Survive
SLED-52574,Crash Twinsanity + Spyro: A Hero's Tail
SLED-52597,Burnout 3: Takedown
SLED-52736,Need for Speed: Underground 2
SLED-52851,TOCA Race Driver 2
SLED-52852,Forgotten Realms: Demon Stone
SLED-52873,Pro Evolution Soccer 4
SLED-52875,Sega Superstars
SLED-52879,Pro Evolution Soccer 4
SLED-52890,FIFA Football 2005
SLED-52891,Rocky Legends
SLED-52929,Prince of Persia: Warrior Within
SLED-52979,Mercenaries
SLED-53066,TimeSplitters: Future Perfect
SLED-53083,Monster Hunter
SLED-53097,Worms 4: Mayhem
SLED-53109,Juiced
SLED-53137,Stolen
SLED-53198,Rugby 2005
SLED-53327,Cold Winter
SLED-53330,Enthusia: Professional Racing
SLED-53359,LEGO Star Wars: The Video Game
SLED-53365,Brian Lara International Cricket 2005
SLED-53440,Area 51
SLED-53442,Crash Tag Team Racing
SLED-53445,The Incredible Hulk: Ultimate Destruction
SLED-53512,Burnout Revenge
SLED-53537,187: Ride or Die
SLED-53543,Tiger Woods PGA Tour 06
SLED-53591,Fahrenheit
SLED-53619,Tom Clancy's Rainbow Six: Lockdown
SLED-53625,SSX on Tour
SLED-53627,The Suffering: Ties that Bind
SLED-53637,Burnout Revenge
SLED-53650,Need for Speed: Most Wanted
SLED-53664,FIFA 06: Demo Pre-Release Version
SLED-53673,007: From Russia with Love
SLED-53681,EA Demo Disc: From Russia with Love + Need for Speed: Most Wanted + SSX on Tour
SLED-53711,Brothers in Arms: Earned in Blood
SLED-53719,Pro Evolution Soccer 5
SLED-53723,Peter Jackson's King Kong
SLED-53731,Battlefield 2: Modern Combat
SLED-53732,Spartan: Total Warrior
SLED-53745,Total Overdose
SLED-53770,The Sims 2
SLED-53845,The Matrix: Path of Neo
SLED-53888,TOCA Race Driver 3 + V8 Supercars Australia 3
SLED-53937,Black
SLED-53951,TOCA Race Driver 3 (Honda Civic 2006 Demo)
SLED-53953,FIFA Street 2
SLED-53954,Driver: Parallel Lines
SLED-53977,Dragon Quest: The Journey of the Cursed King
SLED-53980,Urban Chaos: Riot Response
SLED-53983,Fight Night Round 3
SLED-54022,Lara Croft Tomb Raider: Legend
SLED-54032,Sonic Riders
SLED-54035,Play the Best Demos from Atari
SLED-54103,FIFA World Cup Germany 2006
SLED-54312,Need for Speed: Carbon
SLED-54315,LEGO Star Wars II: The Original Trilogy
SLED-54327,FIFA 07
SLED-54328,NBA Live 07
SLED-54401,Destroy All Humans! 2
SLED-54445,Pro Evolution Soccer 6
SLED-54509,Guitar Hero II
SLED-54925,FIFA 08
SLED-55022,PES 2008: Pro Evolution Soccer
SLED-55602,PES 2010: Pro Evolution Soccer
SLEH-00033,Dancing Stage SuperNOVA 2 (box) [DK][FI][NO][SE]
SLEH-00049,Guitar Hero (Guitar Controller)
SLES-00560,Resident Evil Survivor 2: Code: Veronica (0920312)
SLES-23982,Fight Night Round 3 [FI]
SLES-24322,Need For Speed: Carbon [FI]
SLES-24895,NBA Live 08
SLES-50009,Wild Wild Racing
SLES-50010,Ready 2 Rumble Boxing: Round 2
SLES-50011,FIFA 2001
SLES-50012,FIFA 2001
SLES-50013,FIFA 2001
SLES-50014,FIFA 2001
SLES-50015,FIFA 2001
SLES-50016,FIFA 2001
SLES-50017,F1 Championship Season 2000
SLES-50018,Kessen
SLES-50019,Kessen
SLES-50020,Kessen
SLES-50021,Madden NFL 2001
SLES-50022,NBA Live 2001
SLES-50023,NBA Live 2001
SLES-50024,NBA Live 2001
SLES-50025,NBA Live 2001
SLES-50026,NBA Live 2001
SLES-50027,NHL 2001
SLES-50028,NHL 2001
SLES-50029,NHL 2001
SLES-50030,SSX
SLES-50031,X Squad
SLES-50032,Theme Park World
SLES-50033,Swing Away Golf
SLES-50034,Moto GP
SLES-50035,Winter X Games Snowboarding
SLES-50036,ESPN International Track & Field
SLES-50037,Silent Scope
SLES-50038,Gradius III and IV
SLES-50039,International Superstar Soccer
SLES-50042,Disney's Dinosaur
SLES-50043,Disney's Dinosaur
SLES-50044,Rayman Revolution
SLES-50045,Walt Disney: Le Livre de la Jungle: Groove Party
SLES-50046,F1 Racing Championship
SLES-50047,F1 Racing Championship
SLES-50048,Disney's Donald Duck: Quack Attack
SLES-50050,Evergrace
SLES-50051,Eternal Ring
SLES-50052,Pool Master
SLES-50053,Aqua Aqua: Wetrix 2
SLES-50054,Midnight Club: Street Racing
SLES-50055,Smuggler's Run
SLES-50056,Surfing H³O
SLES-50057,Dynasty Warriors 2
SLES-50058,Dynasty Warriors 2
SLES-50059,Dynasty Warriors 2
SLES-50060,International Superstar Soccer
SLES-50061,Smuggler's Run
SLES-50062,Orphen: Scion of Sorcery
SLES-50064,Stunt GP
SLES-50068,TG DareDevil
SLES-50069,Top Gear Dare Devil
SLES-50071,Midnight Club: Street Racing
SLES-50072,Street Fighter EX3
SLES-50073,Driving Emotion Type-S
SLES-50074,Unreal Tournament
SLES-50075,ESPN NBA 2Night
SLES-50076,Super Bust-A-Move
SLES-50077,RC Revenge Pro
SLES-50078,TimeSplitters
SLES-50079,Armored Core 2
SLES-50080,NBA Hoopz
SLES-50106,Fur Fighters: Viggo's Revenge
SLES-50107,Legends of Wrestling
SLES-50109,7 Blades
SLES-50110,Ephemeral Fantasia
SLES-50111,Zone of the Enders
SLES-50112,Shadow of Memories
SLES-50113,Ring of Red
SLES-50114,Kengo: Master of Bushido
SLES-50115,Tokyo Xtreme Racer
SLES-50118,Tiger Woods PGA Tour 2001
SLES-50119,Tiger Woods USA Tour 2001
SLES-50120,Rumble Racing
SLES-50121,Rumble Racing
SLES-50126,Quake III: Revolution
SLES-50127,Quake III: Revolution
SLES-50128,Knockout Kings 2001
SLES-50129,Knockout Kings 2001
SLES-50130,Knockout Kings 2001
SLES-50131,Le Mans 24 Hours
SLES-50132,MX Rider
SLES-50134,Oni
SLES-50136,Robot Warlords
SLES-50137,Robot Warlords
SLES-50138,Robot Warlords
SLES-50155,Operation WinBack
SLES-50158,Gungriffon Blaze
SLES-50159,Gungriffon Blaze
SLES-50160,Gungriffon Blaze
SLES-50165,Star Wars: Starfighter
SLES-50166,Star Wars: Starfighter
SLES-50167,Star Wars: Starfighter
SLES-50168,Star Wars: Starfighter
SLES-50169,Star Wars: Starfighter
SLES-50170,World Destruction League: Thunder Tanks
SLES-50171,ESPN National Hockey Night
SLES-50176,Oni
SLES-50177,Oni
SLES-50178,Oni
SLES-50179,Oni
SLES-50182,MTV Music Generator 2
SLES-50183,Wacky Races Starring Dastardly & Muttley
SLES-50185,Alone in the Dark: The New Nightmare
SLES-50186,Heroes of Might and Magic: Quest for the DragonBone Staff
SLES-50187,Warriors of Might and Magic
SLES-50191,Army Men: Green Rogue
SLES-50192,Army Men: Sarge's Heroes 2
SLES-50193,Silpheed: The Lost Planet
SLES-50194,4x4 Evo
SLES-50195,UEFA Challenge
SLES-50196,Legacy of Kain: Soul Reaver 2
SLES-50201,Evil Twin: Cyprien's Chronicles
SLES-50202,DNA: Dark Native Apostle
SLES-50203,Bloody Roar 3
SLES-50204,Star Wars: Super Bombad Racing
SLES-50205,Star Wars: Super Bombad Racing
SLES-50206,Star Wars: Super Bombad Racing
SLES-50207,Star Wars: Super Bombad Racing
SLES-50208,Star Wars: Super Bombad Racing
SLES-50209,Jeremy McGrath Supercross World
SLES-50210,XGIII: Extreme G Racing
SLES-50211,Gauntlet: Dark Legacy
SLES-50212,Paris-Dakar Rally
SLES-50213,NFL QB Club 2002
SLES-50214,18 Wheeler: American Pro Trucker
SLES-50215,Crazy Taxi
SLES-50217,Dave Mirra Freestyle BMX 2
SLES-50218,All-Star Baseball 2002
SLES-50219,NBA Street
SLES-50220,Rugby
SLES-50221,Conflict Zone
SLES-50224,Kuri Kuri Mix
SLES-50225,Escape from Monkey Island
SLES-50226,Escape from Monkey Island
SLES-50227,Flucht von Monkey Island
SLES-50228,Fuga da Monkey Island
SLES-50229,La Fuga de Monkey Island
SLES-50230,Lotus Challenge
SLES-50231,International League Soccer
SLES-50232,Off-Road: Wide Open
SLES-50233,Army Men: Air Attack: Blade's Revenge
SLES-50240,Extermination
SLES-50243,David Beckham Soccer
SLES-50244,This is Football 2002
SLES-50247,Onimusha: Warlords
SLES-50248,MDK2: Armageddon
SLES-50252,Penny Racers
SLES-50253,Moderngroove: Ministry of Sound Edition
SLES-50259,The Flintstones in Viva Rock Vegas
SLES-50260,Hidden Invasion
SLES-50261,Sky Surfer
SLES-50262,World Destruction League: WarJetz
SLES-50263,Portal Runner
SLES-50264,Hype: The Time Quest
SLES-50265,Hype: The Time Quest
SLES-50266,Hype: The Time Quest
SLES-50267,CART Fury: Championship Racing
SLES-50268,SpyHunter
SLES-50273,Legion: The Legend of Excalibur
SLES-50274,Arctic Thunder
SLES-50275,Rugby
SLES-50276,Gift
SLES-50277,Red Faction
SLES-50278,Red Faction
SLES-50279,Red Faction
SLES-50280,Victorious Boxers: Ippo's Road to Glory
SLES-50282,Age of Empires II: The Age of Kings
SLES-50283,WTA Tour Tennis
SLES-50284,Silent Scope 2: Fatal Judgement
SLES-50285,Police 24/7
SLES-50288,Stuntman
SLES-50296,Gift
SLES-50297,Giftie
SLES-50298,Gift
SLES-50299,Gift
SLES-50306,Resident Evil: Code: Veronica X
SLES-50310,Freak Out
SLES-50314,Giants: Citizen Kabuto
SLES-50325,Max Payne
SLES-50326,Max Payne
SLES-50330,Grand Theft Auto III
SLES-50335,Rune: Viking Warlord
SLES-50336,Rune: Viking Warlord
SLES-50337,Rune: Viking Warlord
SLES-50338,Rune: Viking Warlord
SLES-50339,Rune: Viking Warlord
SLES-50341,Smuggler's Run 2: Hostile Territory
SLES-50350,Disney's Tarzan: Freeride
SLES-50351,Lake Masters EX
SLES-50355,Batman: Vengeance
SLES-50356,Salt Lake 2002
SLES-50358,Devil May Cry
SLES-50362,Jonny Moseley Mad Trix
SLES-50364,City Crisis
SLES-50366,Star Wars: Racer Revenge
SLES-50371,Star Wars: Jedi Starfighter
SLES-50372,Star Wars: Jedi Starfighter
SLES-50373,Star Wars: Jedi Starfighter
SLES-50374,Star Wars: Jedi Starfighter
SLES-50375,Star Wars: Jedi Starfighter
SLES-50382,Silent Hill 2
SLES-50383,Metal Gear Solid 2: Sons of Liberty
SLES-50384,Metal Gear Solid 2: Sons of Liberty
SLES-50385,Metal Gear Solid 2: Sons of Liberty
SLES-50386,Crash Bandicoot: The Wrath of Cortex
SLES-50390,Driven
SLES-50395,World Championship Snooker 2002
SLES-50396,Mike Tyson Heavyweight Boxing
SLES-50397,Prisoner of War
SLES-50398,UEFA Champions League: Season 2001/2002
SLES-50400,Shaun Palmer's Pro Snowboarder
SLES-50401,Shaun Palmer's Pro Snowboarder
SLES-50402,Shaun Palmer's Pro Snowboarder
SLES-50412,Pro Evolution Soccer
SLES-50419,Supercar Street Challenge
SLES-50420,Supercar Street Challenge
SLES-50421,Supercar Street Challenge
SLES-50422,Madden NFL 2002
SLES-50423,F1 2001
SLES-50424,Cricket 2002
SLES-50425,NHL 2002
SLES-50426,NHL 2002
SLES-50427,NHL 2002
SLES-50428,MX 2002 featuring Ricky Carmichael
SLES-50429,Alex Ferguson's Player Manager 2001
SLES-50430,X Games Skateboarding
SLES-50431,F1 2001
SLES-50432,Tony Hawk's Pro Skater 3: Platinum
SLES-50433,GoDai: Elemental Force
SLES-50434,Army Men: RTS
SLES-50435,Tony Hawk's Pro Skater 3
SLES-50436,Tony Hawk's Pro Skater 3
SLES-50437,Tony Hawk's Pro Skater 3
SLES-50438,Vehicular Combat League Presents: Motor Mayhem
SLES-50443,LEGO Racers 2
SLES-50444,Portal Runner
SLES-50445,Burnout
SLES-50446,Shadow Man: 2econd Coming
SLES-50447,All-Star Baseball 2003 featuring Derek Jeter
SLES-50451,NHL Hitz 2002
SLES-50457,Rayman M
SLES-50462,Pro Evolution Soccer
SLES-50464,FIFA Football 2002
SLES-50465,FIFA Football 2002
SLES-50466,FIFA Football 2002
SLES-50467,FIFA Football 2002
SLES-50469,FIFA Football 2002
SLES-50470,FIFA Football 2002
SLES-50471,FIFA Football 2002
SLES-50472,GTC Africa
SLES-50477,WWF SmackDown! Just Bring It
SLES-50479,Turok: Evolution
SLES-50480,Aggressive Inline
SLES-50481,Vexx
SLES-50486,Splashdown
SLES-50487,Looney Tunes: Space Race
SLES-50495,Who Wants to Be a Millionaire: 2nd Edition
SLES-50496,Qui Veut Gagner des Millions: Seconde Edition
SLES-50497,Wer wird Millionär: 2. Edition
SLES-50498,Grandia II
SLES-50500,Headhunter [IT]
SLES-50503,The Weakest Link
SLES-50504,Half-Life
SLES-50505,Half-Life
SLES-50507,Half-Life
SLES-50508,Half-Life
SLES-50509,Half-Life
SLES-50510,The Mummy Returns
SLES-50511,G-Surfers
SLES-50512,Bass Strike
SLES-50533,Sunny Garcia Surfing
SLES-50534,NBA Live 2002
SLES-50535,NBA Live 2002
SLES-50536,NBA Live 2002
SLES-50537,NBA Live 2002
SLES-50538,NBA Live 2002
SLES-50539,007: Agent Under Fire
SLES-50540,The Simpsons: Road Rage
SLES-50541,Capcom vs. SNK 2: Mark of the Millennium 2001
SLES-50544,Jet Ion GP
SLES-50545,SSX Tricky
SLES-50546,LMA Manager 2002
SLES-50547,Roger Lemerre: La Sélection des Champions 2002
SLES-50548,BDFL Manager 2002
SLES-50549,Football Manager Campionato 2002
SLES-50550,Mánager de Liga 2002
SLES-50551,Tetris Worlds
SLES-50552,Jet Ski Riders
SLES-50553,Project Eden
SLES-50554,Thunderhawk: Operation Phoenix
SLES-50556,NYR: New York Race
SLES-50557,Polaroid Pete
SLES-50558,DSF Fußball Manager 2002
SLES-50559,Guy Roux Manager 2002
SLES-50562,Super Bust-A-Move 2
SLES-50568,Top Gun: Combat Zones (3417243023333)
SLES-50570,Le Tour de France
SLES-50572,Robot Wars: Arenas of Destruction
SLES-50575,Dark Summit
SLES-50578,Kessen II
SLES-50579,Kessen II
SLES-50580,Kessen II
SLES-50584,G1 Jockey
SLES-50586,ESPN International Winter Sports
SLES-50589,Worms Blast
SLES-50590,MAGIX Music Maker
SLES-50591,Guilty Gear X
SLES-50592,The Operative: No One Lives Forever
SLES-50606,State of Emergency
SLES-50608,Shadow Man: 2econd Coming
SLES-50613,Woody Woodpecker
SLES-50619,Jonny Moseley Mad Trix
SLES-50620,Jonny Moseley Mad Trix
SLES-50628,The Simpsons: Road Rage
SLES-50630,Dragon Rage
SLES-50631,Dragon Rage
SLES-50632,Dragon Rage
SLES-50636,Centre Court: Hard Hitter
SLES-50637,Pro Rally 2002
SLES-50638,High Heat Major League Baseball 2003
SLES-50639,Everblue
SLES-50640,Salt Lake 2002
SLES-50641,Dynasty Warriors 3
SLES-50643,Shifters
SLES-50644,Shifters
SLES-50645,Shifters
SLES-50647,Casper: Spirit Dimensions
SLES-50649,Taz: Wanted
SLES-50650,Resident Evil: Survivor 2: Code: Veronica
SLES-50652,Iron Eagle Max
SLES-50653,Gitaroo Man
SLES-50654,Frank Herbert's Dune
SLES-50661,Atlantis III: The New World
SLES-50662,The Shadow of Zorro
SLES-50670,Winter X Games Snowboarding 2
SLES-50672,Baldur's Gate: Dark Alliance
SLES-50677,Shadow Hearts
SLES-50679,Tenchu: Wrath of Heaven
SLES-50680,Pirates: The Legend of Black Kat
SLES-50683,Sled Storm
SLES-50684,Medal of Honor: Frontline
SLES-50686,Iron Aces 2: Birds of Prey
SLES-50703,Maximo: Ghosts to Glory
SLES-50704,GoDai: Elemental Force
SLES-50705,GoDai: Elemental Force
SLES-50706,Army Men: RTS
SLES-50709,Le Maillon Faible
SLES-50710,Dr. Muto
SLES-50711,RedCard
SLES-50712,NHL Hitz 2003
SLES-50713,Freaky Flyers
SLES-50714,Defender: For All Mankind
SLES-50715,Gravity Games Bike: Street. Vert. Dirt.
SLES-50716,FireBlade
SLES-50717,Mortal Kombat: Deadly Alliance
SLES-50720,Freestyle Metal X
SLES-50721,Pryzm: Chapter One: The Dark Unicorn
SLES-50722,Premier Manager 2002/2003 Season
SLES-50723,TOCA Race Driver
SLES-50725,V-Rally 3
SLES-50726,Myst III: Exile
SLES-50727,Knockout Kings 2002
SLES-50728,Tiger Woods PGA Tour 2002
SLES-50729,Tiger Woods USA Tour 2002
SLES-50730,V.I.P.
SLES-50731,Need for Speed: Hot Pursuit 2
SLES-50735,Jade Cocoon 2
SLES-50738,Star Trek: Voyager: Elite Force
SLES-50739,Soldier of Fortune: Gold Edition
SLES-50751,Herdy Gerdy
SLES-50752,Pro Tennis WTA Tour
SLES-50753,Freekstyle
SLES-50754,The Simpsons Skateboarding
SLES-50755,The Simpsons Skateboarding
SLES-50757,Atlantis III: The New World
SLES-50758,E.O.E: Eve of Extinction
SLES-50763,Rally Championship
SLES-50765,MAGIX Music Maker
SLES-50767,V8 Supercars Australia: Race Driver
SLES-50769,Mr Moskeeto
SLES-50770,Mad Maestro!
SLES-50771,Blood Omen 2: The Legacy of Kain Series
SLES-50772,Blood Omen 2: The Legacy of Kain Series
SLES-50773,Disney's Donald Duck PK
SLES-50776,Slam Tennis
SLES-50777,Battle Engine Aquila
SLES-50778,TD Overdrive: The Brotherhood of Speed
SLES-50779,NBA 2Night 2002
SLES-50787,International Superstar Soccer 2
SLES-50788,Frogger: The Great Quest
SLES-50789,Men in Black II: Alien Escape
SLES-50790,International Superstar Soccer 2
SLES-50793,Grand Theft Auto III
SLES-50794,Sven-Göran Eriksson's World Manager 2002
SLES-50795,Superman: Shadow of Apokolips
SLES-50796,2002 FIFA World Cup
SLES-50797,2002 FIFA World Cup
SLES-50798,2002 FIFA World Cup
SLES-50799,2002 FIFA World Cup
SLES-50800,2002 FIFA World Cup
SLES-50801,2002 FIFA World Cup
SLES-50802,Knockout Kings 2002
SLES-50803,Knockout Kings 2002
SLES-50804,Deus Ex
SLES-50805,Deus Ex
SLES-50806,Deus Ex
SLES-50807,Deus Ex
SLES-50808,Deus Ex
SLES-50809,Roland Garros French Open 2002
SLES-50812,Spider-Man
SLES-50813,Spider-Man
SLES-50814,Spider-Man
SLES-50815,Blood Omen 2: The Legacy of Kain Series
SLES-50816,DTM Race Driver
SLES-50818,TOCA Race Driver
SLES-50820,Micro Machines
SLES-50821,Project Zero
SLES-50822,Shadow Hearts
SLES-50826,Star Wars: The Clone Wars
SLES-50827,Star Wars: The Clone Wars
SLES-50828,Star Wars: The Clone Wars
SLES-50829,Star Wars: La Guerra dei Cloni
SLES-50830,Star Wars: Las Guerras Clon
SLES-50831,Star Wars: Bounty Hunter
SLES-50832,Star Wars: Bounty Hunter
SLES-50833,Star Wars: Bounty Hunter
SLES-50834,Star Wars: Bounty Hunter
SLES-50835,Star Wars: Bounty Hunter
SLES-50836,Indiana Jones and the Emperor's Tomb
SLES-50837,Indiana Jones et le Tombeau de l'Empereur
SLES-50838,Indiana Jones und die Legende der Kaisergruft
SLES-50839,Indiana Jones e la Tomba dell'Imperatore
SLES-50840,Indiana Jones y la Tumba del Emperador
SLES-50841,Largo Winch: Empire Under Threat
SLES-50842,Downforce
SLES-50843,Crashed
SLES-50845,Medal of Honor: En Première Ligne
SLES-50846,Medal of Honor: Frontline
SLES-50848,Speed Kings
SLES-50849,Urban Freestyle Soccer
SLES-50850,ATV: Quad Power Racing 2
SLES-50852,Sven-Göran Eriksson's World Challenge
SLES-50853,Marcel Desailly Pro Football
SLES-50854,WM Nationalspieler
SLES-50855,Mundial 2002 Challenge
SLES-50859,Commandos 2: Men of Courage
SLES-50860,Commandos 2: Men of Courage
SLES-50861,Top Angler: Real Bass Fishing
SLES-50862,Street Hoops
SLES-50870,Mat Hoffman's Pro BMX 2
SLES-50871,Mat Hoffman's Pro BMX 2
SLES-50872,Mat Hoffman's Pro BMX 2
SLES-50873,Reign of Fire
SLES-50874,F1 2002
SLES-50875,F1 2002
SLES-50876,Driv3r
SLES-50877,TimeSplitters 2
SLES-50879,Dakar 2
SLES-50880,BMX XXX
SLES-50882,Mary-Kate and Ashley: Sweet 16: Licensed to Drive
SLES-50886,TransWorld Surf
SLES-50891,Legaia 2: Duel Saga
SLES-50892,Lethal Skies: Elite Pilot: Team SW
SLES-50897,Super Trucks
SLES-50898,X-Men: Next Dimension
SLES-50899,X-Men: Next Dimension
SLES-50900,X-Men: Next Dimension
SLES-50901,Conflict: Desert Storm
SLES-50902,Conflict: Desert Storm
SLES-50903,MegaRace 3: Nanotech Disaster
SLES-50905,Armored Core 2: Another Age
SLES-50906,Master Rallye
SLES-50908,Monster Jam: Maximum Destruction
SLES-50914,International Cue Club
SLES-50919,Akira Psycho Ball
SLES-50920,King's Field IV
SLES-50921,Way of the Samurai
SLES-50922,The Terminator: Dawn of Fate
SLES-50927,Commandos 2: Men of Courage
SLES-50930,Dino Stalker
SLES-50933,eJay Clubworld: The Music Making Experience
SLES-50935,Circus Maximus: Chariot Wars
SLES-50936,Endgame
SLES-50937,Football Mania
SLES-50939,US Racer
SLES-50946,Britney's Dance Beat
SLES-50947,Britney's Dance Beat
SLES-50948,Britney's Dance Beat
SLES-50953,Air Ranger: Rescue Helicopter
SLES-50954,Tokyo Road Race
SLES-50955,London Racer II
SLES-50958,"Warhammer 40,000: Fire Warrior"
SLES-50963,RS: Riding Spirits
SLES-50964,Antz Extreme Racing
SLES-50965,Spider-Man
SLES-50972,Barbarian
SLES-50974,Zapper
SLES-50975,The Thing
SLES-50976,The Thing
SLES-50978,Onimusha 2: Samurai's Destiny
SLES-50981,R/C Sports Copter Challenge
SLES-50984,Gumball 3000
SLES-50985,Gumball 3000
SLES-50986,Twin Caliber
SLES-50987,The Scorpion King: Rise of the Akkadian
SLES-50988,The Lord of the Rings: The Fellowship of the Ring
SLES-50992,Hitman 2: Silent Assassin
SLES-50994,Paris-Marseille Racing II
SLES-50995,FireBlade
SLES-50997,Rally Fusion: Race of Champions
SLES-50998,X-treme Express: World Grand Prix
SLES-50999,UFC: Throwdown
SLES-51009,Autobahn Raser IV
SLES-51011,Knight Rider: The Game
SLES-51013,Blade II
SLES-51014,Blade II
SLES-51017,Scooby-Doo! Night of 100 Frights
SLES-51018,Scooby-Doo! La Nuit des 100 Frissons
SLES-51019,Scooby-Doo! Nacht der 100 Schrecken
SLES-51022,Speed Challenge: Jacques Villeneuve's Racing Vision
SLES-51023,LMA Manager 2003
SLES-51024,Roger Lemerre: La Sélection des Champions 2003
SLES-51025,BDFL Manager 2003
SLES-51026,Football Manager Campionato 2003
SLES-51027,Mánager de Liga 2003
SLES-51038,MX SuperFly
SLES-51039,This is Football 2003 [DE]
SLES-51041,This is Football 2003 [BE]
SLES-51042,Disney Golf
SLES-51043,Spyro: Enter the Dragonfly
SLES-51044,Burnout 2: Point of Impact
SLES-51045,Legends Of Wrestling II
SLES-51046,State of Emergency [Platinum]
SLES-51053,Tom and Jerry in War of the Whiskers
SLES-51054,Midnight Club II
SLES-51055,Go Go Golf
SLES-51056,Fighting Fury
SLES-51057,Hard Hitter 2
SLES-51058,Maken Shao: Demon Sword
SLES-51060,Butt-Ugly Martians: Zoom or Doom!
SLES-51061,Grand Theft Auto: Vice City
SLES-51063,Hot Wheels: Velocity X: Maximum Justice
SLES-51064,Gladius
SLES-51065,Gladius
SLES-51066,Gladius
SLES-51069,RTX: Red Rock
SLES-51070,RTX: Red Rock
SLES-51071,RTX: Red Rock
SLES-51072,RTX: Red Rock
SLES-51073,RTX: Red Rock
SLES-51076,Club Football: Liverpool FC
SLES-51077,Club Football: Real Madrid
SLES-51078,Club Football: FC Barcelona
SLES-51079,Club Football: Ajax Amsterdam
SLES-51080,Club Football: AC Milan
SLES-51081,Club Football: Juventus
SLES-51082,Club Football: Hamburger SV
SLES-51083,Club Football: Borussia Dortmund
SLES-51084,Club Football: FC Bayern München
SLES-51085,Club Football: Aston Villa
SLES-51086,Club Football: Chelsea FC
SLES-51087,Club Football: Leeds United
SLES-51088,Club Football: Rangers FC
SLES-51089,Club Football: Arsenal
SLES-51090,Club Football: Manchester United
SLES-51093,Largo Winch: Empire Under Threat
SLES-51094,Club Football: FC Internazionale
SLES-51095,Dino Stalker
SLES-51096,Dino Stalker
SLES-51100,Club Football: Liverpool FC
SLES-51101,Eggo Mania
SLES-51107,Hitman 2: Silent Assassin
SLES-51108,Hitman 2: Silent Assassin
SLES-51109,Hitman 2: Silent Assassin
SLES-51110,Hitman 2: Silent Assassin
SLES-51113,Zone of the Enders: The 2nd Runner
SLES-51114,Pro Evolution Soccer 2
SLES-51117,Colin McRae Rally 3
SLES-51118,Wizardry: Tale of the Forsaken Land
SLES-51124,Turok: Evolution
SLES-51125,Sega Soccer Slam
SLES-51126,Whirl Tour
SLES-51128,Total Immersion Racing
SLES-51130,Tony Hawk's Pro Skater 4
SLES-51131,Tony Hawk's Pro Skater 4
SLES-51132,Tony Hawk's Pro Skater 4
SLES-51133,Red Faction II
SLES-51134,The Powerpuff Girls: Relish Rampage
SLES-51141,Summoner 2
SLES-51142,Summoner 2
SLES-51143,Summoner 2
SLES-51144,Shox: Rally Reinvented
SLES-51145,Monopoly Party
SLES-51150,Scrabble Interactive
SLES-51151,NHL 2003
SLES-51153,Island Xtreme Stunts
SLES-51154,Madden NFL 2003
SLES-51156,Silent Hill 2: Director's Cut
SLES-51157,Silent Scope 3
SLES-51160,Sub Rebellion
SLES-51162,Metropolismania
SLES-51168,AFL Live 2003
SLES-51174,Marvel vs. Capcom 2: New Age of Heroes
SLES-51176,Disney's Piratenplaneet de Schat van Kapitein Flint (PEGI rating)
SLES-51177,Disney Il Pianeta del Tesoro (PEGI rating)
SLES-51180,The Sum of All Fears
SLES-51181,Tom Clancy's Ghost Recon
SLES-51182,Tom Clancy's Ghost Recon
SLES-51188,Nickelodeon Rocket Power: Beach Bandits
SLES-51189,MTV Celebrity Deathmatch
SLES-51191,Auto Modellista
SLES-51192,Harry Potter and the Chamber of Secrets
SLES-51193,Harry Potter et la Chambre des Secrets
SLES-51194,Harry Potter und die Kammer des Schreckens
SLES-51195,Harry Potter y la Cámara Secreta
SLES-51196,Harry Potter e la Camera dei Segreti
SLES-51197,FIFA Football 2003
SLES-51198,NBA Live 2003
SLES-51199,4x4 Evo 2
SLES-51200,Kelly Slater's Pro Surfer
SLES-51201,Kelly Slater's Pro Surfer
SLES-51202,Wreckless: The Yakuza Missions
SLES-51203,Enter the Matrix
SLES-51208,Rocky
SLES-51209,Haven: Call of the King
SLES-51214,Harry Potter and the Chamber of Secrets
SLES-51215,Harry Potter og Mysteriekammeret
SLES-51216,Harry Potter ja Salaisuuksien Kammio
SLES-51217,Harry Potter och Hemligheternas Kammare
SLES-51218,Harry Potter en de Geheime Kamer
SLES-51219,Harry Potter and the Chamber of Secrets
SLES-51220,TY the Tasmanian Tiger
SLES-51222,Rayman 3: Hoodlum Havoc
SLES-51223,Runabout 3: Neo Age
SLES-51224,War Of The Monsters
SLES-51226,Twin Caliber
SLES-51227,Lara Croft Tomb Raider: The Angel of Darkness
SLES-51229,Virtua Cop: Elite Edition
SLES-51230,Minority Report: Everybody Runs
SLES-51232,Virtua Tennis 2: Sega Professional Tennis
SLES-51233,Dragon Ball Z: Budokai
SLES-51235,Raging Blades
SLES-51236,Gungrave
SLES-51244,XIII
SLES-51247,Inspector Gadget: Mad Robots Invasion
SLES-51249,Castleween
SLES-51250,Shox: Rally Reinvented
SLES-51251,Shox: Rally Reinvented
SLES-51252,The Lord of the Rings: The Two Towers
SLES-51253,Le Seigneur des Anneaux: Les Deux Tours
SLES-51254,Der Herr der Ringe: Die zwei Türme
SLES-51255,Il Signore degli Anelli: Le Due Torri
SLES-51256,El Señor de los Anillos: Las Dos Torres
SLES-51257,The Sims
SLES-51258,007: Nightfire
SLES-51260,007: Nightfire
SLES-51265,Dynasty Tactics
SLES-51266,Dynasty Tactics
SLES-51267,Dynasty Tactics
SLES-51271,Mobile Suit Gundam: Federation vs. Zeon
SLES-51272,Wakeboarding Unleashed featuring Shaun Murray
SLES-51273,Wakeboarding Unleashed featuring Shaun Murray
SLES-51275,Summoner 2
SLES-51282,Tiger Woods PGA Tour 2003
SLES-51283,WWE SmackDown! Shut Your Mouth
SLES-51284,Contra: Shattered Soldier
SLES-51285,Nickelodeon SpongeBob SquarePants: Revenge of the Flying Dutchman
SLES-51286,X-Men 2: Wolverine's Revenge
SLES-51287,X-Men 2: La Vengeance de Wolverine
SLES-51289,Gunfighter II: Revenge of Jesse James
SLES-51290,Sword of the Samurai
SLES-51292,Savage Skies
SLES-51296,Grand Prix Challenge
SLES-51298,Nickelodeon Jimmy Neutron: Boy Genius
SLES-51300,Nickelodeon Jimmy Neutron: Der mutige Erfinder
SLES-51301,SOS: The Final Escape
SLES-51302,Bomberman Kart
SLES-51303,Drome Racers
SLES-51307,Wild Arms 3
SLES-51308,Reel Fishing III
SLES-51311,Nickelodeon Rugrats: Royal Ransom
SLES-51312,Nickelodeon Les Razmoket: La Rançon Royale
SLES-51313,Activision Anthology
SLES-51315,The Great Escape
SLES-51316,Grand Theft Auto: Vice City
SLES-51317,Minority Report: Le Futur vous Rattrape
SLES-51318,Minority Report: Everybody Runs
SLES-51322,Robotech: Battlecry
SLES-51333,James Cameron's Dark Angel
SLES-51339,NFL 2K3
SLES-51340,NBA 2K3
SLES-51341,NHL 2K3
SLES-51343,Galerians: Ash
SLES-51344,Guilty Gear X2
SLES-51345,RLH: Run Like Hell
SLES-51347,Die Hard: Vendetta
SLES-51348,Die Hard: Vendetta
SLES-51349,Evolution Skateboarding
SLES-51350,Ben Hur: Blood of Braves
SLES-51354,Jurassic Park: Operation Genesis
SLES-51355,Big Mutha Truckers
SLES-51356,Road Trip Adventure
SLES-51357,G1 Jockey 3
SLES-51358,Mystic Heroes
SLES-51360,The Simpsons Skateboarding
SLES-51361,The Simpsons Skateboarding
SLES-51362,The Simpsons Skateboarding
SLES-51363,Music 3000
SLES-51365,BMX XXX
SLES-51371,Pride FC: Fighting Championships
SLES-51372,Wallace & Gromit in Project Zoo
SLES-51374,Robocop
SLES-51377,Taxi 3
SLES-51381,Everblue 2
SLES-51382,Shrek Super Party
SLES-51383,Beach King Stunt Racer
SLES-51385,Nickelodeon Rugrats: Rescate Real
SLES-51387,World Racing
SLES-51388,Sega Bass Fishing Duel
SLES-51390,FightBox
SLES-51391,RTL Skispringen 2003
SLES-51392,Evolution Snowboarding
SLES-51393,Syberia
SLES-51397,IndyCar Series
SLES-51398,World Championship Snooker 2003
SLES-51399,Armored Core 3
SLES-51400,Tenchu: La Ira del Cielo
SLES-51401,Tenchu: Wrath of Heaven
SLES-51402,Tenchu: Wrath of Heaven
SLES-51403,Tenchu: La Colère Divine
SLES-51409,Frogger Beyond
SLES-51418,Fisherman's Challenge
SLES-51423,Club Football: Celtic FC
SLES-51425,Fatman & Slim
SLES-51433,Ghost Vibration
SLES-51434,Silent Hill 3
SLES-51435,International Superstar Soccer 3
SLES-51436,Chessmaster
SLES-51439,Mortal Kombat: Deadly Alliance
SLES-51441,Dynasty Warriors 3: Xtreme Legends
SLES-51442,Dynasty Warriors 3: Xtreme Legends
SLES-51443,Dynasty Warriors 3: Xtreme Legends
SLES-51445,Rygar: The Legendary Adventure
SLES-51448,Resident Evil: Dead Aim
SLES-51449,Return to Castle Wolfenstein: Operation Resurrection
SLES-51450,Return to Castle Wolfenstein: Opération Résurrection
SLES-51451,Whiteout
SLES-51456,LMA Manager 2004
SLES-51458,BDFL Manager 2004
SLES-51459,Roger Lemerre: La Sélection des Champions 2004
SLES-51460,Football Manager Campionato 2004
SLES-51461,Mánager de Liga 2004
SLES-51462,Shrek Super Party
SLES-51466,Tom Clancy's Splinter Cell
SLES-51467,Freedom Fighters
SLES-51468,Freedom Fighters
SLES-51469,Freedom Fighters
SLES-51470,Freedom Fighters
SLES-51471,Freedom Fighters
SLES-51473,Kya: Dark Lineage
SLES-51474,BloodRayne
SLES-51476,Mystic Heroes
SLES-51477,Mystic Heroes
SLES-51479,Def Jam: Vendetta
SLES-51481,NBA Street Vol. 2
SLES-51482,Downtown Run
SLES-51488,Le Tour de France: 1903: 2003: Centenary Edition
SLES-51492,Pro Beach Soccer
SLES-51493,Mr. Golf
SLES-51495,SX Superstar
SLES-51496,Breath of Fire: Dragon Quarter
SLES-51503,Ace Lightning
SLES-51504,Chessmaster
SLES-51507,Futurama
SLES-51508,Hulk
SLES-51509,World of Outlaws: Sprint Cars
SLES-51510,Dancing Stage MegaMix
SLES-51511,Crash Nitro Kart
SLES-51522,Return to Castle Wolfenstein: Operation Resurrection
SLES-51523,Conflict: Desert Storm II
SLES-51525,Fallout: Brotherhood of Steel
SLES-51526,Fallout: Brotherhood of Steel
SLES-51543,ESPN NBA Basketball [ES]
SLES-51547,Roland Garros French Open 2003
SLES-51548,X-Men 2: Wolverine's Revenge
SLES-51553,Chaos Legion
SLES-51554,Cel Damage Overdrive
SLES-51555,Pinball
SLES-51557,Broken Sword: The Sleeping Dragon
SLES-51579,Yu-Gi-Oh! The Duelists of the Roses
SLES-51580,World Challenge
SLES-51581,Dead to Rights
SLES-51584,F1 Career Challenge
SLES-51588,Evil Dead: A Fistful of Boomstick
SLES-51589,Resident Evil: Outbreak
SLES-51590,Cabela's Big Game Hunter
SLES-51594,Disney's Piglet's Big Game
SLES-51595,Grand Theft Auto: Vice City
SLES-51600,WWE Crush Hour
SLES-51602,All-Star Baseball 2004 featuring Derek Jeter
SLES-51603,Seek and Destroy
SLES-51605,Motorsiege: Warriors of Primetime
SLES-51606,Unlimited Saga
SLES-51615,The King of Route 66
SLES-51616,Virtua Fighter 4: Evolution
SLES-51617,Starsky & Hutch
SLES-51619,Clock Tower 3
SLES-51620,Black & Bruised
SLES-51621,Dirt Track Devils
SLES-51622,Maxxed Out Racing
SLES-51623,The Sniper 2
SLES-51624,Eternal Quest
SLES-51625,Ultimate Mind Games
SLES-51629,International Pool Championship
SLES-51630,Chess Challenger
SLES-51633,Racing Simulation 3
SLES-51636,XGRA: Extreme G Racing Association
SLES-51639,"Suffering, The"
SLES-51645,Def Jam: Vendetta
SLES-51646,Energy Airforce
SLES-51647,Energy Airforce
SLES-51649,Judge Dredd: Dredd vs. Death
SLES-51650,Judge Dredd: Dredd vs Death
SLES-51653,Mace Griffin: Bounty Hunter
SLES-51654,Mace Griffin: Bounty Hunter
SLES-51658,Disneys Ferkels grosses Abenteuer-Spiel
SLES-51659,Disney Les Aventures de Porcinet
SLES-51660,Risk Global Domination
SLES-51661,Dynasty Warriors 4
SLES-51662,Dynasty Warriors 4
SLES-51663,Dynasty Warriors 4
SLES-51664,Dynasty Warriors 4
SLES-51665,Dynasty Warriors 4
SLES-51666,Disney Piglet el Gran Juego
SLES-51667,"Disney Pimpi, Piccolo Grande Eroe"
SLES-51668,Disney's Knorretje Kleine Grote Held
SLES-51670,Alter Echo
SLES-51671,Alter Echo
SLES-51675,Psyvariar: Complete Edition
SLES-51678,Super Farm
SLES-51680,Splashdown 2: Rides Gone Wild
SLES-51681,Splashdown 2: Rides Gone Wild
SLES-51682,Headhunter: Redemption
SLES-51686,Pitfall: The Lost Expedition
SLES-51687,Pitfall: The Lost Expedition
SLES-51688,Pitfall: The Lost Expedition
SLES-51689,Pitfall: The Lost Expedition
SLES-51690,Pitfall: The Lost Expedition
SLES-51693,The Suffering
SLES-51696,Dragon's Lair 3D: Special Edition
SLES-51697,SSX 3
SLES-51698,Mobile Light Force 2
SLES-51699,Virtua Fighter: 10th Anniversary Edition
SLES-51702,Battlestar Galactica
SLES-51704,XII Stag
SLES-51705,Ford Racing 2
SLES-51707,Secret Weapons over Normandy
SLES-51708,Secret Weapons over Normandy
SLES-51709,Secret Weapons over Normandy
SLES-51710,Secret Weapons over Normandy
SLES-51711,Secret Weapons over Normandy
SLES-51712,Snowboard Racer 2
SLES-51713,Bust-A-Bloc
SLES-51714,BCV: Battle Construction Vehicles
SLES-51715,The Seed: Warzone
SLES-51716,A-Train 6
SLES-51717,Boxing Champions
SLES-51718,League Series Baseball 2
SLES-51720,Disney's Extreme Skate Adventure
SLES-51721,Disney's Extreme Skate Adventure
SLES-51723,The Hobbit: The Prelude to the Lord of the Rings
SLES-51732,Rugby 2004
SLES-51733,Rugby 2004
SLES-51735,Perfect Ace: Pro Tournament Tennis
SLES-51741,1945 I & II
SLES-51746,Space Invaders: Invasion Day
SLES-51749,Mark Davis Pro Bass Challenge
SLES-51750,Charlie's Angels
SLES-51753,True Crime: Streets of LA
SLES-51754,True Crime: Streets of LA
SLES-51755,Disney/Pixar Finding Nemo
SLES-51756,Batman: Rise of Sin Tzu
SLES-51757,Dancing Stage Fever
SLES-51758,Metal Arms: Glitch in the System
SLES-51759,Maximo vs Army of Zin
SLES-51761,The Italian Job
SLES-51765,Volleyball Xciting
SLES-51766,Gladiator: Sword of Vengeance
SLES-51772,Bad Boys II
SLES-51778,Summer Heat Beach Volleyball
SLES-51783,Starsky & Hutch
SLES-51785,Cool Shot
SLES-51787,Harry Potter: Quidditch World Cup
SLES-51792,Aliens Versus Predator: Extinction
SLES-51794,Looney Tunes: Back in Action
SLES-51797,Madden NFL 2004
SLES-51798,NHL 2004
SLES-51799,Soulcalibur II
SLES-51800,Smash Cars
SLES-51806,Evil Dead: A Fistful of Boomstick
SLES-51812,Homerun
SLES-51813,European Tennis Pro
SLES-51814,ATV Offroad Fury 2
SLES-51815,Final Fantasy X-2
SLES-51816,Final Fantasy X-2
SLES-51817,Final Fantasy X-2
SLES-51818,Final Fantasy X-2
SLES-51819,Final Fantasy X-2
SLES-51820,Sniper Elite
SLES-51821,Alias
SLES-51822,Alias
SLES-51823,Hunter: The Reckoning: Wayward
SLES-51824,Colin McRae Rally 04
SLES-51825,Pop Idol
SLES-51826,AFL Live 2004
SLES-51827,Gladiator: Sword of Vengeance
SLES-51828,Gladiator: Schwert der Rache
SLES-51831,Sphinx and the Cursed Mummy
SLES-51833,Premier Manager 2003-04
SLES-51834,Premier Manager 2003-04
SLES-51838,Astérix & Obélix XXL
SLES-51839,Dragon Ball Z: Budokai 2
SLES-51840,NHL Hitz Pro
SLES-51841,SpyHunter 2
SLES-51842,RoadKill
SLES-51843,Worms 3D
SLES-51845,Barbie Horse Adventures: Wild Horse Rescue
SLES-51846,Deutschland sucht den SuperStar
SLES-51848,Tony Hawk's Underground
SLES-51850,Basketball Xciting
SLES-51851,Tony Hawk's Underground
SLES-51852,Tony Hawk's Underground
SLES-51853,Tony Hawk's Underground
SLES-51854,Tony Hawk's Underground
SLES-51855,Tank Elite
SLES-51856,Monster Attack
SLES-51859,Billiards Xciting
SLES-51860,Tennis Court Smash
SLES-51861,Bowling Xciting
SLES-51862,Bass Master Fishing
SLES-51863,Maze Action
SLES-51864,Police Chase Down
SLES-51865,Heartbeat Boxing
SLES-51867,Dynasty Tactics 2
SLES-51868,Dynasty Tactics 2
SLES-51869,Dynasty Tactics 2
SLES-51870,Disney/Pixar Finding Nemo
SLES-51871,Disney/Pixar Finding Nemo
SLES-51872,Disney/Pixar Finding Nemo
SLES-51873,Medal of Honor: Rising Sun
SLES-51874,Medal of Honor: Soleil Levant
SLES-51875,Medal of Honor: Rising Sun
SLES-51876,Medal of Honor: Rising Sun
SLES-51877,Bloody Roar 4
SLES-51879,Hot Wheels: World Race
SLES-51881,World Racing
SLES-51883,Scooby-Doo! Mystery Mayhem
SLES-51885,Mega Man X7
SLES-51886,Lethal Skies II
SLES-51887,Tiger Woods PGA Tour 2004
SLES-51888,RTL Skispringen 2004
SLES-51890,Buffy the Vampire Slayer: Chaos Bleeds
SLES-51893,Naval Ops: Commander
SLES-51896,Attheraces Presents Gallop Racer
SLES-51897,The Simpsons: Hit & Run
SLES-51903,AFL Live 2004: Aussie Rules Football
SLES-51906,Rolling
SLES-51907,Disney/Pixar Alla Ricerca di Nemo
SLES-51908,Van Helsing
SLES-51911,Gadget Racers
SLES-51912,Pro Evolution Soccer 3
SLES-51913,Onimusha: Blade Warriors
SLES-51914,Onimusha 3
SLES-51915,Pro Evolution Soccer 3
SLES-51916,"Crouching Tiger, Hidden Dragon"
SLES-51917,Beyond Good & Evil
SLES-51918,Prince of Persia: The Sands of Time
SLES-51920,Forbidden Siren [CZ][HU][PL][SK]
SLES-51924,World War Zero: IronStorm
SLES-51925,Splashdown 2: Rides Gone Wild
SLES-51926,Outlaw Golf
SLES-51927,Midway Arcade Treasures
SLES-51930,Road Rage 3
SLES-51931,Teenage Mutant Ninja Turtles
SLES-51932,Nickelodeon The Adventures of Jimmy Neutron: Boy Genius: Jet Fusion
SLES-51933,Gregory Horror Show
SLES-51934,Curse the Eye of Isis
SLES-51946,Robin Hood: Defender of the Crown
SLES-51947,ESPN NFL Football
SLES-51948,ESPN NHL Hockey
SLES-51949,ESPN NBA Basketball
SLES-51950,Sonic Heroes
SLES-51951,Puyo Pop Fever
SLES-51952,R-Type Final
SLES-51953,FIFA Football 2004
SLES-51954,Max Payne 2: The Fall of Max Payne
SLES-51956,Bionicle
SLES-51957,Terminator 3: Le Soulèvement des Machines
SLES-51958,Whiplash
SLES-51959,Football Generation
SLES-51960,Disney/Pixar À Procura de Nemo
SLES-51963,FIFA Football 2004
SLES-51964,FIFA Football 2004
SLES-51966,Bombastic
SLES-51967,Need for Speed: Underground
SLES-51968,Nickelodeon SpongeBob SquarePants: Battle for Bikini Bottom
SLES-51970,Nickelodeon SpongeBob Schwammkopf: Schlacht um Bikini Bottom
SLES-51972,NBA Jam
SLES-51973,War Chess
SLES-51974,XS Junior League Soccer
SLES-51976,Tom Clancy's Ghost Recon: Jungle Storm
SLES-51978,Baphomets Fluch: Der Schlafende Drache
SLES-51980,TT Superbikes
SLES-51981,ShellShock: Nam '67
SLES-51982,ShellShock: Nam '67
SLES-51986,Backyard Wrestling: Don't Try This at Home
SLES-51989,Wallace & Gromit in Project Zoo
SLES-51990,Nicktoons: Attack of the Toybots
SLES-51991,Dance:UK
SLES-51996,International Snooker Championship
SLES-51997,SWAT: Global Strike Team
SLES-51998,Kao the Kangaroo: Round 2
SLES-51999,Grooverider
SLES-52001,Mission: Impossible: Operation Surma
SLES-52002,Rogue Ops
SLES-52005,007: Everything or Nothing
SLES-52008,NBA Live 2004
SLES-52011,Tak and the Power of Juju
SLES-52015,Les Chevaliers de Baphomet: Le Manuscrit de Voynich
SLES-52017,The Lord of the Rings: The Return of the King
SLES-52018,Der Herr der Ringe: Die Rückkehr des Königs
SLES-52019,Le Seigneur des Anneaux: Le Retour du Roi
SLES-52020,El Señor de los Anillos: El Retorno del Rey
SLES-52021,Il Signore degli Anelli: Il ritorno del Re
SLES-52022,Total Club Manager 2004
SLES-52023,Manhunt
SLES-52025,NFL Street
SLES-52026,Wallace & Gromit in Project Zoo
SLES-52028,Junior Sports Basketball
SLES-52034,The Cat in the Hat
SLES-52036,WWE SmackDown! Here Comes the Pain
SLES-52038,Terminator 3: Rebellion der Maschinen
SLES-52039,Terminator 3: La Rebelión de las Máquinas
SLES-52041,Detonator
SLES-52043,MX Unleashed
SLES-52044,Crescent Suzuki Racing
SLES-52045,GT-R 400
SLES-52046,007: Everything or Nothing
SLES-52047,The Sims: Bustin' Out
SLES-52048,The Sims: Bustin' Out
SLES-52055,Harry Potter and the Philosopher's Stone
SLES-52056,Harry Potter and the Philosopher's Stone
SLES-52058,Grooverider: Slot Car Racing
SLES-52060,Fame Academy
SLES-52061,Star Academy
SLES-52062,Fame Academy [DE]
SLES-52063,Alarm for Cobra 11
SLES-52065,Flipnic
SLES-52084,"Signore degli Anelli, il: La terza Era: Platinum"
SLES-52095,Gradius V
SLES-52096,Firefighter F.D.18
SLES-52097,SWAT: Global Strike Team
SLES-52100,NLR Rugby League
SLES-52101,Wrath Unleashed
SLES-52102,Hugo: Bukkazoom!
SLES-52103,Tak & Le Pouvoir de Juju
SLES-52104,Tak und die Macht des Juju
SLES-52106,Cabela's Dangerous Hunts
SLES-52107,Dance Europe
SLES-52108,Underworld: The Eternal War
SLES-52109,Underworld: The Eternal War
SLES-52111,Mojo!
SLES-52116,Sitting Ducks
SLES-52117,Go Go Copter: Remote Control Helicopter
SLES-52118,Castlevania
SLES-52122,Crime Life: Gang Wars
SLES-52123,Cricket 2004
SLES-52125,Agassi Tennis Generation
SLES-52132,Hitman: Contracts
SLES-52133,Hitman: Contracts
SLES-52134,Hitman: Contracts
SLES-52135,Hitman: Contracts
SLES-52136,Hitman: Contracts
SLES-52143,Carmen Sandiego: The Secret of the Stolen Drums
SLES-52149,Tom Clancy's Splinter Cell: Pandora Tomorrow
SLES-52150,Legacy of Kain: Defiance
SLES-52151,Terminator 3: Le Macchine Ribelli
SLES-52152,Terminator 3: Rise of the Machines
SLES-52153,Driv3r
SLES-52155,L'Eredità
SLES-52159,Myth Makers: Super Kart GP
SLES-52171,Dynasty Warriors 4: Xtreme Legends
SLES-52172,Dynasty Warriors 4: Xtreme Legends
SLES-52173,Dynasty Warriors 4: Xtreme Legends
SLES-52174,Dynasty Warriors 4: Xtreme Legends
SLES-52175,Dynasty Warriors 4: Xtreme Legends
SLES-52178,Casino Challenge
SLES-52179,Kaan: Barbarian's Blade
SLES-52187,Baldur's Gate: Dark Alliance II
SLES-52188,Baldur's Gate: Dark Alliance II
SLES-52190,RPM Tuning
SLES-52202,Downhill Domination
SLES-52203,Silent Line: Armored Core
SLES-52204,UFC: Ultimate Fighting Championship: Sudden Impact
SLES-52209,Star Trek: Shattered Universe
SLES-52214,Disney's The Haunted Mansion
SLES-52216,Disney's The Haunted Mansion
SLES-52219,Corvette
SLES-52230,Jim Henson's Muppets Party Cruise
SLES-52237,Dot Hack Part 1: Infection
SLES-52238,Nightshade
SLES-52240,International Pool Championship
SLES-52241,Myth Makers: Orbs of Doom
SLES-52242,Dalmatians 3
SLES-52243,Dinosaur Adventure
SLES-52244,Legend of Herkules
SLES-52246,Pool Paradise
SLES-52247,"Hobbit: Predystoriya Sagi ""Vlastelin Kolets"""
SLES-52249,Premier Manager 2003-04
SLES-52256,Max Payne 2: The Fall of Max Payne
SLES-52257,P.T.O. IV: Pacific Theater of Operations (Koei's 25th Anniversary)
SLES-52258,Romance of the Three Kingdoms VIII
SLES-52259,Outlaw Volleyball
SLES-52265,Energy Airforce: Aim Strike!
SLES-52266,Energy Airforce: Aim Strike!
SLES-52267,Energy Airforce: Aim Strike!
SLES-52275,Way of the Samurai 2
SLES-52276,187: Ride or Die
SLES-52277,RS II: Riding Spirits
SLES-52278,Mafia
SLES-52279,Mafia
SLES-52280,Mafia
SLES-52281,Mafia
SLES-52282,Mafia
SLES-52283,Terminator 3: The Redemption
SLES-52284,Deadly Skies III
SLES-52286,Tak y el Poder Juju
SLES-52287,Tak e la Magia Juju
SLES-52288,Tom Clancy's Rainbow Six 3
SLES-52289,MTX Mototrax
SLES-52290,MTX Mototrax
SLES-52291,Countryside Bears
SLES-52292,Mighty Mulan
SLES-52293,Son of the Lion King
SLES-52294,The Toys Room
SLES-52295,Master Chess
SLES-52298,IndyCar Series 2005
SLES-52308,Karaoke Stage
SLES-52309,R:Racing
SLES-52310,Energy Airforce
SLES-52312,WCR: World Championship Rugby
SLES-52313,Space Invaders Anniversary
SLES-52314,Hugo: Bukkazoom!
SLES-52322,Drakengard
SLES-52323,Richard Burns Rally
SLES-52325,Champions of Norrath
SLES-52326,Spawn Armaggedon
SLES-52336,Max Payne 2
SLES-52337,Max Payne 2: The Fall of Max Payne
SLES-52338,Max Payne 2: The Fall of Max Payne
SLES-52339,Crash 'n' Burn
SLES-52340,RollerCoaster World
SLES-52341,The X-Files: Resist or Serve
SLES-52342,Worms Forts: Under Siege
SLES-52343,Midway Arcade Treasures
SLES-52346,Retro Classics: 8 Arcade Classics from Yesteryears
SLES-52348,Seven Samurai 20XX
SLES-52349,International Golf Pro
SLES-52350,International Golf Pro
SLES-52358,Glass Rose
SLES-52362,Bad Boys II
SLES-52363,Bad Boys II
SLES-52366,America's 10 Most Wanted
SLES-52367,America's 10 Most Wanted
SLES-52368,AFL Live Premiership Edition
SLES-52369,Empire of Atlantis
SLES-52370,The Mouse Police
SLES-52371,Animal Soccer World
SLES-52372,Spider-Man 2
SLES-52373,Champions of Norrath
SLES-52374,Fight Night 2004
SLES-52378,Euro Rally Champion
SLES-52379,Shrek 2
SLES-52380,Shrek 2
SLES-52381,Shrek 2
SLES-52382,Shrek 2
SLES-52383,DreamWorks' Shrek 2
SLES-52384,Project Zero II: Crimson Butterfly
SLES-52385,England International Football: 2004 Edition
SLES-52386,World Championship Snooker 2004
SLES-52387,SpyHunter 2
SLES-52388,Transformers
SLES-52389,WRC 4: The Official Game of the FIA World Rally Championship [SE][DK][FI][NO]
SLES-52392,Combat Elite: WWII Paratroopers
SLES-52393,Pinball Fun
SLES-52394,UEFA Euro 2004: Portugal
SLES-52395,UEFA Euro 2004: Portugal
SLES-52396,UEFA Euro 2004: Portugal
SLES-52397,UEFA Euro 2004: Portugal
SLES-52398,UEFA Euro 2004: Portugal
SLES-52402,Perfect Ace 2: The Championships
SLES-52403,Formula Challenge
SLES-52404,MTV Music Generator 3
SLES-52413,Malice
SLES-52418,Powerdrome
SLES-52433,Goblin Commander: Unleash the Horde
SLES-52439,The Suffering
SLES-52440,Harry Potter and the Prisoner of Azkaban
SLES-52444,Hyper Street Fighter II: The Anniversary Edition
SLES-52445,Silent Hill 4: The Room
SLES-52446,Mashed: Drive to Survive
SLES-52447,Spider-Man 2
SLES-52448,Knights of the Temple: Infernal Crusade
SLES-52449,Kidz Sports Basketball
SLES-52450,Serious Sam: Next Encounter
SLES-52451,Conan
SLES-52457,Shrek 2
SLES-52458,Disgaea: Hour of Darkness
SLES-52459,Autobahn Raser: Das Spiel zum Film
SLES-52466,Ribbit King
SLES-52467,Dot Hack Part 2: Mutation
SLES-52468,Dot Hack Part 4: Quarantine
SLES-52469,Dot Hack Part 3: Outbreak
SLES-52471,Naval Ops: Commander
SLES-52472,Project Minerva Professional
SLES-52477,Vegas Casino II
SLES-52478,Red Dead Revolver
SLES-52479,Samurai Jack: The Shadow of Aku
SLES-52480,Yu-Gi-Oh! The Duelists of the Roses
SLES-52481,Hot Wheels: Stunt Track Challenge
SLES-52482,Steel Dragon EX
SLES-52483,World Championship Pool 2004
SLES-52486,Astro Boy
SLES-52490,Dance:UK eXtra Trax
SLES-52493,Spider-Man 2
SLES-52495,Bujingai: Swordmaster
SLES-52504,Trivial Pursuit: Unhinged
SLES-52505,Spy Fiction
SLES-52507,Def Jam: Fight for NY
SLES-52508,ObsCure
SLES-52509,Tiger Woods PGA Tour 2005
SLES-52510,Neo Contra
SLES-52511,Headhunter: Redemption
SLES-52512,Headhunter: Redemption
SLES-52515,Ultimate Casino
SLES-52516,World Fighting
SLES-52517,Radio Helicopter
SLES-52518,Motorbike King
SLES-52519,Pink Pong
SLES-52520,Volleyball Challenge
SLES-52521,Adiboo and the Energy Thieves
SLES-52523,Cocoto Platform Jumper
SLES-52525,Mouse Trophy
SLES-52527,Harry Potter and the Prisoner of Azkaban
SLES-52529,Sly 2: De Dievenbende
SLES-52531,The Suffering
SLES-52532,Aces of War
SLES-52533,Zoo Puzzle
SLES-52534,Crimson Tears
SLES-52535,Rumble Roses
SLES-52536,DreamWorks Shark Tale
SLES-52537,DreamWorks Shark Tale
SLES-52539,DreamWorks Shark Tale
SLES-52541,Grand Theft Auto: San Andreas
SLES-52542,All Music Dance!
SLES-52544,Trivial Pursuit: Unhinged
SLES-52545,Star Wars: Battlefront
SLES-52546,Star Wars: Battlefront
SLES-52547,Star Wars: Battlefront
SLES-52551,Samurai Warriors
SLES-52552,Samurai Warriors
SLES-52553,Samurai Warriors
SLES-52554,Samurai Warriors
SLES-52555,Samurai Warriors
SLES-52556,Crimson Sea 2
SLES-52557,Crimson Sea 2
SLES-52558,Crimson Sea 2
SLES-52559,FIFA Football 2005
SLES-52560,Fifa Football 2005
SLES-52561,FIFA Football 2005
SLES-52562,FIFA Football 2005
SLES-52563,FIFA Football 2005
SLES-52567,Catwoman
SLES-52568,Crash Twinsanity
SLES-52569,Spyro: A Hero's Tail
SLES-52570,Area 51
SLES-52571,Pacific Warriors II: Dogfight!
SLES-52572,Operation Air Assault
SLES-52573,Conflict: Global Storm
SLES-52576,Yu-Gi-Oh! Capsule Monster Coliseum
SLES-52579,Showdown: Legends of Wrestling
SLES-52581,Madden NFL 2005
SLES-52584,Burnout 3: Takedown
SLES-52585,Burnout 3: Takedown: Platinum (Most Wanted)
SLES-52586,Tekken's Nina Williams in: Death by Degrees [GR][RU]
SLES-52587,Army Men: Sarge's War
SLES-52588,Mercenaries
SLES-52589,Mercenaries
SLES-52590,Mercenaries
SLES-52591,Dynasty Warriors 4: Empires
SLES-52592,Dynasty Warriors 4: Empires
SLES-52593,Dynasty Warriors 4: Empires
SLES-52594,U-Move Super Sports
SLES-52598,Dancing Stage Fusion
SLES-52599,Metal Slug 3
SLES-52600,Harry Potter i Więzień Azkabanu
SLES-52601,ExZeus
SLES-52602,GT Racers
SLES-52603,Room Zoom: Race for Impact
SLES-52616,Video Poker & Blackjack
SLES-52617,Stock Car Speedway
SLES-52620,Guncom 2
SLES-52621,Tony Hawk's Underground 2
SLES-52622,Tony Hawk's Underground 2
SLES-52624,X-Men Legends
SLES-52625,X-Men Legends
SLES-52628,NBA Ballers
SLES-52630,Conflict: Vietnam
SLES-52631,Digimon Rumble Arena 2
SLES-52636,Colin McRae Rally 2005
SLES-52637,TOCA Race Driver 2
SLES-52638,DTM Race Driver 2
SLES-52639,V8 Supercars Race Driver 2
SLES-52640,Dance:UK XL
SLES-52641,Leisure Suit Larry: Magna Cum Laude
SLES-52642,Leisure Suit Larry: Magna Cum Laude
SLES-52643,Leisure Suit Larry: Magna Cum Laude
SLES-52644,Leisure Suit Larry: Magna Cum Laude
SLES-52645,Leisure Suit Larry: Magna Cum Laude
SLES-52646,Tom Clancy's Ghost Recon 2
SLES-52647,Club Football 2005: Manchester United
SLES-52648,Club Football 2005: Borussia Dortmund
SLES-52649,Club Football 2005: Olympique de Marseille
SLES-52650,Club Football 2005: Juventus
SLES-52651,Club Football 2005: FC Barcelona
SLES-52652,Club Football 2005: Liverpool FC
SLES-52653,Club Football 2005: Liverpool FC
SLES-52654,Club Football 2005: Real Madrid
SLES-52655,Club Football 2005: FC Bayern München
SLES-52656,Club Football 2005: AC Milan
SLES-52657,Club Football 2005: Arsenal
SLES-52658,Club Football 2005: Hamburger SV
SLES-52659,Club Football 2005: Paris Saint-Germain
SLES-52660,Club Football 2005: FC Internazionale
SLES-52661,Club Football 2005: Ajax Amsterdam
SLES-52662,Club Football 2005: Newcastle United
SLES-52663,Club Football 2005: Chelsea FC
SLES-52664,Club Football 2005: Rangers FC
SLES-52665,Club Football 2005: Celtic FC
SLES-52666,Club Football 2005: Tottenham Hotspur
SLES-52667,Club Football 2005: Birmingham City
SLES-52668,Club Football 2005: Aston Villa
SLES-52669,Forgotten Realms: Demon Stone
SLES-52670,Second Sight
SLES-52671,Ghost Master: The Gravenville Chronicles
SLES-52673,NHL 2005
SLES-52674,Total Club Manager 2005
SLES-52675,Hugo: Cannon Cruise
SLES-52676,Hugo: CannonCruise
SLES-52678,Viewtiful Joe
SLES-52680,Intellivision Lives: The History of Video Gaming
SLES-52684,Cyclone Circus
SLES-52685,The Polar Express
SLES-52686,Backyard Wrestling 2: There Goes the Neighborhood
SLES-52693,LMA Manager 2005
SLES-52694,BDFL Manager 2005
SLES-52695,Roger Lemerre: La Sélection des Champions 2005
SLES-52696,Football Manager Campionato 2005
SLES-52697,Mánager de Liga 2005
SLES-52698,Manchester United Manager 2005
SLES-52700,Nickelodeon Jimmy Neutron: Boy Genius: Attack of the Twonkies
SLES-52701,Future Tactics: The Uprising
SLES-52702,Psi-Ops: The Mindgate Conspiracy
SLES-52703,Psi-Ops: The Mindgate Conspiracy
SLES-52705,Mortal Kombat: Deception
SLES-52706,Mortal Kombat: Deception
SLES-52707,Monster Hunter
SLES-52709,TY the Tasmanian Tiger 2: Bush Rescue
SLES-52710,McFarlane's Evil Prophecy
SLES-52711,Titeuf Méga-compet'
SLES-52713,NBA Live 2005
SLES-52714,Board Games Gallery
SLES-52716,The Energy Thieves
SLES-52717,Brian Lara International Cricket 2005
SLES-52718,Fight Club
SLES-52719,Under the Skin
SLES-52720,Ford Racing 3
SLES-52722,Kidz Sports Ice Hockey
SLES-52725,Need for Speed: Underground 2
SLES-52726,NBA Live 2005
SLES-52727,NBA Live 2005
SLES-52729,Animaniacs: The Great Edgar Hunt
SLES-52730,Dragon Ball Z: Budokai 3
SLES-52731,One Piece: Round the Land!
SLES-52733,Driven to Destruction
SLES-52734,Worms Forts: Under Siege
SLES-52737,ObsCure
SLES-52738,ObsCure
SLES-52741,The Red Star
SLES-52745,Hugo: CannonCruise
SLES-52746,Hugo: CannonCruise
SLES-52747,The Dukes of Hazzard: Return of the General Lee
SLES-52749,Habitrail Hamster Ball
SLES-52750,Monster Trux Extreme: Arena Edition
SLES-52751,Offroad Extreme!
SLES-52752,Playboy: The Mansion
SLES-52753,FlatOut
SLES-52754,FlatOut
SLES-52755,Blood Will Tell: Tezuka Osamu's Dororo
SLES-52760,Pro Evolution Soccer 4
SLES-52761,Rocky Legends
SLES-52766,Godzilla: Save the Earth
SLES-52767,Hugo: CannonCruise
SLES-52768,Commandos: Strike Force
SLES-52773,Pool Shark 2
SLES-52774,Sprint Car Challenge
SLES-52776,Junior Board Games
SLES-52778,The Arcade
SLES-52779,Poker Masters
SLES-52781,WWE SmackDown! vs. Raw
SLES-52782,Call of Duty: Finest Hour
SLES-52783,Call of Duty: Finest Hour
SLES-52784,Call of Duty: Finest Hour
SLES-52798,Vietcong: Purple Haze
SLES-52799,Vietcong: Purple Haze
SLES-52800,Pro Evolution Soccer 4
SLES-52801,The Lord of the Rings: The Third Age
SLES-52802,Le Seigneur des Anneaux: Le Tiers Age
SLES-52803,Der Herr der Ringe: Das dritte Zeitalter
SLES-52804,Il Signore degli Anelli: La Terza Era
SLES-52805,El Señor de los Anillos: La Tercera Edad
SLES-52807,Lemony Snicket's A Series of Unfortunate Events
SLES-52808,Les Désastreuses Aventures des Orphelins Baudelaire: D'Apres Lemony Snicket
SLES-52809,Lemony Snicket: Rätselhafte Ereignisse
SLES-52810,Lemony Snicket Una Serie di Sfortunati Eventi
SLES-52811,Get on da Mic
SLES-52812,Disney/Pixar The Incredibles
SLES-52813,Disney's Pixar: The Incredibles
SLES-52814,Disney/Pixar Gli Incredibili
SLES-52815,Disney/Pixar Die Unglaublichen
SLES-52816,Disney/Pixar Los Increíbles
SLES-52820,Disney/Pixar The Incredibles
SLES-52821,The Incredibles: Os Super-Heróis
SLES-52822,Prince of Persia: Warrior Within
SLES-52824,Furry Tales
SLES-52825,Una Serie de Catastróficas Desdichas de Lemony Snicket
SLES-52828,We Love Katamari [IT]
SLES-52831,Syberia II
SLES-52832,Mega Man X: Command Mission
SLES-52834,Sega Superstars
SLES-52835,The Mummy
SLES-52836,Knight Rider 2: The Game
SLES-52843,Garfield
SLES-52844,Midway Arcade Treasures 2
SLES-52845,Gadget & the Gadgetinis
SLES-52853,Miami Vice
SLES-52854,Capcom Fighting Jam
SLES-52856,10 Most Wanted
SLES-52857,The Fairly OddParents: Shadow Showdown
SLES-52858,Cocoto Kart Racer
SLES-52859,Project: Snowblind
SLES-52861,King Arthur
SLES-52863,Pinball Hall of Fame: The Gottlieb Collection
SLES-52864,MX World Tour
SLES-52867,SpinDrive Ping Pong
SLES-52868,Viewtiful Joe 2
SLES-52871,Xtreme Speed
SLES-52872,Constantine
SLES-52874,Dark Wind
SLES-52876,The King of Fighters 2000-2001
SLES-52877,Haunting Ground
SLES-52882,Stolen
SLES-52883,EyeToy: Kinetic
SLES-52884,Duel Masters
SLES-52885,Sega Superstars
SLES-52886,Power Rangers: Dino Thunder
SLES-52887,Power Rangers: Dino Tonnerre
SLES-52888,Brothers in Arms: Road to Hill 30
SLES-52889,Disney's Winnie the Pooh's Rumbly Tumbly Adventure
SLES-52894,The Bard's Tale
SLES-52895,Nickelodeon SpongeBob SquarePants: The Movie
SLES-52896,Nickelodeon SpongeBob SquarePants: The Movie
SLES-52897,Nickelodeon SpongeBob: Il Film
SLES-52898,The King of Fighters: Maximum Impact
SLES-52900,Rapala Pro Fishing
SLES-52902,Arcade Classics Volume 1
SLES-52906,Nickelodeon SpongeBob SquarePants: Movin' with Friends
SLES-52907,Nickelodeon SpongeBob SquarePants: Movin' with Friends
SLES-52908,The Urbz: Sims in the City
SLES-52909,UEFA Champions League 2004-2005
SLES-52910,UEFA Champions League 2004-2005
SLES-52911,UEFA Champions League 2004-2005
SLES-52912,UEFA Champions League 2004-2005
SLES-52913,Suikoden IV
SLES-52915,DreamWorks Shark Tale: Hajar som Hajar
SLES-52917,Scaler
SLES-52918,Scaler
SLES-52919,Rugby League 2
SLES-52920,Alarm für Cobra 11 Vol II
SLES-52921,Rogue Trooper
SLES-52922,Disney Move
SLES-52927,Grand Theft Auto: San Andreas
SLES-52931,Legend of Kay
SLES-52933,TimeSplitters: Future Perfect [IT]
SLES-52934,Guilty Gear Isuka
SLES-52939,Airborne Troops: Countdown to D-Day
SLES-52940,S.L.A.I.: Steel Lancer Arena International
SLES-52941,Gungrave: Overdose
SLES-52942,Midnight Club 3: DUB Edition
SLES-52943,ESPN NFL 2K5
SLES-52944,Robotech: Invasion
SLES-52949,Arcade Action: 30 Games
SLES-52950,Shadow of Rome
SLES-52951,Phantom Brave
SLES-52954,WWII: Tank Battles
SLES-52955,Deadly Strike
SLES-52956,Action Girlz Racing
SLES-52957,Urban Extreme
SLES-52958,Premier Manager 2004-2005
SLES-52959,Premier Manager 2004-2005
SLES-52960,Premier Manager 2004-2005
SLES-52961,Premier Manager 2004-2005
SLES-52963,Cold Winter
SLES-52964,Nanobreaker
SLES-52965,Outlaw Golf 2
SLES-52966,ESPN NHL 2K5
SLES-52967,Guilty Gear X2 #Reload: The Midnight Carnival
SLES-52968,Burnout 2: Point of Impact: Platinum (Electronic Arts)
SLES-52973,Ski Racing 2005
SLES-52974,GoldenEye: Rogue Agent
SLES-52975,GoldenEye: Au Service du Mal
SLES-52976,007: Goldeneye: Rogue Agent
SLES-52977,GoldenEye: Agente Corrupto
SLES-52978,La Pucelle: Tactics
SLES-52980,Big Mutha Truckers 2: Truck Me Harder
SLES-52982,NFL Street 2
SLES-52983,Fitness Fun
SLES-52984,Panzer Front Ausf.B
SLES-52985,Nickelodeon SpongeBob Schwammkopf: Der Film
SLES-52986,Nickelodeon Bob Esponja: La Película
SLES-52988,Mega Man X8
SLES-52989,Blowout
SLES-52993,TimeSplitters: Future Perfect
SLES-52998,Sonic Mega Collection Plus
SLES-52999,RC Toy Machines
SLES-53000,Crazy Golf
SLES-53001,NBA Street V3
SLES-53002,Samurai Warriors: Xtreme Legends
SLES-53003,Samurai Warriors: Xtreme Legends
SLES-53004,Samurai Warriors: Xtreme Legends
SLES-53005,Monster Trux Extreme: Offroad Edition
SLES-53006,Hamster Heroes
SLES-53007,Tom Clancy's Splinter Cell: Chaos Theory
SLES-53008,Mercenaries
SLES-53009,Dance Factory
SLES-53011,Gallop Racer 2
SLES-53012,Tenchu: Fatal Shadows
SLES-53013,Tenchu: Fatal Shadows
SLES-53014,Tenchu: Fatal Shadows
SLES-53015,Tenchu: Fatal Shadows
SLES-53016,Tenchu: Fatal Shadows
SLES-53017,Teenage Mutant Ninja Turtles 2: Battle Nexus
SLES-53020,Ghost in the Shell: Stand Alone Complex
SLES-53021,Gunbird Special Edition
SLES-53022,ESPN NBA 2K5
SLES-53023,RTL Ski Jumping 2005
SLES-53024,Altered Beast
SLES-53025,Red Ninja: End of Honour
SLES-53026,Red Ninja: End of Honour
SLES-53027,Championship Manager 5
SLES-53028,Hitman: Blood Money
SLES-53029,Hitman: Blood Money
SLES-53030,Hitman: Blood Money
SLES-53031,Hitman: Blood Money
SLES-53032,Hitman: Blood Money
SLES-53035,Masters of the Universe: He-Man: Defender of Grayskull
SLES-53036,Nickelodeon Tak 2: The Staff of Dreams
SLES-53037,Super Monkey Ball Deluxe
SLES-53038,Devil May Cry 3: Dante's Awakening
SLES-53039,Champions: Return to Arms
SLES-53041,Ski Alpin 2005 [DE]
SLES-53044,Juiced
SLES-53045,SRS: Street Racing Syndicate
SLES-53046,Counter Terrorist Special Forces: Fire for Effect
SLES-53047,The Punisher
SLES-53049,The Punisher
SLES-53052,Robots
SLES-53058,Ricky Ponting International Cricket 2005
SLES-53059,Samurai Shodown V
SLES-53060,Astérix & Obélix XXL 2
SLES-53061,Atari Anthology
SLES-53062,Yu Yu Hakusho: Dark Tournament
SLES-53064,FIFA Street
SLES-53065,SNK vs. Capcom: SVC Chaos
SLES-53072,Resident Evil 4: Limited Edition [IT]
SLES-53073,Michigan: Report from Hell
SLES-53074,Soccer Life!
SLES-53075,Area 51
SLES-53076,Trigger Man
SLES-53078,Spy vs. Spy
SLES-53079,Ys: The Ark of Napishtim
SLES-53080,Extreme Sprint 3010
SLES-53082,World Snooker Championship 2005
SLES-53084,Fight Night Round 2
SLES-53087,TOCA Race Driver 3
SLES-53088,DTM Race Driver 2
SLES-53089,V8 Supercars Australia 3
SLES-53090,Circuit Blasters
SLES-53091,Predator: Concrete Jungle
SLES-53092,Motocross Mania 3
SLES-53093,Cold Winter
SLES-53094,Rugby 2005
SLES-53095,Rugby 2005
SLES-53096,Worms 4: Mayhem
SLES-53098,Conspiracy: Weapons of Mass Destruction
SLES-53099,Pilot Down: Behind Enemy Lines
SLES-53100,Scooby-Doo! Unmasked
SLES-53104,Tom Clancy's Rainbow Six: Lockdown
SLES-53106,MX vs. ATV Unleashed
SLES-53107,Cabela's Big Game Hunter 2005 Adventures
SLES-53108,American Chopper
SLES-53114,Full Spectrum Warrior
SLES-53119,Kessen III
SLES-53120,Kessen III
SLES-53121,Kessen III
SLES-53124,Project: Snowblind
SLES-53125,Enthusia: Professional Racing
SLES-53127,Teenage Mutant Ninja Turtles: Mutant Melee
SLES-53129,Nickelodeon Tak 2: The Staff of Dreams
SLES-53130,World Championship Poker
SLES-53131,Full Spectrum Warrior
SLES-53138,Outlaw Volleyball Remixed
SLES-53139,Alien Hominid
SLES-53140,Choro Q
SLES-53141,X-treme Quads
SLES-53142,Doomsday Racers
SLES-53143,Fantastic 4
SLES-53144,Fantastic 4
SLES-53145,Fantastic 4
SLES-53146,I Fantastici 4
SLES-53147,Fantastic 4
SLES-53148,Fruit Fall
SLES-53149,LMA Manager 2005
SLES-53150,10 Pin: Champions Alley
SLES-53151,Juiced
SLES-53152,Mashed: Fully Loaded
SLES-53154,The Bard's Tale
SLES-53155,Star Wars: Episode III: Revenge of the Sith
SLES-53156,Star Wars: Episode III: La Revanche des Sith
SLES-53157,Star Wars: Episode III: Die Rache der Sith
SLES-53158,Cold Fear
SLES-53172,Strike Force Bowling
SLES-53173,Truck Racing 2
SLES-53174,Golden Age of Racing
SLES-53175,Top Spin
SLES-53186,International Super Karts
SLES-53189,Maniac Mole
SLES-53190,Girl Zone
SLES-53191,Kaido Racer
SLES-53192,Tim Burton's The Nightmare Before Christmas: Oogie's Revenge
SLES-53193,Puzzle Party: 10 Games
SLES-53194,LEGO Star Wars: The Video Game
SLES-53195,The Punisher
SLES-53196,Destroy All Humans!
SLES-53197,Destroy All Humans!
SLES-53199,25 to Life
SLES-53200,Dragon Ball Z: Budokai Tenkaichi
SLES-53201,Saint Seiya: The Sanctuary
SLES-53203,The Punisher
SLES-53218,Dancing Stage Max
SLES-53219,Winx Club
SLES-53221,L'Entraîneur 5: Saison 04/05
SLES-53222,Scudetto 5
SLES-53223,Championship Manager 5
SLES-53224,Championship Manager 5
SLES-53225,DreamWorks Madagascar
SLES-53226,DreamWorks Madagascar
SLES-53227,DreamWorks Madagascar
SLES-53231,Le Avventure di Lupin III: Il Tesoro del Re Stregone
SLES-53233,Assault Suits Valken
SLES-53234,Samurai Western
SLES-53235,Syberia II
SLES-53236,Fishing Fantasy: Buzzrod
SLES-53237,Fire Heroes
SLES-53238,Premier Manager 2005-2006
SLES-53242,DreamWorks Madagascar
SLES-53246,DreamWorks Madagascar
SLES-53265,Agent Hugo: Hula Holiday
SLES-53280,7 Sins
SLES-53281,Fantastic 4
SLES-53282,Harvest Fishing
SLES-53284,Guilty Gear Isuka
SLES-53286,Jak X: Platinum [IT]
SLES-53287,Tom Clancy's Splinter Cell: Chaos Theory
SLES-53296,Ford Mustang: The Legend Lives
SLES-53297,7 Sins
SLES-53299,Delta Force: Black Hawk Down
SLES-53301,Bomberman Hardball
SLES-53303,RTL Skijumping 2006
SLES-53309,Transformers
SLES-53311,Graffiti Kingdom
SLES-53312,SoulCalibur III: Platinum [SE][DK][FI][NO]
SLES-53314,Frankie Dettori Racing
SLES-53317,Black Market Bowling
SLES-53318,Crazy Golf: World Tour
SLES-53319,Resident Evil: Outbreak: File #2
SLES-53320,SCAR: Squadra Corse Alfa Romeo
SLES-53321,The X Factor Sing
SLES-53322,ObsCure
SLES-53332,Medal of Honor: European Assault
SLES-53333,Medal of Honor: Les Faucons de Guerre
SLES-53334,Medal of Honor: European Assault
SLES-53335,Medal of Honor: European Assault
SLES-53336,Medal of Honor: European Assault
SLES-53338,Victorious Boxers 2: Fighting Spirit
SLES-53339,Dynasty Warriors 5
SLES-53340,Dynasty Warriors 5
SLES-53341,Dynasty Warriors 5
SLES-53342,Cricket 2005
SLES-53343,City Soccer Challenge [AT][FR]
SLES-53344,Guerrilla Strike
SLES-53345,Shadow of Ganymede
SLES-53346,Dragon Ball Z: Budokai 3: Collector's Edition
SLES-53350,Sonic Gems Collection
SLES-53353,Shonen Jump's Shaman King: Power of Spirit
SLES-53354,Superbike GP
SLES-53355,Obliterate
SLES-53356,Colosseum: Road to Freedom
SLES-53357,21 Card Games
SLES-53358,24: The Game [DK][FI][NO][SE]
SLES-53360,Alarm for Cobra 11 Vol. 2: Hot Pursuit
SLES-53361,Stealth Force: The War on Terror
SLES-53362,Alpine Skiing 2005
SLES-53363,Shin Megami Tensei: Lucifer's Call
SLES-53364,7 Sins
SLES-53366,Killer7
SLES-53367,Dodgeball
SLES-53368,Splatter Master
SLES-53369,Twenty 2 Party
SLES-53370,Real World Golf
SLES-53371,Real World Golf
SLES-53372,Tourist Trophy: Platinum
SLES-53373,DreamWorks Madagascar
SLES-53374,X-Men Legends II: Rise of Apocalypse
SLES-53377,X-Men Legends II: Rise of Apocalypse
SLES-53380,Metal Slug 4
SLES-53381,The King of Fighters 2002
SLES-53382,"King of Fighters 2003, The [FR]"
SLES-53383,Metal Slug 5
SLES-53386,Charlie and the Chocolate Factory
SLES-53387,Batman Begins
SLES-53388,Rhythmic Star!
SLES-53390,Ultimate Spider-Man
SLES-53391,Ultimate Spider-Man
SLES-53393,Spartan: Total Warrior
SLES-53396,Spartan: Total Warrior
SLES-53398,Zombie Zone
SLES-53399,Yakuza Fury
SLES-53400,Shogun's Blade
SLES-53401,Iron Sea
SLES-53402,Taxi Rider
SLES-53403,Demolition Girl
SLES-53404,Deep Water
SLES-53405,Digimon World 4
SLES-53406,Party Girls
SLES-53407,Street Boyz
SLES-53408,Fighting Angels
SLES-53411,Kuon
SLES-53413,Rebel Raiders: Operation Nighthawk
SLES-53414,Echo Night: Beyond
SLES-53415,Call of Duty 2: Big Red One
SLES-53416,Call of Duty 2: Big Red One
SLES-53417,Call of Duty 2: Big Red One
SLES-53418,Tak: The Great Juju Challenge
SLES-53419,L.A. Rush
SLES-53420,Disney Urodzinowe Przygody Kubusia
SLES-53422,Stuart Little 3: Big Photo Adventure
SLES-53424,Dead to Rights II
SLES-53430,The Incredible Hulk: Ultimate Destruction
SLES-53433,NHL 06
SLES-53434,Red Baron
SLES-53435,SAS: Anti-Terror Force
SLES-53436,Yetisports Arctic Adventures
SLES-53438,Taito Legends
SLES-53439,Crash Tag Team Racing
SLES-53441,Heroes of the Pacific
SLES-53443,The Warriors
SLES-53444,Panzer Elite Action: Fields of Glory
SLES-53446,Arcade USA
SLES-53452,Myth Makers: Trixie in Toyland
SLES-53457,Evil Dead: Regeneration
SLES-53458,Shin Megami Tensei: Digital Devil Saga
SLES-53459,Marc Ecko's Getting Up: Contents Under Pressure
SLES-53461,Sega Classics Collection
SLES-53462,The Matrix: Path of Neo
SLES-53463,NHL 06
SLES-53464,The Great British Football Quiz
SLES-53465,Maxi Quiz du Foot Français
SLES-53466,Il Grande quiz sul calcio italiano
SLES-53468,Family Board Games
SLES-53470,"Grote Nederlandse Voetbalquiz, De"
SLES-53471,LMA Manager 2006
SLES-53473,Disney/Pixar The Incredibles: Rise of the Underminer
SLES-53474,Disney/Pixar The Incredibles: Rise of the Underminer
SLES-53480,Harvest Moon: A Wonderful Life: Special Edition
SLES-53481,10.000 Bullets
SLES-53483,Magna Carta: Tears of Blood
SLES-53484,Eagle Eye Golf
SLES-53485,Car Racing Challenge
SLES-53487,Forty 4 Party
SLES-53488,Puzzle Maniacs
SLES-53489,Paparazzi
SLES-53490,Outlaw Tennis
SLES-53491,Karaoke Stage 2
SLES-53492,Total Overdose
SLES-53494,"Nickelodeon SpongeBob SquarePants: Lights, Camera, Pants!"
SLES-53495,Nickelodeon Bob L'éponge: Silence on Tourne!
SLES-53496,Nickelodeon SpongeBob: Ciak si Gira!
SLES-53497,Nickelodeon SpongeBob Schwammkopf: Film ab!
SLES-53498,"Nickelodeon Bob Esponja: ¡Luces, Cámara, Esponja!"
SLES-53499,"Nickelodeon SpongeBob SquarePants: Licht uit, Camera aan!"
SLES-53500,"Nickelodeon Svampbob Fyrkant: Tystnad, Tagning, Tvättsvamp!"
SLES-53501,Star Wars Battlefront II: Platinum
SLES-53502,Star Wars: Battlefront II
SLES-53503,Star Wars: Battlefront II
SLES-53504,Agent Hugo
SLES-53505,Beat Down: Fists of Vengeance
SLES-53506,Burnout Revenge
SLES-53507,Burnout Revenge
SLES-53508,Ultimate Pro Pinball
SLES-53509,Hello Kitty: Roller Rescue
SLES-53510,Madden NFL 06
SLES-53518,Castle Shikigami 2
SLES-53521,Musashi: Samurai Legend
SLES-53523,Gun
SLES-53524,Mortal Kombat: Shaolin Monks
SLES-53525,Mortal Kombat: Shaolin Monks
SLES-53526,The Suffering: Ties That Bind
SLES-53527,The Suffering: Ties That Bind
SLES-53528,The Suffering: Ties That Bind
SLES-53529,FIFA 06
SLES-53530,FIFA 06
SLES-53531,FIFA 06
SLES-53532,FIFA 06
SLES-53533,FIFA 06
SLES-53534,Tony Hawk's American Wasteland
SLES-53535,Tony Hawk's American Wasteland
SLES-53536,London Racer: Police Madness
SLES-53539,Fahrenheit
SLES-53540,Fahrenheit
SLES-53541,Tiger Woods PGA Tour 06
SLES-53542,Shadow the Hedgehog
SLES-53544,Pro Evolution Soccer 5
SLES-53545,Pro Evolution Soccer 5
SLES-53546,NBA Live 06
SLES-53547,NBA Live '06
SLES-53548,GigaWing Generations
SLES-53551,SSX on Tour
SLES-53552,SSX on Tour
SLES-53553,007: From Russia with Love
SLES-53556,Driver: Parallel Lines
SLES-53557,Need for Speed: Most Wanted
SLES-53558,Need for Speed: Most Wanted
SLES-53559,Need for Speed: Most Wanted
SLES-53560,Sonic Riders
SLES-53561,Canis Canem Edit
SLES-53563,Nickelodeon SpongeBob SquarePants and Friends Unite!
SLES-53564,Darkwatch
SLES-53566,London Taxi: Rushour
SLES-53569,Mini Desktop Racing
SLES-53570,Ninjabread Man
SLES-53571,Anubis II
SLES-53572,Rig Racer 2
SLES-53574,Bratz: Rock Angelz
SLES-53575,Bratz: Rock Angelz
SLES-53576,Bratz: Rock Angelz
SLES-53577,Bratz: Rock Angelz
SLES-53578,Bratz: Rock Angelz
SLES-53579,Shonen Jump's One Piece: Grand Battle
SLES-53580,NBA Live 06
SLES-53581,NBA Live 06
SLES-53582,Bratz: Rock Angelz
SLES-53583,Bratz: Rock Angelz
SLES-53585,Marvel Nemesis: Rise of the Imperfects
SLES-53587,Garfield: Saving Arlene
SLES-53592,Zombie Attack
SLES-53594,Living World Racing
SLES-53595,Wild Water Adrenaline featuring Salomon
SLES-53596,The Ultimate Film Quiz
SLES-53597,The Ultimate Sports Quiz
SLES-53598,The Ultimate Trivia Quiz
SLES-53599,The Ultimate Music Quiz
SLES-53600,The Ultimate World Cup Quiz
SLES-53601,International Cue Club 2
SLES-53614,Classic British Motor Racing
SLES-53616,True Crime: New York City
SLES-53617,True Crime: New York City
SLES-53618,True Crime: New York City
SLES-53621,Wallace & Gromit: The Curse of the Were-Rabbit
SLES-53623,Nickelodeon Bob L'éponge: La Bataille de Bikini Bottom
SLES-53624,Disney's Pixar: Cars
SLES-53626,The Suffering: Ties That Bind
SLES-53632,Dance:UK XL Party
SLES-53633,Dance:UK XL Lite
SLES-53634,Nicktoons Unite!
SLES-53635,NASCAR 06: Total Team Control
SLES-53636,Ty: The Tasmanian Tiger 3: Night of the Quinkan
SLES-53638,Ski Racing 2006
SLES-53639,Ford Street Racing
SLES-53640,Das Große deutsche Fußball-Quiz
SLES-53641,Destroy All Humans!
SLES-53644,Gene Troopers
SLES-53645,Knights of the Temple II
SLES-53646,World Racing 2
SLES-53647,Gun
SLES-53651,WWII: Soldier
SLES-53652,Daemon Summoner
SLES-53653,WWII: Battles Over Europe
SLES-53654,London Racer: Destruction Madness
SLES-53656,Full Spectrum Warrior: Ten Hammers
SLES-53657,DreamWorks Shrek: SuperSlam
SLES-53658,Disney/Pixar The Incredibles: Rise of the Underminer
SLES-53659,Brothers in Arms: Earned in Blood
SLES-53661,Capcom Classics Collection
SLES-53666,Midway Arcade Treasures 3
SLES-53667,Gauntlet: Seven Sorrows
SLES-53668,Micro Machines V4
SLES-53672,Ultimate Spider-Man
SLES-53676,WWE SmackDown! vs. Raw 2006
SLES-53677,WWE SmackDown! vs. Raw 2006
SLES-53682,James Pond: Codename Robocod
SLES-53683,Kiddies Party Pack
SLES-53685,Codename: Kids Next Door: Operation: V.I.D.E.O.G.A.M.E.
SLES-53686,NHL 2K6
SLES-53687,NBA 2K6
SLES-53689,World Poker Tour
SLES-53690,Makai Kingdom: Chronicles of the Sacred Tome
SLES-53695,Nickelodeon Tak: The Great Juju Challenge
SLES-53696,Zathura
SLES-53697,Nick Jr. Dora the Explorer: Journey to the Purple Planet
SLES-53698,Ford vs. Chevy
SLES-53699,Swords of Destiny
SLES-53701,Super Monkey Ball Adventure
SLES-53702,Resident Evil 4
SLES-53703,Peter Jackson's King Kong: The Official Game of the Movie
SLES-53704,Peter Jackson's King Kong: The Official Game of the Movie
SLES-53705,Peter Jackson's King Kong: The Official Game of the Movie
SLES-53706,"The Chronicles of Narnia: The Lion, the Witch and the Wardrobe"
SLES-53707,Die Chroniken von Narnia: Der König von Narnia
SLES-53708,"Le Cronache di Narnia: Il leone, la strega e l'armadio"
SLES-53709,"The Chronicles of Narnia: The Lion, the Witch and the Wardrobe"
SLES-53710,"Las Crónicas de Narnia: El León, la Bruja y el Armario"
SLES-53711,"The Chronicles of Narnia: The Lion, The Witch, and The Wardrobe"
SLES-53712,"The Chronicles of Narnia: The Lion, the Witch and the Wardrobe"
SLES-53713,"Opowieści z Narnii: Lew, Czarownica i Stara Szafa"
SLES-53714,"The Chronicles of Narnia: The Lion, The Witch, and The Wardrobe"
SLES-53715,"The Chronicles of Narnia: The Lion, the Witch and the Wardrobe"
SLES-53716,Without Warning
SLES-53717,Midnight Club 3: DUB Edition Remix
SLES-53718,The Sims 2
SLES-53722,Call of Duty 2: Big Red One
SLES-53724,World Series of Poker
SLES-53725,Astérix & Obélix XXL 2
SLES-53726,Harry Potter and the Goblet of Fire
SLES-53727,Harry Potter and the Goblet of Fire
SLES-53728,Harry Potter and the Goblet of Fire
SLES-53729,Battlefield 2: Modern Combat
SLES-53730,Battlefield 2: Modern Combat
SLES-53734,50 Cent: Bulletproof
SLES-53736,Billy the Wizard: Rocket Broomstick Racing
SLES-53738,Disney Chicken Little
SLES-53739,Disney's Chicken Little
SLES-53740,Disneys Himmel und Huhn
SLES-53741,Disney's Chicken Little
SLES-53742,Disney's Chicken Little
SLES-53743,Disney's Chicken Little
SLES-53744,Disney's Chicken Little
SLES-53746,Superman Returns
SLES-53747,"Ed, Edd n Eddy: The Mis-Edventures [DE][FR][UK]"
SLES-53748,Quest for Sleeping Beauty
SLES-53749,Cabela's Outdoor Adventures
SLES-53751,DreamWorks Shrek: SuperSlam
SLES-53752,DreamWorks Shrek: SuperSlam
SLES-53753,Test Drive Unlimited
SLES-53754,ATV Offroad Fury 3
SLES-53755,Castlevania: Curse of Darkness
SLES-53756,Resident Evil 4
SLES-53758,Sniper Elite
SLES-53759,The Matrix: Path of Neo
SLES-53760,Rugby Challenge 2006
SLES-53761,Friends: The One with All the Trivia
SLES-53763,Tom Clancy's Ghost Recon: Advanced Warfighter
SLES-53764,Atelier Iris: Eternal Mana
SLES-53765,Stella Deus: The Gate of Eternity
SLES-53767,Magna Carta: Les Larmes de Sang
SLES-53768,The Sword of Etheria
SLES-53769,Suikoden Tactics
SLES-53772,Air Raid 3
SLES-53773,Cartoon Kingdom
SLES-53775,Reservoir Dogs
SLES-53777,Prince of Persia: The Two Thrones
SLES-53778,Jacked
SLES-53779,American Chopper 2: Full Throttle
SLES-53793,Pro Evolution Soccer 5
SLES-53794,Drakengard 2
SLES-53796,FIFA Street 2
SLES-53797,FIFA Street 2
SLES-53799,The Matrix: Path of Neo
SLES-53800,Rampage: Total Destruction
SLES-53803,Friends: Das Trivia Game
SLES-53804,SeaWorld Adventure Parks: Shamu's Deep Sea Adventures
SLES-53805,Cocoto Funfair
SLES-53809,K-1 Premium Dynamite!!
SLES-53810,Sensible Soccer 2006
SLES-53812,Codename: Kids Next Door: Operation: V.I.D.E.O.G.A.M.E.
SLES-53813,Friends: Celui Qui Répond À Toutes les Questions
SLES-53819,Armored Core: Nine Breaker
SLES-53820,Armored Core: Last Raven
SLES-53821,Radio Helicopter II
SLES-53824,Trapt
SLES-53825,Project Zero 3
SLES-53826,Tom Clancy's Splinter Cell: Double Agent
SLES-53827,Tom Clancy's Splinter Cell: Double Agent
SLES-53828,We Love Katamari
SLES-53829,Raiden III
SLES-53830,Psychonauts
SLES-53831,BloodRayne 2
SLES-53832,BloodRayne 2
SLES-53846,Soccer Life 2
SLES-53847,Street Golfer
SLES-53848,Flow: Urban Dance Uprising
SLES-53849,Astérix & Obélix XXL 2
SLES-53850,Teenage Mutant Ninja Turtles 3: Mutant Nightmare
SLES-53852,Taito Legends 2
SLES-53853,Final Fight Streetwise
SLES-53855,Heracles: Battle with the Gods
SLES-53857,Need for Speed: Most Wanted: Black Edition
SLES-53860,Dynasty Warriors 5: Xtreme Legends
SLES-53861,Dynasty Warriors 5: Xtreme Legends
SLES-53862,Dynasty Warriors 5: Xtreme Legends
SLES-53863,Pool Paradise: International Edition
SLES-53866,DreamWorks Over the Hedge
SLES-53867,Alpine Skiing 2006 featuring Bode Miller
SLES-53869,Crazy Frog Racer
SLES-53870,Devil Kings
SLES-53871,Tengai
SLES-53872,Samurai Aces
SLES-53873,Sol Divide
SLES-53874,Dragon Blaze
SLES-53877,Premier Manager 2006-2007
SLES-53885,Cabela's Dangerous Hunts 2
SLES-53886,Black
SLES-53899,Pro Evolution Soccer Management
SLES-53900,Kaido Racer 2
SLES-53901,Torino 2006
SLES-53902,Leaderboard Golf
SLES-53903,Franklin the Turtle: A Birthday Surprise
SLES-53904,DT Racer
SLES-53906,50 Cent: Bulletproof
SLES-53908,Lara Croft Tomb Raider: Legend
SLES-53909,Full Spectrum Warrior: Ten Hammers
SLES-53910,Agent Hugo
SLES-53911,Rugby 06
SLES-53912,Rugby 06
SLES-53913,The Plan
SLES-53914,The Plan
SLES-53915,Space War Attack
SLES-53917,G1 Jockey 4
SLES-53920,Speed Machines 3
SLES-53921,Chemist Tycoon
SLES-53922,Carwash Tycoon
SLES-53923,London Cab Challenge
SLES-53924,Combat Ace
SLES-53934,G-Force
SLES-53935,Dynamite 100
SLES-53936,Snow Rider
SLES-53940,Smarties: Meltdown
SLES-53945,Championship Manager 2006
SLES-53948,Winter Sports
SLES-53949,Magna Carta: Lacrime di Sangue
SLES-53952,"Cue Academy: Snooker, Pool, Billiards"
SLES-53955,Friends: The One with All the Trivia
SLES-53956,Aeon Flux
SLES-53957,Namco Museum 50th Anniversary
SLES-53958,Noble Racing
SLES-53959,Pac-Man World 3
SLES-53961,Rock 'n' Roll Adventures
SLES-53963,Downhill Slalom
SLES-53964,Homura
SLES-53965,The Plan
SLES-53966,Taito Legends
SLES-53967,The Godfather
SLES-53968,Le Parrain
SLES-53969,Der Pate
SLES-53970,Il Padrino
SLES-53971,El Padrino
SLES-53972,Stock Car Crash
SLES-53974,Dragon Quest: The Journey of the Cursed King
SLES-53976,Evolution GT
SLES-53979,Torrente 3: El Protector
SLES-53982,Fight Night Round 3
SLES-53984,Ice Age 2: The Meltdown
SLES-53986,DreamWorks La Gang del Bosco
SLES-53987,DreamWorks Vecinos Invasores
SLES-53988,DreamWorks Over the Hedge
SLES-53989,DreamWorks Over the Hedge
SLES-53991,Urban Chaos: Riot Response
SLES-53994,50 Cent Bulletproof
SLES-53995,World Championship Poker 2 featuring Howard Lederer
SLES-53996,Army Men: Major Malfunction
SLES-53998,OutRun 2006: Coast 2 Coast
SLES-53999,The King of Fighters: Neowave
SLES-54002,FlatOut 2
SLES-54003,FlatOut 2
SLES-54004,Disney's Pixar: Cars
SLES-54006,Disney/Pixar Cars
SLES-54007,Disney/Pixar Cars
SLES-54010,Disney's Pixar: Cars: Motori Ruggenti
SLES-54011,Disney's Pixar: Bilar
SLES-54012,Disney's Pixar: Cars
SLES-54013,World Snooker Championship 2007
SLES-54015,Disney's Pixar: Cars
SLES-54016,AND 1 Streetball
SLES-54018,Jackpot Madness
SLES-54021,Ruff Trigger: The Vanocore Conspiracy
SLES-54023,The Bible Game
SLES-54027,Driver: Parallel Lines
SLES-54030,Black
SLES-54031,The Da Vinci Code
SLES-54033,Search & Destroy
SLES-54060,Fruit Machine Mania
SLES-54061,FIFA World Cup Germany 2006
SLES-54062,FIFA World Cup Germany 2006
SLES-54063,FIFA World Cup Germany 2006
SLES-54064,FIFA World Cup Germany 2006
SLES-54065,Fifa World Cup: Germany 2006
SLES-54066,X-Men: The Official Game
SLES-54074,Speedboat GP
SLES-54075,ProStroke Golf
SLES-54080,World Super Police
SLES-54081,FIFA World Cup Germany 2006
SLES-54083,Pirates of the Caribbean: The Legend of Jack Sparrow
SLES-54084,Powershot Pinball
SLES-54085,Street Fighter Alpha Anthology
SLES-54087,Suikoden V
SLES-54089,State of Emergency 2
SLES-54092,State of Emergency 2
SLES-54093,Guitar Hero
SLES-54095,Dynasty Warriors 5: Empires
SLES-54096,Dynasty Warriors 5: Empires
SLES-54097,Dynasty Warriors 5: Empires
SLES-54106,Kidz Sports Ice Hockey
SLES-54107,Kidz Sports Basketball
SLES-54108,Habitrail Hamster Ball
SLES-54109,Offroad Extreme! Special Edition
SLES-54110,Monster Trux Arenas: Special Edition
SLES-54111,PDC World Championship Darts
SLES-54112,Myth Makers: Orbs of Doom
SLES-54113,Myth Makers: Super Kart GP
SLES-54114,Kingdom Hearts II
SLES-54115,Delta Force: Black Hawk Down: Team Sabre
SLES-54116,Operation WinBack 2: Project Poseidon
SLES-54117,Torrente 3: The Protector
SLES-54118,The Da Vinci Code
SLES-54120,"Snow Queen Quest, The"
SLES-54122,Robin Hood 2: The Siege
SLES-54123,Marvel: Ultimate Alliance
SLES-54124,The Quest for Aladdin's Treasure
SLES-54125,Robin Hood's Quest
SLES-54126,Family Guy: Video Game!
SLES-54130,SpyHunter: Nowhere to Run
SLES-54132,Guitar Hero
SLES-54135,Grand Theft Auto: Liberty City Stories
SLES-54136,Grand Theft Auto: Liberty City Stories
SLES-54137,Just Cause
SLES-54138,Steambot Chronicles
SLES-54139,Earache: Extreme Metal Racing
SLES-54140,Playwize Poker & Casino
SLES-54142,Xena: Warrior Princess
SLES-54143,Hard Rock Casino
SLES-54146,Crusty Demons
SLES-54147,Ice Age 2: The Meltdown
SLES-54150,Bionicle Heroes
SLES-54151,Let's Make a Soccer Team!
SLES-54152,The Ant Bully
SLES-54153,Virtua Pro Football
SLES-54154,D-Unit Drift Racing
SLES-54155,Drag Racer USA
SLES-54156,Mortal Kombat: Armageddon
SLES-54157,SnoCross 2 featuring Blair Morgan
SLES-54158,Hummer Badlands
SLES-54159,Eragon
SLES-54160,Eragon
SLES-54161,Super Dragon Ball Z
SLES-54162,Saint Seiya: The Hades
SLES-54163,Naruto: Ultimate Ninja
SLES-54164,Dragon Ball Z: Budokai Tenkaichi 2
SLES-54165,Shonen Jump's One Piece: Grand Adventure
SLES-54166,Call of Duty 3
SLES-54167,Call of Duty 3
SLES-54168,Call of Duty 3
SLES-54169,Aeon Flux
SLES-54170,Jaws Unleashed
SLES-54171,Yakuza
SLES-54172,Garfield 2
SLES-54173,DreamWorks' P Andra Sidan Hcken (Over the hedge)
SLES-54174,ZooCube
SLES-54178,The Ant Bully
SLES-54179,Disney Pirates of the Caribbean: At World's End
SLES-54181,Gottlieb Pinball Classics
SLES-54182,Scarface: The World Is Yours
SLES-54183,Scarface: The World Is Yours
SLES-54184,Scarface: The World Is Yours
SLES-54185,Dirge of Cerberus: Final Fantasy VII
SLES-54186,Devil May Cry 3: Dante's Awakening
SLES-54187,Real World Golf 2007
SLES-54188,Nickelodeon Avatar: The Legend of Aang
SLES-54193,Carol Vorderman's Sudoku
SLES-54194,Carol Vorderman's Sudoku
SLES-54195,Turbo Trucks
SLES-54199,Who Wants to Be a Millionaire: Party Edition
SLES-54200,Just Cause
SLES-54203,Pro Evolution Soccer 6
SLES-54204,Pro Evolution Soccer 6
SLES-54205,WWI: Aces of the Sky
SLES-54207,NHL 2K7
SLES-54209,The Sopranos: Road to Respect
SLES-54210,NBA 2K7
SLES-54211,NHL 2K7
SLES-54212,Agent Hugo: RoboRumble
SLES-54213,Black Buccaneer
SLES-54215,Monster House
SLES-54216,Monster House
SLES-54217,Monster House
SLES-54218,Rule of Rose
SLES-54221,LEGO Star Wars II: The Original Trilogy
SLES-54222,Super-Bikes Riding Challenge
SLES-54223,NASCAR 07
SLES-54224,Australian Idol Sing
SLES-54225,LMA Manager 2007
SLES-54230,Brian Lara International Cricket 2007
SLES-54231,Ricky Ponting International Cricket 2007
SLES-54232,Kingdom Hearts II
SLES-54233,Kingdom Hearts II
SLES-54234,Kingdom Hearts II
SLES-54235,Kingdom Hearts II
SLES-54237,Pirates of the Caribbean: The Legend of Jack Sparrow
SLES-54239,Wild Arms 4
SLES-54240,FIFA 07
SLES-54241,FIFA 07
SLES-54243,FIFA 07
SLES-54244,FIFA 07
SLES-54245,NHL 07
SLES-54246,Fifa '07
SLES-54248,Madden NFL 07
SLES-54250,NBA Live 07
SLES-54251,NBA Live 07
SLES-54252,NBA Live 07
SLES-54253,Tiger Woods PGA Tour 07
SLES-54254,Evolution GT
SLES-54255,The King of Fighters: Maximum Impact 2
SLES-54256,WWII: Battle over the Pacific
SLES-54271,Scarface: The World Is Yours
SLES-54305,Demon Chaos
SLES-54306,Cartoon Network Racing
SLES-54307,Rayman: Raving Rabbids
SLES-54308,Phantasy Star Universe
SLES-54309,Strawberry Shortcake: The Sweet Dreams Game
SLES-54310,Open Season
SLES-54311,Noddy and the Magic Book
SLES-54313,Legend of the Dragon
SLES-54316,Open Season
SLES-54317,Ghost Rider
SLES-54319,Biker Mice from Mars
SLES-54320,Championship Manager 2007
SLES-54321,Need for Speed: Carbon
SLES-54322,Need for Speed: Carbon
SLES-54323,Need for Speed: Carbon
SLES-54324,Need for Speed: Carbon
SLES-54326,Raceway: Drag & Stock Racing
SLES-54331,Street Dance
SLES-54332,Dance Fest
SLES-54333,Sega Mega Drive Collection
SLES-54335,Steambot Chronicles
SLES-54336,Lumines Plus
SLES-54339,Realm of the Dead
SLES-54340,Samurai Warriors 2
SLES-54341,Dancing Stage SuperNova
SLES-54342,Bratz: Forever Diamondz
SLES-54343,Bratz: Forever Diamondz
SLES-54344,Bratz: Forever Diamondz
SLES-54346,Heatseeker
SLES-54347,The Sims 2: Pets
SLES-54348,Superman Returns
SLES-54349,Superman Returns
SLES-54350,Superman Returns
SLES-54351,Superman Returns
SLES-54354,Final Fantasy XII
SLES-54355,Final Fantasy XII
SLES-54356,Final Fantasy XII
SLES-54357,Final Fantasy XII
SLES-54358,Final Fantasy XII
SLES-54359,The Legend of Spyro: A New Beginning
SLES-54360,Pro Evolution Soccer 6
SLES-54361,Pro Evolution Soccer 6
SLES-54362,Pro Evolution Soccer 6
SLES-54364,Curious George
SLES-54365,AMF Xtreme Bowling 2006
SLES-54366,David Douillet Judo
SLES-54368,RTL Skispringen 2007
SLES-54370,Alpine Ski Racing 2007: Bode Miller vs. Hermann Maier
SLES-54372,RTL Biathlon 2007
SLES-54374,RTL Winter Games 2007
SLES-54376,Nickelodeon Barnyard
SLES-54377,Nick: Der tierisch verrückte Bauernhof
SLES-54378,Nickelodeon Barnyard
SLES-54379,NFL Street 3
SLES-54380,Babe
SLES-54381,Dr. Dolittle
SLES-54382,Jumanji
SLES-54383,Casper and the Ghostly Trio
SLES-54384,Destroy All Humans! 2
SLES-54385,Atelier Iris 2: The Azoth of Destiny
SLES-54388,Disney's Kim Possible: What's the Switch?
SLES-54389,Tony Hawk's Project 8
SLES-54390,Tony Hawk's Project 8
SLES-54393,Pippa Funnell: Take the Reins
SLES-54394,Family Guy: Video Game!
SLES-54395,NeoGeo Battle Coliseum
SLES-54396,Cricket 07
SLES-54400,Nickelodeon SpongeBob SquarePants: Creature from the Krusty Krab
SLES-54402,Need for Speed: Carbon: Collector's Edition
SLES-54410,Monster Trux Arenas: Special Edition
SLES-54420,Arthur and the Minimoys
SLES-54421,Happy Feet
SLES-54423,Justice League Heroes
SLES-54424,Dr. Dolittle
SLES-54425,Babe
SLES-54426,Casper and the Ghostly Trio
SLES-54427,Jumanji
SLES-54430,Teen Titans
SLES-54431,Teen Titans
SLES-54432,Mercury Meltdown Remix
SLES-54433,Dr. Dolittle
SLES-54434,Babe
SLES-54435,Casper and the Ghostly Trio
SLES-54436,Jumanji
SLES-54437,The King of Fighters XI
SLES-54439,Ōkami
SLES-54440,GT-R Touring
SLES-54441,Hawk Kawasaki Racing
SLES-54442,Guitar Hero II
SLES-54443,Made Man
SLES-54444,Made Man
SLES-54447,Pro Evolution Soccer 6
SLES-54448,World Series of Poker: Tournament of Champions: 2007 Edition
SLES-54449,Disney's Chicken Little: Ace in Action
SLES-54450,Disney Chicken Little: Aventures Intergalactiques
SLES-54451,Disneys Himmel und Huhn: Ace in Action
SLES-54452,Disney Chicken Little: As en Acción
SLES-54453,Disney Chicken Little: Asso Spaziale!
SLES-54454,Disgaea 2: Cursed Memories
SLES-54455,Thrillville
SLES-54456,Beverly Hills Cop
SLES-54458,Party Carnival
SLES-54459,All-Star Fighters
SLES-54460,Dragon Sisters
SLES-54461,Zombie Zone: Other Side
SLES-54462,Zombie Virus
SLES-54463,Sprint Cars: Road to Knoxville
SLES-54464,Global Defence Force
SLES-54465,CSI: Crime Scene Investigation
SLES-54466,Test Drive Unlimited
SLES-54467,Final Armada
SLES-54468,Crazy Chicken X
SLES-54469,Home Alone
SLES-54471,Captain Scarlet [IT]
SLES-54472,Home Alone
SLES-54473,The Flintstones: Bedrock Racing
SLES-54474,Curious George
SLES-54475,Darwin
SLES-54476,Buccaneer
SLES-54478,TMNT
SLES-54483,The Fast and the Furious
SLES-54485,Cinderella
SLES-54486,Xiaolin Showdown
SLES-54487,Tokobot Plus: Mysteries of the Karakuri
SLES-54488,WWE SmackDown vs. Raw 2007
SLES-54489,WWE SmackDown vs. Raw 2007
SLES-54490,God Hand
SLES-54492,Need for Speed: Carbon: Collector's Edition
SLES-54493,Need for Speed: Carbon
SLES-54494,Little Britain: The Video Game
SLES-54503,Hard Rock Casino
SLES-54508,National Geographic: Safari Adventures Africa
SLES-54510,Walt Disney Pictures Presents Meet the Robinsons
SLES-54511,UEFA Champions League 2006-2007
SLES-54512,UEFA Champions League 2006-2007
SLES-54513,UEFA Champions League 2006-2007
SLES-54516,Thrillville
SLES-54517,Thrillville
SLES-54518,Clumsy Shumsy
SLES-54519,Ford Street Racing XR Edition
SLES-54520,Agent Hugo: RoboRumble
SLES-54521,Nickelodeon SpongeBob and Friends: Battle for Volcano Island
SLES-54522,SpongeBob and Friends: Battle for Volcano Island
SLES-54527,DreamWorks & Aardman Flushed Away
SLES-54532,Home Alone
SLES-54534,Scarface: The World Is Yours: Collector's Edition
SLES-54536,Big Idea's VeggieTales: LarryBoy and the Bad Apple
SLES-54537,K.O. King
SLES-54540,Hawk Superbike Racing
SLES-54541,Xena: Warrior Princess
SLES-54542,Xena: Warrior Princess
SLES-54544,Gun Club
SLES-54545,Maxxed Out Racing Nitro
SLES-54546,Pippa Funnell: Take the Reins
SLES-54547,World Championship Poker featuring Howard Lederer: All In
SLES-54548,Cocoto Fishing Master
SLES-54549,Crazy Frog Racer 2
SLES-54550,White Van Racer
SLES-54551,Premier Manager 2006-2007
SLES-54553,DreamWorks Shrek: Smash n' Crash Racing
SLES-54554,Star Trek: Encounters
SLES-54555,Shin Megami Tensei: Digital Devil Saga 2
SLES-54559,Free Running
SLES-54560,Alpine Ski Racing 2007: Bode Miller vs. Hermann Maier
SLES-54561,Capcom Classics Collection Vol. 2
SLES-54563,Super Fruit Fall
SLES-54566,Barbie in the 12 Dancing Princesses
SLES-54568,Covert Command
SLES-54569,Zombie Hunters 2
SLES-54579,The Flintstones: Bedrock Racing
SLES-54581,The Red Star
SLES-54582,International Tennis Pro
SLES-54583,Surf's Up
SLES-54584,Pac-Man Rally
SLES-54586,Ar tonelico: Melody of Elemia
SLES-54587,Raw Danger
SLES-54588,Brunswick Pro Bowling
SLES-54589,Global Defence Force Tactics
SLES-54590,Hard Knock High
SLES-54591,Special Forces
SLES-54592,Pétanque Pro
SLES-54593,Space Rebellion
SLES-54596,Heatseeker
SLES-54604,¡Qué Pasa Neng! El Videojuego
SLES-54606,Harley-Davidson Motor Cycles
SLES-54607,MTV Pimp My Ride
SLES-54608,Barbie in the 12 Dancing Princesses
SLES-54611,TT Superbikes: Real Road Racing Championship
SLES-54612,Captain Scarlet
SLES-54614,Lucinda Green's Equestrian Challenge
SLES-54615,Code of the Samurai
SLES-54616,Fantastic Four: Rise of the Silver Surfer
SLES-54617,Action Man A.T.O.M.: Alpha Teens on Machines
SLES-54619,Pinocchio
SLES-54620,Snow White & the 7 Clever Boys
SLES-54622,Grand Theft Auto: Vice City Stories
SLES-54623,Grand Theft Auto: Vice City Stories
SLES-54624,Samurai Warriors 2: Empires
SLES-54626,An American Tail
SLES-54627,Burnout Dominator
SLES-54628,Skate Attack
SLES-54629,Shin Megami Tensei: Devil Summoner: Raidou Kuzunoha vs. the Soulless Army
SLES-54630,Chi Vuol Essere Milionario? Party Edition
SLES-54631,Harley-Davidson Motor Cycles
SLES-54632,MTV Pimp My Ride
SLES-54633,Premier Manager 08
SLES-54634,Top Trumps Adventures Vol. 1: Horror & Predators
SLES-54635,Top Trumps Adventures Vol. 2: Dogs & Dinosaurs
SLES-54641,International Cricket Captain III
SLES-54644,Valkyrie Profile 2: Silmeria
SLES-54645,Valkyrie Profile 2: Silmeria
SLES-54646,Valkyrie Profile 2: Silmeria
SLES-54647,Valkyrie Profile 2: Silmeria
SLES-54648,Valkyrie Profile 2: Silmeria
SLES-54653,Freak Out: Extreme Freeride
SLES-54655,Cabela's African Safari
SLES-54656,Bob the Builder
SLES-54657,Charlotte's Web
SLES-54658,Star Wars: The Force Unleashed
SLES-54659,Star Wars: The Force Unleashed
SLES-54663,Jackass: The Game
SLES-54664,Top Gun
SLES-54665,Paddington Bear
SLES-54666,Mr. Bean
SLES-54668,Thomas & Friends: A Day at the Races
SLES-54669,Lassie
SLES-54670,Wacky Races: Mad Motors
SLES-54671,Johnny Bravo in the Hukka-Mega-Mighty-Ultra-Extreme Date-O-Rama!
SLES-54672,Casper's Scare School
SLES-54674,Lara Croft Tomb Raider: Anniversary
SLES-54675,Street Warrior [IT]
SLES-54677,Metal Slug Anthology
SLES-54679,Walt Disney Pictures Presents Meet the Robinsons
SLES-54681,Burnout Dominator
SLES-54683,Medal of Honor: Vanguard
SLES-54684,Peter Pan
SLES-54685,Hansel and Gretel
SLES-54686,Impossible Mission
SLES-54687,Spectral vs. Generation
SLES-54694,K-1 World GP
SLES-54695,Azur & Asmar
SLES-54700,SXR: Snow X Racing
SLES-54705,SBK-07: Superbike World Championship
SLES-54708,"History Channel, The: Great Battles of Rome"
SLES-54711,Shadow Hearts: From the New World
SLES-54712,Action Man A.T.O.M.: Alpha Teens on Machines
SLES-54713,Pajeczyna Charlotty
SLES-54714,Tony Hawk's Downhill Jam
SLES-54715,Tony Hawk's Downhill Jam
SLES-54716,Skateboard Madness: Xtreme Edition
SLES-54717,Power Volleyball
SLES-54719,Charlotte's Web
SLES-54720,The Shield: The Game
SLES-54723,Spider-Man 3
SLES-54724,Spider-Man 3
SLES-54725,Kirikou and the Wild Beasts
SLES-54726,Go Kart Rally
SLES-54727,Naruto: Uzumaki Chronicles
SLES-54728,Mountain Bike Adrenaline featuring Salomon
SLES-54731,King of Clubs
SLES-54733,Disney/Pixar Ratatouille
SLES-54734,Disney's Pixar: Ratatouille
SLES-54735,Disney/Pixar Ratatouille
SLES-54736,Disney's Pixar: Ratatouille
SLES-54737,Disney/Pixar Ratatouille
SLES-54738,Thunderbirds
SLES-54744,Disney/Pixar Ratatouille
SLES-54745,Disney/Pixar Ratatouille
SLES-54746,Disney/Pixar's: Ratatouille
SLES-54747,Disney/Pixar Ratatouille
SLES-54755,Transformers: The Game
SLES-54756,Transformers: The Game
SLES-54757,Transformers: The Game
SLES-54767,Sniper Assault
SLES-54770,DreamWorks Shrek the Third
SLES-54771,DreamWorks Shrek the Third
SLES-54772,Monster Eggs
SLES-54774,DreamWorks Shrek the Third
SLES-54776,Fantastic Four: Rise of the Silver Surfer
SLES-54778,Harry Potter and the Order of the Phoenix
SLES-54779,Harry Potter and the Order of the Phoenix
SLES-54780,Harry Potter and the Order of the Phoenix
SLES-54781,Harry Potter and the Order of the Phoenix
SLES-54782,ObsCure II
SLES-54784,Xyanide: Resurrection
SLES-54786,Heracles: Chariot Racing
SLES-54788,Aqua Teen Hunger Force: Zombie Ninja Pro-Am
SLES-54789,Beta Bloc
SLES-54790,Art of Fighting Anthology
SLES-54792,World Wrestling Championship
SLES-54793,WWE SmackDown vs. Raw 2008
SLES-54795,Falling Stars
SLES-54803,They Came from the Skies
SLES-54804,Operation Air Assault 2
SLES-54805,Wer wird Millionär: Party Edition
SLES-54806,Thrillville: Off the Rails
SLES-54807,Thrillville: Le Parc en Folie
SLES-54809,Charlotte's Web
SLES-54810,Rugby 08
SLES-54811,Rugby 08
SLES-54812,Madden NFL 08
SLES-54813,NASCAR '08
SLES-54814,Dead Eye Jim
SLES-54815,The Legend of Spyro: The Eternal Night
SLES-54816,The Legend of Spyro: The Eternal Night
SLES-54817,Garfield: Lasagna World Tour
SLES-54818,Super PickUps
SLES-54819,Manhunt 2
SLES-54820,Stuntman: Ignition
SLES-54822,Atelier Iris 3: Grand Phantasm
SLES-54825,Bob the Builder
SLES-54826,Surf's Up
SLES-54833,Caveman Rock
SLES-54834,Juiced 2: Hot Import Nights
SLES-54835,Power Rangers: Super Legends
SLES-54836,Disney High School Musical: Sing It!
SLES-54837,Disney Princess: Enchanted Journey
SLES-54838,Donkey Xote
SLES-54839,Mambo
SLES-54840,Nickelodeon Avatar: The Legend of Aang: The Burning Earth
SLES-54841,Crash of the Titans
SLES-54842,Crash of the Titans
SLES-54843,Crash of the Titans
SLES-54859,Guitar Hero: Rocks the 80s
SLES-54860,Guitar Hero: Rocks the 80's
SLES-54861,Thomas & Friends: A Day at the Races
SLES-54863,Thomas & Friends: A Day at the Races
SLES-54864,Legend of Camelot
SLES-54865,Crabby Adventure
SLES-54866,Games Galaxy 2
SLES-54867,Tiger Woods PGA Tour 08
SLES-54870,FIFA 08
SLES-54871,FIFA 08
SLES-54872,FIFA 08
SLES-54873,FIFA 08
SLES-54874,Fifa '08
SLES-54875,Warriors Orochi
SLES-54876,Warriors Orochi
SLES-54877,Warriors Orochi
SLES-54878,Naruto: Ultimate Ninja 2
SLES-54879,WWE SmackDown vs. Raw 2008
SLES-54880,NBA 2K8
SLES-54881,NHL 2K8
SLES-54882,Gecko Blaster
SLES-54883,Alone in the Dark
SLES-54884,Alone in the Dark
SLES-54885,Moto X Maniac
SLES-54886,Astérix aux Jeux Olympiques
SLES-54887,Thrillville: Verrückte Achterbahn
SLES-54888,Pro Biker 2
SLES-54889,SWAT Siege
SLES-54890,Clever Kids: Dino Land
SLES-54891,Clever Kids: Pony World
SLES-54892,Phantasy Star Universe: Ambition of the Illuminus
SLES-54893,NHL 08
SLES-54895,NBA Live 08
SLES-54896,NBA Live 08
SLES-54897,GrimGrimoire
SLES-54898,Metropolismania 2
SLES-54899,Bob the Builder
SLES-54900,Bob the Builder
SLES-54901,Spider-Man: Friend or Foe
SLES-54903,The Sims 2: Castaway
SLES-54904,The Simpsons Game
SLES-54905,Les Simpson: Le Jeu
SLES-54906,The Simpsons Game
SLES-54913,PES 2008: Pro Evolution Soccer
SLES-54914,PES 2008: Pro Evolution Soccer
SLES-54915,Sonic Riders: Zero Gravity
SLES-54917,Agent Hugo: Lemoon Twist
SLES-54918,Agent Hugo: Lemoon Twist
SLES-54919,Agent Hugo: Lemoon Twist
SLES-54923,Bob the Builder
SLES-54926,Realplay Pool
SLES-54927,Realplay Golf
SLES-54929,Realplay Racing
SLES-54930,Realplay Puzzlesphere
SLES-54931,Looney Tunes: Acme Arsenal
SLES-54933,NBA Live 08
SLES-54937,RTL Biathlon 2008
SLES-54938,RTL Biathlon 2008
SLES-54939,RTL Winter Sports 2008: The Ultimate Challenge
SLES-54940,Winter Sports 2008: The Ultimate Challenge
SLES-54942,Disney Princess: Enchanted Journey
SLES-54943,Disney Princess: Enchanted Journey
SLES-54944,Disney Princess: Enchanted Journey
SLES-54945,Dragon Ball Z: Budokai Tenkaichi 3
SLES-54946,Sega Superstars Tennis
SLES-54947,Dogz
SLES-54948,Dogz
SLES-54949,Catz
SLES-54950,Catz
SLES-54951,Ben 10: Protector of Earth
SLES-54952,Ben 10: Protector of Earth
SLES-54953,Totally Spies! Totally Party
SLES-54955,Finkles World
SLES-54956,Wacky Zoo GP
SLES-54957,Cheggers' Party Quiz
SLES-54958,Alan Hansen's Sports Challenge
SLES-54959,MotoGP 07
SLES-54960,Godzilla: Unleashed
SLES-54961,World Series of Poker 2008: Battle for the Bracelets
SLES-54962,Guitar Hero III: Legends of Rock
SLES-54963,Tony Hawk's Proving Ground
SLES-54964,Tony Hawk's Proving Ground
SLES-54971,Hot Wheels: Beat That!
SLES-54972,Wild Arms 5
SLES-54973,"Le Avventure di Lupin III: Lupin la Morte, Zenigata l'Amore"
SLES-54974,Guitar Hero III: Legends of Rock
SLES-54975,George of the Jungle
SLES-54981,Bob the Builder: Festival of Fun
SLES-54982,Bob the Builder: Festival of Fun
SLES-54983,Postman Pat
SLES-54984,The Water Horse: Legend of the Deep
SLES-54985,Thomas & Friends: A Day at the Races
SLES-54986,Bratz: The Movie
SLES-54987,Bratz: The Movie
SLES-54988,Bratz: The Movie
SLES-54989,Bratz: The Movie
SLES-54990,Nicktoons: Attack of the Toybots
SLES-54991,Nickelodeon SpongeBob and Friends: Attack of the Toybots
SLES-54992,PDC World Championship Darts 2008
SLES-54994,Pippa Funnell: Ranch Rescue
SLES-54995,Puzzle Quest: Challenge of the Warlords
SLES-54996,The Golden Compass
SLES-54997,Mercenaries 2: World in Flames
SLES-54998,Mercenaries 2: L'enfer des Favelas
SLES-54999,Mercenaries 2: Inferno di Fuoco
SLES-55000,Mercenaries 2: World in Flames
SLES-55001,Mercenaries 2: World in Flames
SLES-55002,Need for Speed: ProStreet
SLES-55003,Need for Speed: ProStreet
SLES-55004,Need for Speed: ProStreet
SLES-55005,Need for Speed: ProStreet
SLES-55006,Need for Speed: ProStreet
SLES-55007,Boogie
SLES-55008,Riding Star 3
SLES-55010,Thrillville: Fuori dai Binari
SLES-55011,Thrillville: Fuera de Control
SLES-55012,The Golden Compass
SLES-55013,Iridium Runners
SLES-55015,Barbie as the Island Princess
SLES-55016,DreamWorks Bee Movie Game
SLES-55017,Yu-Gi-Oh! GX: Tag Force Evolution
SLES-55018,P3: Persona 3
SLES-55019,Ratchet & Clank: Size Matters [DK][FI][NO][SE]
SLES-55020,Die Simpsons: Das Spiel
SLES-55021,PES 2008: Pro Evolution Soccer
SLES-55023,PES 2008: Pro Evolution Soccer
SLES-55024,Nickelodeon SpongeBob's Atlantis SquarePantis
SLES-55025,Disney/Pixar Cars: Mater-National Championship
SLES-55026,Disney/Pixar Cars: Mater-National Championship
SLES-55027,Disney/Pixar Cars: Hook International
SLES-55028,Disney/Pixar Cars: La Coppa Internazionale di Carl Attrezzi
SLES-55029,Disney/Pixar Cars: La Copa Internacional de Mate
SLES-55030,Disney/Pixar Cars: Mater-National Championship
SLES-55031,DreamWorks Kung Fu Panda
SLES-55032,Off Road
SLES-55034,Astérix at the Olympic Games
SLES-55035,Astérix at the Olympic Games
SLES-55039,Rock Band
SLES-55040,Telly Addicts
SLES-55041,Fire Pro Wrestling Returns
SLES-55042,Garfield: Lasagna World Tour
SLES-55043,Garfield: Lasagna World Tour
SLES-55044,Premier Manager 09
SLES-55046,Sea Monsters: A Prehistoric Adventure
SLES-55047,Ocean Commander
SLES-55048,Star Trek: Conquest
SLES-55049,Toy Golf Extreme
SLES-55050,MX vs. ATV Untamed
SLES-55051,MX vs. ATV Extrême Limite
SLES-55052,Alvin and the Chipmunks
SLES-55053,Jetix Puzzle Buzzle
SLES-55055,Stealth Force 2
SLES-55064,Luxor: Pharaoh's Challenge
SLES-55069,7 Wonders of the Ancient World
SLES-55074,Casper's Scare School
SLES-55075,Speed Racer
SLES-55076,Saint & Sinner
SLES-55078,Juiced 2: Hot Import Nights
SLES-55079,CID The Dummy
SLES-55080,SpongeBob's Atlantis Squarepants
SLES-55081,Jackass: The Game
SLES-55082,Urban Constructor
SLES-55088,Ultimate Board Game Collection
SLES-55090,Naruto: Uzumaki Chronicles 2
SLES-55091,Hoppie
SLES-55102,The History Channel: Battle for the Pacific
SLES-55103,Cabela's Big Game Hunter 2008
SLES-55104,UEFA Euro 2008: Austria-Switzerland
SLES-55105,UEFA Euro 2008: Austria-Switzerland
SLES-55106,UEFA Euro 2008: Austria-Switzerland
SLES-55108,Samurai Warriors 2: Xtreme Legends
SLES-55109,The Spiderwick Chronicles
SLES-55110,Odin Sphere
SLES-55111,Nick Jr. Go Diego Go! Safari Rescue
SLES-55112,Nick Jr. Dora the Explorer: Dora Saves the Mermaids
SLES-55122,Moorhuhn Fun Kart 2008
SLES-55123,Legend of Sayuki
SLES-55125,Top Trumps: Doctor Who
SLES-55126,Artlist Collection: The Dog Island
SLES-55129,Jumper: Griffin's Story
SLES-55131,Roller Coaster Funfare
SLES-55132,Iron Chef
SLES-55133,LEGO Indiana Jones: The Original Adventures
SLES-55134,Monster Jam
SLES-55135,LEGO Batman: The Videogame
SLES-55136,Let's Ride! Silver Buckle Stables
SLES-55138,Nickelodeon El Tigre: The Adventures of Manny Rivera
SLES-55143,The Chronicles of Narnia: Prince Caspian
SLES-55144,The Chronicles of Narnia: Prince Caspian
SLES-55145,The Chronicles of Narnia: Prince Caspian
SLES-55146,The Chronicles of Narnia: Prince Caspian
SLES-55147,Silent Hill Origins
SLES-55148,SBK 08: Superbike World Championship
SLES-55150,TNA Impact! Total Nonstop Action Wrestling
SLES-55152,Skyscraper
SLES-55163,The Legend of Spyro: Dawn of the Dragon
SLES-55165,The Mummy: Tomb of the Dragon Emperor
SLES-55166,Bob the Builder: Festival of Fun
SLES-55167,Soul Nomad & the World Eaters
SLES-55168,Paard & Pony: Topruiter
SLES-55169,Monster Lab
SLES-55170,Margot's Word Brain
SLES-55172,Code Lyoko: Quest for Infinity
SLES-55174,NHL 08
SLES-55184,Disney/Pixar's Wall-E: Bundled with PS2
SLES-55185,Disney/Pixar WALL-E
SLES-55186,Disney/Pixar WALL-E
SLES-55187,Disney/Pixar WALL-E
SLES-55188,Disney/Pixar WALL-E: Der Letzte räumt die Erde auf
SLES-55189,Nick Jr. Go Diego Go! Safari Rescue
SLES-55190,Steam Express
SLES-55191,Guitar Hero: Aerosmith
SLES-55192,Nitrobike
SLES-55193,Disney/Pixar WALL-E
SLES-55194,Disney/Pixar WALL-E
SLES-55195,Disney/Pixar WALL-E
SLES-55196,Disney/Pixar WALL-E
SLES-55197,Dancing Stage SuperNova 2
SLES-55198,Iron Man: The Official Videogame
SLES-55199,NASCAR 09
SLES-55200,Guitar Hero: Aerosmith
SLES-55201,Riding Star
SLES-55202,Riding Star
SLES-55203,My Horse & Me 2
SLES-55204,Crash: Mind over Mutant
SLES-55205,Crash: Mind over Mutant
SLES-55206,Crash: Mind over Mutant
SLES-55207,Alone in the Dark
SLES-55208,The Incredible Hulk
SLES-55209,Monopoly
SLES-55214,Disney Hannah Montana: Spotlight World Tour
SLES-55215,Growlanser: Heritage of War
SLES-55216,Baroque
SLES-55218,Tiger Woods PGA Tour 09
SLES-55219,Hasbro Family Game Night
SLES-55220,Summer Athletics
SLES-55227,The Legend of Spyro: Dawn of the Dragon
SLES-55231,Fatal Fury: Battle Archives Volume 1
SLES-55232,SNK Arcade Classics Vol. 1
SLES-55233,World Heroes Anthology
SLES-55234,DreamWorks Kung Fu Panda
SLES-55235,DreamWorks Kung Fu Panda
SLES-55236,DreamWorks Kung Fu Panda
SLES-55237,Naruto: Ultimate Ninja 3
SLES-55238,Madden NFL 09
SLES-55239,Hasbro Family Party
SLES-55240,Pipe Mania
SLES-55242,Yakuza 2
SLES-55243,FIFA 09
SLES-55244,FIFA 09
SLES-55245,FIFA 09
SLES-55246,FIFA 09
SLES-55247,FIFA 09
SLES-55248,Harry Potter and the Half-Blood Prince
SLES-55249,Harry Potter and the Half-Blood Prince
SLES-55250,WWE SmackDown vs. Raw 2009
SLES-55251,WWE SmackDown vs. Raw 2009
SLES-55252,NHL 2K9
SLES-55253,NBA 2K9
SLES-55254,The Incredible Hulk
SLES-55263,Nickelodeon Avatar: The Legend of Aang: Into the Inferno
SLES-55264,Nickelodeon Avatar: The Legend of Aang: Into the Inferno
SLES-55265,The Legend of Spyro: Dawn of the Dragon
SLES-55266,MotoGP 08
SLES-55271,Nickelodeon SpongeBob SquarePants featuring Nicktoons: Globs of Doom
SLES-55272,Nickelodeon SpongeBob SquarePants featuring Nicktoons: Globs of Doom
SLES-55274,Diabolik: The Original Sin
SLES-55275,Jeep Thrills
SLES-55276,Jello
SLES-55278,Monopoly
SLES-55280,The King of Fighters '98: Ultimate Match
SLES-55281,Nickelodeon Dora the Explorer: Dora Saves the Snow Princess
SLES-55284,Nickelodeon Go Diego Go! Great Dinosaur Rescue
SLES-55288,Nick Jr. Dora the Explorer: Dora Saves the Mermaids
SLES-55289,Nick Jr. Go Diego Go! Safari Rescue
SLES-55292,Samurai Shodown Anthology
SLES-55293,Disney Hannah Montana: Spotlight World Tour
SLES-55294,Ferrari Challenge: Trofeo Pirelli
SLES-55295,Score International Baja 1000: World Championship Off Road Racing
SLES-55328,The Millennium European Paintball Series: Championship Paintball 2009
SLES-55329,DreamWorks Shrek's Carnival Craze: Party Games
SLES-55330,Secret Service
SLES-55331,Cabela's Dangerous Adventures
SLES-55332,Monster Jam: Urban Assault
SLES-55334,NBA Live 09
SLES-55335,NBA Live 09
SLES-55336,NBA Live 09
SLES-55337,NBA Live 09
SLES-55338,NHL 09
SLES-55339,NHL '09
SLES-55340,Space Chimps
SLES-55341,Hasbro Familien-Spieleabend
SLES-55342,Hasbro Family Game Night
SLES-55343,Tube Mania
SLES-55344,Rock Band: Song Pack 1
SLES-55345,007: Quantum of Solace
SLES-55346,Rugby League 2: World Cup Edition
SLES-55347,Dragon Ball Z: Infinite World
SLES-55348,Space Chimps
SLES-55349,Need for Speed: Undercover
SLES-55350,Need for Speed: Undercover
SLES-55351,Need for Speed: Undercover
SLES-55352,Need for Speed: Undercover
SLES-55353,Need for Speed: Undercover
SLES-55354,Persona 3 FES
SLES-55355,Guitar Hero World Tour
SLES-55356,Bratz: Girlz Really Rock
SLES-55357,Bratz: Girlz Really Rock
SLES-55358,Bratz: Girlz Really Rock
SLES-55359,Bratz: Girlz Really Rock
SLES-55364,Agent Hugo: Hula Holiday
SLES-55365,Agent Hugo: Hula Holiday
SLES-55366,Agent Hugo: Hula Holiday
SLES-55367,Call of Duty: World at War: Final Fronts
SLES-55369,Call of Duty: World at War: Final Fronts
SLES-55371,Barbie Horse Adventures: Riding Camp
SLES-55372,Spider-Man: Web of Shadows: Amazing Allies Edition
SLES-55373,The King of Fighters Collection: The Orochi Saga
SLES-55374,DreamWorks Madagascar: Escape 2 Africa
SLES-55375,DreamWorks Madagascar: Escape 2 Africa
SLES-55376,Nickelodeon Tak and the Guardians of Gross
SLES-55378,RTL Biathlon 2009
SLES-55379,Winter Sports 2009: The Next Challenge
SLES-55380,Sonic Unleashed
SLES-55382,Warriors Orochi 2
SLES-55383,Warriors Orochi 2
SLES-55384,Warriors Orochi 2
SLES-55390,DreamWorks Madagaskar 2
SLES-55392,Disney Sing It
SLES-55393,Disney Sing It
SLES-55394,Disney Think Fast
SLES-55395,Disney Think Fast
SLES-55396,Disney Sing It: High School Musical 3: Senior Year
SLES-55397,Disney Sing It: High School Musical 3: Senior Year
SLES-55398,Disney High School Musical 3: Senior Year Dance!
SLES-55402,Nickelodeon SpongeBob SquarePants featuring Nicktoons: Globs of Doom
SLES-55404,Nickelodeon The Naked Brothers Band: The Video Game
SLES-55405,PES 2009: Pro Evolution Soccer
SLES-55406,PES 2009: Pro Evolution Soccer
SLES-55408,RTL Biathlon 2009
SLES-55409,TT Superbikes: Legends
SLES-55411,Winter Sports 2009: The Next Challenge
SLES-55415,Disney Think Fast
SLES-55418,Tube Mania
SLES-55428,Disney Bolt
SLES-55429,Disney Bolt
SLES-55430,Disney Bolt
SLES-55431,Disney Bolt
SLES-55433,Disney Otvechaj-ne zevaj!
SLES-55434,Disney Sing It
SLES-55440,Ben 10: Alien Force (K.E. Media)
SLES-55442,Tomb Raider: Underworld
SLES-55443,Mana Khemia: Alchemists of Al-Revis
SLES-55444,Ar tonelico II: Melody of Metafalica
SLES-55448,Indiana Jones and the Staff of Kings
SLES-55450,PES 2009: Pro Evolution Soccer
SLES-55451,Rock Band 2
SLES-55452,Shaun White Snowboarding
SLES-55457,AC/DC Live: Rock Band
SLES-55458,Rock Band: Song Pack 2
SLES-55459,Jelly Belly: Ballistic Beans
SLES-55460,DreamWorks Shrek's Carnival Craze: Party Games
SLES-55461,Dance Party Pop Hits
SLES-55462,Dance Party: Club Hits [UK]
SLES-55465,Real Madrid: The Game
SLES-55467,Trivial Pursuit
SLES-55468,Nickelodeon Dora the Explorer: Dora Saves the Snow Princess
SLES-55470,Coraline
SLES-55472,Guitar Hero: Metallica
SLES-55474,Persona 4
SLES-55476,Scooby-Doo! First Frights
SLES-55479,Truck Racer
SLES-55480,Kart Racer
SLES-55481,Naruto Shippuden: Ultimate Ninja 4
SLES-55482,Naruto Shippuden: Ultimate Ninja 4
SLES-55483,Guilty Gear XX Accent Core Plus
SLES-55486,DreamWorks Monsters vs. Aliens
SLES-55487,Ice Age 3: Dawn of the Dinosaurs
SLES-55492,SBK 09: Superbike World Championship
SLES-55493,Marvel: Ultimate Alliance 2
SLES-55494,X-Men Origins: Wolverine
SLES-55495,X-Men Origins: Wolverine
SLES-55499,Disney G-Force
SLES-55500,Disney G-Force
SLES-55502,Disney G-Force
SLES-55509,Music Maker: Rockstar
SLES-55511,MTV Pimp My Ride: Street Racing
SLES-55512,Sengoku Anthology
SLES-55516,L'Era Glaciale 3: L'Alba dei Dinosauri
SLES-55517,Trivial Pursuit
SLES-55518,Guitar Hero: Van Halen
SLES-55520,Transformers: Revenge of the Fallen
SLES-55522,Disney/Pixar Up
SLES-55523,Disney/Pixar Up
SLES-55524,Disney/Pixar Up
SLES-55525,Disney/Pixar Oben
SLES-55526,Disney/Pixar Psila ston Ourano
SLES-55528,Tiger Woods PGA Tour 10
SLES-55529,Germany's Next Topmodel
SLES-55531,Disney/Pixar Up
SLES-55532,Aliens in the Attic
SLES-55533,Guitar Hero 5
SLES-55536,Disney/Pixar Cars: Race-O-Rama
SLES-55537,G.I. Joe: The Rise of Cobra
SLES-55542,Disney Sing It: Pop Hits
SLES-55544,Guitar Hero: Greatest Hits
SLES-55545,WWE SmackDown vs. Raw 2010
SLES-55546,The Secret Saturdays: Beasts of the 5th Sun
SLES-55555,Pinball (blue cover)
SLES-55565,Teenage Mutant Ninja Turtles: Smash-Up
SLES-55569,Silent Hill: Shattered Memories
SLES-55572,Marvel Super Hero Squad
SLES-55574,The Lord of the Rings: Aragorn's Quest
SLES-55576,NBA 2K10
SLES-55577,DJ Hero
SLES-55578,Band Hero
SLES-55579,Bakugan: Battle Brawlers
SLES-55581,FIFA 10
SLES-55582,FIFA 10
SLES-55583,FIFA 10
SLES-55584,FIFA 10
SLES-55585,FIFA 10
SLES-55587,PES 2010: Pro Evolution Soccer
SLES-55588,PES 2010: Pro Evolution Soccer
SLES-55589,PES 2010: Pro Evolution Soccer
SLES-55592,Ben 10: Alien Force: Vilgax Attacks
SLES-55593,Astro Boy: The Video Game
SLES-55597,Hugo: Magic in the Trollwoods
SLES-55598,Hugo: Magic in the Trollwoods
SLES-55599,Galileo Mystery: Die Krone des Midas
SLES-55604,PES 2010: Pro Evolution Soccer
SLES-55605,Naruto Shippuden: Ultimate Ninja 5
SLES-55609,Scooby-Doo! and the Spooky Swamp
SLES-55610,Springdale
SLES-55622,Disney/Pixar Toy Story 3
SLES-55623,Disney/Pixar Istoriya Igrushek: Bol'shoj Pobeg
SLES-55625,Despicable Me: The Game
SLES-55628,Disney Sing It: Party Hits
SLES-55635,WWE SmackDown vs. Raw 2011
SLES-55636,PES 2011: Pro Evolution Soccer
SLES-55637,PES 2011: Pro Evolution Soccer
SLES-55638,PES 2011: Pro Evolution Soccer
SLES-55639,Ben 10: Ultimate Alien: Cosmic Destruction
SLES-55642,FIFA 11
SLES-55643,FIFA 11
SLES-55644,FIFA 11
SLES-55645,NBA 2K11
SLES-55648,WWE All Stars
SLES-55652,FIFA 12
SLES-55653,FIFA 12
SLES-55654,FIFA 12
SLES-55656,PES 2012: Pro Evolution Soccer
SLES-55657,PES 2012: Pro Evolution Soccer
SLES-55658,PES 2012: Pro Evolution Soccer
SLES-55659,NBA 2K12
SLES-55664,Fifa '13
SLES-55665,FIFA 13
SLES-55666,PES 2013: Pro Evolution Soccer
SLES-55667,PES 2013: Pro Evolution Soccer
SLES-55668,PES 2013: Pro Evolution Soccer
SLES-55669,PES 2013: Pro Evolution Soccer
SLES-55671,FIFA 14
SLES-55672,FIFA 14
SLES-55673,PES 2014: Pro Evolution Soccer
SLES-55674,PES 2014: Pro Evolution Soccer
SLES-55675,PES 2014: Pro Evolution Soccer
SLES-55676,PES 2014: Pro Evolution Soccer
SLES-55942,Disney's Sing It: Pop Hits
SLES-61021,Tony Hawk's Project 8: Premium Edition
SLES-82001,Summoner
SLES-82003,Summoner
SLES-82005,Summoner
SLES-82009,Metal Gear Solid 2: Substance
SLES-82010,The Document of Metal Gear Solid 2
SLES-82011,Devil May Cry 2 (Disc 1)
SLES-82012,Devil May Cry 2 (Disc 2)
SLES-82013,Metal Gear Solid 3: Snake Eater
SLES-82018,Cy Girls (Ice Disc)
SLES-82019,Cy Girls (Aska Disc)
SLES-82020,Cy Girls (Ice Disc)
SLES-82021,Cy Girls (Aska Disc)
SLES-82024,Metal Gear Solid 3: Snake Eater
SLES-82026,Metal Gear Solid 3: Snake Eater
SLES-82028,Star Ocean: Till the End of Time (Disc 1)
SLES-82029,Star Ocean: Till the End of Time (Disc 2)
SLES-82030,Shadow Hearts II (Disc 1)
SLES-82031,Shadow Hearts II (Disc 2)
SLES-82032,Metal Gear Solid 3: Snake Eater
SLES-82036,Armored Core: Nexus (Disc 1) (Evolution)
SLES-82037,Armored Core: Nexus (Disc 2) (Revolution)
SLES-82038,Onimusha: Dawn of Dreams (Disc 1)
SLES-82039,Onimusha: Dawn of Dreams (Disc 2)
SLES-82042,Metal Gear Solid 3: Subsistence (Disc 1) (Subsistence)
SLES-82043,Metal Gear Solid 3: Subsistence (Disc 2) (Persistence)
SLES-82044,Metal Gear Solid 3: Subsistence (Disc 1) (Subsistence)
SLES-82045,Metal Gear Solid 3: Subsistence (Disc 2) (Persistence)
SLES-82046,Metal Gear Solid 3: Subsistence (Disc 1) (Subsistence)
SLES-82047,Metal Gear Solid 3: Subsistence (Disc 2) (Persistence)
SLES-82048,Metal Gear Solid 3: Subsistence (Disc 1) (Subsistence)
SLES-82049,Metal Gear Solid 3: Subsistence (Disc 2) (Persistence)
SLES-82050,Metal Gear Solid 3: Subsistence (Disc 3) (Existence)
SLES-82051,Metal Gear Solid 3: Subsistence (Disc 3) (Existence)
SLES-82052,Metal Gear Solid 3: Subsistence (Disc 3) (Existence)
SLES-82053,Metal Gear Solid 3: Subsistence (Disc 3) (Existence)
SLEX-53561,Canis Canem Edit: Platinum
SLKA-15001,Barbarian
SLKA-15002,Space Raiders
SLKA-15003,Shikigami no Shiro II
SLKA-15004,Gunbird: Premium Package
SLKA-15005,Strikers 1945 I & II
SLKA-15007,Growlanser II: The Sense of Justice
SLKA-15008,Choro Q HG 2
SLKA-15009,Hudson Selection Vol.04: Takahashi Mejin no Bouken Jima
SLKA-15011,XII Stag
SLKA-15013,Grand Slam 2003 Tennis
SLKA-15015,Ilgyeok Salchung!! Hoihoi-san
SLKA-15016,Harry Potter: Quidditch World Cup
SLKA-15018,Mobile Suit Gundam Seed
SLKA-15020,Aliens vs. Predator: Extinction
SLKA-15021,Growlanser III: The Dual Darkness
SLKA-15022,Speed Kings
SLKA-15023,Assault Suits Valken
SLKA-15025,Space Invaders Anniversary
SLKA-15028,Simple 2000 Series: Love * Upper!
SLKA-15029,Simple 2000 Series  Vol.37: The Shooting: Double Shienryu
SLKA-15030,Simple 2000 Series: The Block Kuzushi Hyper
SLKA-15031,Princess Maker
SLKA-15032,Gradius V
SLKA-15033,Princess Maker 2
SLKA-15034,Kinnikuman Generations
SLKA-15035,Saiyuki Reload: Gunlock
SLKA-15037,Tengai Premium Package
SLKA-15041,Simple 2000 Series  Vol.55: The Catfight: Onna Neko Densetsu
SLKA-15042,Simple 2000 Series  Vol.63: The Suieitaikai
SLKA-15043,Super Puzzle Bobble Collection (Disc 1)
SLKA-15044,Super Puzzle Bobble Collection (Disc 2)
SLKA-15045,Simple 2000 Series  Vol.61: The Oneechanbara
SLKA-15051,Yokushin: Giga Wings: Generations
SLKA-15054,Simple 2000 Series: The Daemiin
SLKA-15055,Raiden III
SLKA-15056,Taito Legends
SLKA-15058,The Terra Defence Force 2
SLKA-25001,Silent Hill 2
SLKA-25002,Energy Airforce
SLKA-25003,Herdy Gerdy
SLKA-25004,007: Nightfire
SLKA-25006,Twin Caliber
SLKA-25007,Spy Fiction
SLKA-25009,Geomho 2
SLKA-25010,Super Battle Bongsin
SLKA-25011,Reign of Fire
SLKA-25012,Devil May Cry 2 (Disc 1) (Dante)
SLKA-25013,Devil May Cry 2 (Disc 2) (Lucia)
SLKA-25014,Evolution Snowboarding
SLKA-25015,Evolution Skateboarding
SLKA-25018,Sphinx and the Cursed Mummy
SLKA-25020,TimeSplitters 2
SLKA-25021,Shinobi
SLKA-25024,Disney's Stitch: Experiment 626
SLKA-25025,World Soccer Winning Eleven 6: International
SLKA-25026,Chaos Legion
SLKA-25027,NBA Street Vol. 2
SLKA-25028,Mission Impossible: Operation Surma
SLKA-25029,MVP Baseball 2003
SLKA-25030,WWE SmackDown! Shut Your Mouth
SLKA-25031,Tom Clancy's Ghost Recon
SLKA-25032,Enter the Matrix
SLKA-25033,Gregory Horror Show
SLKA-25034,Real Bass Fishing: Top Angler
SLKA-25035,Kidou Senshi Gundam Senki: Lost  War Chronicles
SLKA-25038,Gun Survivor 4: Biohazard: Heroes Never Die
SLKA-25039,Burnout 2: Point of Impact
SLKA-25041,Armored Core 3: Silent Line
SLKA-25042,Tamamayu Monogatari 2
SLKA-25043,Virtua Fighter 4: Evolution
SLKA-25044,Robotech: Battlecry
SLKA-25045,The King of Fighters 2000
SLKA-25046,Dragon Ball Z
SLKA-25047,Sin Combat Choro Q
SLKA-25048,Magye Jeongi Disgaea
SLKA-25049,Metal Slug 3
SLKA-25050,Jin Samguk Mussang 3
SLKA-25051,Clock Tower 3
SLKA-25052,Air Ranger 2: Rescue Helicopter
SLKA-25053,Def Jam: Vendetta
SLKA-25054,Gran Prix Challenge
SLKA-25055,Hitman: Silent Assasin
SLKA-25056,Disney/Pixar Finding Nemo
SLKA-25057,All-Star Baseball 2004
SLKA-25059,Pride FC: Fighting Championships
SLKA-25060,I.Q Remix+: Intelligent Qube
SLKA-25061,Tom Clancy's Splinter Cell
SLKA-25062,Dragon Ball Z 2
SLKA-25063,Kaido Battle
SLKA-25064,Tenchu: Wrath of Heaven
SLKA-25065,Silent Hill 3
SLKA-25066,Zone of the Enders: The 2nd Runner: Special Edition
SLKA-25067,Unlimited Saga
SLKA-25070,Guilty Gear XX #Reload: The Midnight Carnival
SLKA-25071,Tantei Jinguji Saburo: Innocent Black
SLKA-25072,Maximo vs Army of Zin
SLKA-25073,Lara Croft Tomb Raider: The Angel of Darkness
SLKA-25076,Jin Yeosin Jeonsaeng III: Nocturne
SLKA-25077,Culdcept 2 -Expansion -
SLKA-25078,Rayman 3: Hoodlum Havoc
SLKA-25080,Dot Hack Vol. 1: Infection
SLKA-25081,SD Gundam: GGeneration Neo
SLKA-25082,Castlevania
SLKA-25084,Sudogo Battle 01
SLKA-25085,Jin Samguk Mussang 3: Maengjangjeon
SLKA-25086,NBA Live 2004
SLKA-25087,FIFA Soccer 2004
SLKA-25088,Samgukji Jeongi 2
SLKA-25090,Starsky & Hutch
SLKA-25091,Bansuk Yeongung vs. 3D
SLKA-25092,Gwimuja Muroejeon
SLKA-25093,Gwimuja 3
SLKA-25095,Madden NFL 2004
SLKA-25097,Tiger Woods PGA Tour 2004
SLKA-25098,The Lord of the Rings: The Return of the King
SLKA-25099,The Urbz: Sims in the City
SLKA-25100,Breath of Fire V: Dragon Quarter
SLKA-25102,Batman: Rise of Sin Tzu
SLKA-25103,Shinseiki Evangelion 2: Evangelions
SLKA-25105,XIII
SLKA-25107,"Crouching Tiger, Hidden Dragon"
SLKA-25108,Eve: Burst Error Plus
SLKA-25109,Shirachuu Tankenbu
SLKA-25110,NBA Live 2005
SLKA-25112,The King of Fighters 2001
SLKA-25113,Shin Sangoku Musou 2
SLKA-25114,Jin Samguk Mussang 2: Maengjangjeon
SLKA-25115,Rockman X7
SLKA-25116,WWE SmackDown! Here Comes the Pain
SLKA-25117,World Soccer Winning Eleven 7: International
SLKA-25118,SSX 3
SLKA-25120,Prince of Persia: The Sands of Time
SLKA-25121,Vexx
SLKA-25122,Sonic Heroes
SLKA-25123,Taisho Mononoke Ibunroku
SLKA-25125,SVC Chaos: SNK vs Capcom
SLKA-25128,Sangokushi IX
SLKA-25129,007: Everything or Nothing
SLKA-25130,Bloody Roar 4
SLKA-25131,Jyuouki: Project Altered Beast
SLKA-25132,Gidong Jeonsa Gundam: Haehu-ui Uju
SLKA-25133,AirForce Delta Strike
SLKA-25134,NBA Street V3
SLKA-25135,Kunoichi
SLKA-25136,Need for Speed: Underground
SLKA-25137,The Sims: Bustin' Out
SLKA-25138,Dot Hack Vol. 2: Mutation
SLKA-25139,Pungun Sinseonjo
SLKA-25140,Medal of Honor: Rising Sun
SLKA-25142,Tak and the Power of Juju
SLKA-25144,Final Fantasy X-2
SLKA-25145,Dot Hack Vol. 3: Outbreak
SLKA-25146,Kaido Battle 2: Chain Reaction
SLKA-25148,MVP Baseball 2004
SLKA-25149,Silent Hill 4: The Room
SLKA-25150,Muinga
SLKA-25152,Hajime no Ippo: All Stars
SLKA-25153,World Soccer Winning Eleven 10: Liveware Evolution
SLKA-25154,Seven Samurai 20XX
SLKA-25155,Crimson Sea 2
SLKA-25159,Astro Boy Atom
SLKA-25160,Jin Yeosin Jeonsaeng III: Nocturne Maniax
SLKA-25161,Aqua Kids
SLKA-25165,Kidou Senshi Gundam Seed Destiny: Rengou vs Z.A.F.T. II Plus
SLKA-25166,Jeonguk Mussang
SLKA-25167,The King of Fighters XI
SLKA-25168,WWE SmackDown vs. Raw 2007
SLKA-25169,UEFA Euro 2004 Portugal
SLKA-25170,SD Gundam: GGeneration Seed
SLKA-25171,Guwon
SLKA-25172,Harry Potter and the Prisoner of Azkaban
SLKA-25173,Tom Clancy's Rainbow Six 3
SLKA-25174,.Hack Vol.4: Quarantine
SLKA-25175,Transformers
SLKA-25176,Exceed
SLKA-25180,Tom Clancy's Splinter Cell: Pandora Tomorrow
SLKA-25181,Energy Airforce: Aim Strike!
SLKA-25182,Hajime-ui Ilbo 2: Victorious Road
SLKA-25183,Street Fighter: Anniversary Collection
SLKA-25185,Need for Speed: Carbon: Collector's Edition
SLKA-25186,KOF: Maximum Impact
SLKA-25187,Jin Samguk Mussang 3: Empires
SLKA-25188,Virtua Fighter 4: Evolution
SLKA-25192,Need for Speed: Underground
SLKA-25193,Gwimuja 2
SLKA-25196,Driv3r
SLKA-25198,Tenchu Kurenai
SLKA-25199,Kengo 3
SLKA-25200,SSX 3
SLKA-25201,Armored Core: Nexus
SLKA-25202,Armored Core: Nexus
SLKA-25203,World Soccer Winning Eleven 8
SLKA-25204,Showdown: Legends of Wrestling
SLKA-25205,Dragon Ball Z 3
SLKA-25206,Burnout 3: Takedown
SLKA-25207,Sakura Daejeon V Episode 0: Hwangya-ui Samurai Agassi
SLKA-25208,One Piece: Round the Land!
SLKA-25209,FIFA Soccer 2005
SLKA-25210,Summer Heat: Beach Volleyball
SLKA-25211,The King of Fighters: Maximum Impact
SLKA-25213,Berserk: Millennium Falcon Hen Seima Senki no Shou
SLKA-25215,Shining Wind
SLKA-25216,Gitaroo Man
SLKA-25217,Shining Tears
SLKA-25218,Hitman: Contracts
SLKA-25219,Monster Hunter G
SLKA-25220,Viewtiful Joe
SLKA-25221,Busin 0: Wizardry Alternative Neo
SLKA-25222,Rockman X8
SLKA-25223,K-League Winning Eleven 8: Asia Championship
SLKA-25224,Tantei Jinguji Saburo: Kind of Blue
SLKA-25225,Dororo
SLKA-25226,Disney's Pixar: Mr. Incredible
SLKA-25227,Neo Contra
SLKA-25230,Def Jam: Fight for N.Y.
SLKA-25232,Naruto: Ultimate Ninja
SLKA-25233,Sonic Mega Collection Plus
SLKA-25234,Rumble Roses
SLKA-25235,Fifa Street
SLKA-25237,The Lord of the Rings: The Third Age
SLKA-25241,Need for Speed: Underground 2
SLKA-25242,Fight Night Round 2
SLKA-25243,Medal of Honor: European Assault
SLKA-25244,WWE SmackDown! vs. Raw
SLKA-25245,Nickelodeon SpongeBob SquarePants: Movin' with Friends
SLKA-25246,The Bard's Tale
SLKA-25247,Prince of Persia: Warrior Within
SLKA-25250,007: Goldeneye: Rogue Agent
SLKA-25251,Metal Gear Solid 3: Snake Eater
SLKA-25252,Forgotten Realms: Demon Stone
SLKA-25254,Digimon Battle Chronicle
SLKA-25255,Mobile Suit Gundam Seed: Kkeunnaji Anneun Naeillo
SLKA-25257,Fuun Bakumatsuden
SLKA-25258,Yoshitsune Yeongungjeon
SLKA-25259,Cheonseong: Swords of Destiny
SLKA-25260,Burnout Dominator
SLKA-25261,Tsukiyo ni Saraba
SLKA-25262,World Soccer Winning Eleven 8: International
SLKA-25263,Nanobreaker
SLKA-25264,Full Spectrum Warrior
SLKA-25265,Devil May Cry 3
SLKA-25266,Sangokushi IX (Playstation 2 Big Hits Series)
SLKA-25268,Gidong Jeonsa Gundam: Gundam vs. Z Gundam
SLKA-25270,Armored Core: Formula Front
SLKA-25271,Harry Potter and the Order of the Phoenix
SLKA-25272,Nickelodeon Tak 2: The Staff of Dreams
SLKA-25274,Princess Maker 4
SLKA-25275,The King of Fighters 2002
SLKA-25276,The King of Fighters 2003
SLKA-25277,Brothers in Arms: Road to Hill 30
SLKA-25278,MVP Baseball 2005
SLKA-25279,Hello Kitty: Mission Rescue
SLKA-25280,Ryuu ga Gotoku 2 [2 DISCS]
SLKA-25281,Ryuu ga Gotoku 2 [2 DISCS]
SLKA-25282,MX vs. ATV Unleashed
SLKA-25283,Juiced
SLKA-25284,Sakura Daejeon 3: Paris-neun Bultago Issneunga
SLKA-25287,Metal Slug 4
SLKA-25288,Metal Slug 5
SLKA-25289,Jin Samguk Mussang 4
SLKA-25290,Super Monkey Ball Deluxe
SLKA-25291,Chains of Power
SLKA-25292,Batman Begins
SLKA-25296,Inuyasha: Oui Nanmu
SLKA-25297,Taito Memories Joukan (Special Package)
SLKA-25298,World Soccer Winning Eleven 9
SLKA-25299,One Piece: Grand Battle! Rush
SLKA-25300,Digital Devil Saga: Avatar Tuner
SLKA-25301,Digital Devil Saga 2: Avatar Tuner
SLKA-25304,Burnout Revenge
SLKA-25305,Taito Memories Gekan
SLKA-25306,Evil Dead: Regeneration
SLKA-25307,Dragon Ball Z Sparking!
SLKA-25309,Indigo Prophecy
SLKA-25310,Musou Orochi
SLKA-25311,Marvel Nemesis: Rise of the Imperfects
SLKA-25313,Naruto: Uzumaki Injeon
SLKA-25314,Mobile Suit Gundam Seed: Yeonhap vs. Z.A.F.T.
SLKA-25315,NBA Live 06
SLKA-25316,Disney/Pixar The Incredibles: Rise of the Underminer
SLKA-25317,Jin Samguk Mussang 3
SLKA-25318,WWE SmackDown! vs. Raw 2006
SLKA-25319,"Nickelodeon SpongeBob SquarePants: Lights, Camera, Pants!"
SLKA-25320,Jeonsin: Ikusagami
SLKA-25321,K-League Winning Eleven 9: Asia Championship
SLKA-25322,187: Ride or Die
SLKA-25323,FIFA 06
SLKA-25325,SSX on Tour
SLKA-25327,Harry Potter and the Goblet of Fire
SLKA-25328,Castlevania: Curse of Darkness
SLKA-25329,Jin Samguk Mussang 4: Maengjangjeon
SLKA-25330,Battlefield 2: Modern Combat
SLKA-25331,Marc Ecko's Getting Up: Contents Under Pressure
SLKA-25332,Guilty Gear XX Slash: The Midnight Carnival
SLKA-25333,Metal Slug Complete
SLKA-25334,Need for Speed: Most Wanted
SLKA-25335,Shadow the Hedgehog
SLKA-25337,Peter Jackson's King Kong: The official game of the movie
SLKA-25338,The Godfather
SLKA-25339,Dynasty Warriors 4 + 4 Empires
SLKA-25340,Dynasty Warriors 4 + 4 Empires
SLKA-25341,Driver: Parallel Lines
SLKA-25342,Yonggwa Gachi
SLKA-25344,Tom Clancy's Ghost Recon: Advanced Warfighter
SLKA-25345,Disney's Chicken Little
SLKA-25346,Prince of Persia: The Two Thrones
SLKA-25348,PRINCE OF PERSIA: THE TWO THRONES
SLKA-25349,Jacked
SLKA-25351,One Piece: Pirates' Carnival
SLKA-25352,Fullmetal Alchemist: Dream Carnival
SLKA-25353,Metal Gear Solid 3: Subsistence (Disc 1) (Subsistence)
SLKA-25354,Metal Gear Solid 3: Subsistence (Disc 2) (Persistence)
SLKA-25355,Metal Gear Solid 3: Subsistence (Disc 3) (Existence)
SLKA-25358,Sonic Riders
SLKA-25359,World Soccer Winning Eleven 9: Liveware Evolution
SLKA-25360,Samurai Champloo
SLKA-25361,Gaeguri Jungsa Keroro: Bulkkottwineun Battle Royale Z
SLKA-25362,Sega Rally 2006
SLKA-25363,Guitar Hero III: Legends of Rock
SLKA-25364,Gidong Jeonsa Gundam: Climax U.C.
SLKA-25365,WWE SmackDown vs. Raw 2008
SLKA-25366,Naruto: Konoha Spirits!!
SLKA-25367,Superman Returns
SLKA-25368,Full Spectrum Warrior: Ten Hammers
SLKA-25371,Arangjeon: Breakblow
SLKA-25373,Fight Night Round 3
SLKA-25374,FIFA Street 2
SLKA-25375,Transformers: The Game
SLKA-25377,OutRun 2006: Coast 2 Coast
SLKA-25378,FIFA World Cup Germany 2006
SLKA-25379,Sengoku Musou 2
SLKA-25380,WinBack 2: Project Poseidon
SLKA-25381,World Soccer Winning Eleven 10
SLKA-25384,Blazing Souls
SLKA-25385,Spider-Man 3
SLKA-25388,One Piece: Grand Adventure
SLKA-25389,Shinobido Imashime
SLKA-25390,Dynasty Warriors 4: Empires
SLKA-25393,Metal Slug 6
SLKA-25394,The King of Fighters: Maximum Impact 2
SLKA-25395,NBA Live 07
SLKA-25396,FIFA 07
SLKA-25397,Dragon Ball Z Sparking! Neo
SLKA-25399,The Sims 2: Pets
SLKA-25401,Flatout 2
SLKA-25405,GrimGrimoire
SLKA-25406,The King of Fighters: Maximum Impact Regulation A
SLKA-25407,Dragon Ball Z: Sparking! Meteor
SLKA-25408,FIFA 08
SLKA-25409,World Soccer Winning Eleven 2008
SLKA-25410,Resident Evil 4
SLKA-25413,SD Gundam G Generation Spirits
SLKA-25414,Guitar Hero III: Legends of Rock
SLKA-25417,Dynasty Warriors 4 Empires (BigHits Series)
SLKA-25422,Silent Hill Origins
SLKA-25424,SNK Arcade Classics Vol.1
SLKA-25425,Shining Tears [Big Hit Series]
SLKA-25429,Sonic Mega Collection Plus: BigHit Series
SLKA-25435,Sengoku Basara X
SLKA-25436,DreamWorks Kung Fu Panda
SLKA-25437,Street Fighter: Anniversary Collection (Big Hit Series)
SLKA-25441,Kidou Senshi Gundam 00: Gundam Meisters
SLKA-25442,007: Quantum of Solace
SLKA-25443,Mussang Orochi: Mawang Jaerim
SLKA-25444,Dragon Ball Z: Infinite World
SLKA-25446,Need for Speed: Undercover
SLKA-25447,FIFA 09
SLKA-25448,WWE SmackDown vs. Raw 2009
SLKA-25449,Call of Duty: World at War: Final Fronts
SLKA-25451,WWE SmackDown vs. Raw 2008 (BigHit Series)
SLKA-25452,Viewtiful Joe: A New Hope
SLKA-25459,Transformers: Revenge of the Fallen
SLKA-25464,FIFA 10
SLKA-25465,Silent Hill: Shattered Memories
SLKA-25466,Beatmania IIDX: 16: Empress + Premium Best
SLKA-25467,Beatmania IIDX: 16: Empress + Premium Best
SLKA-25470,Zone of the Enders: The 2nd Runner: Special Edition
SLKA-25471,Metal Gear Solid 2: Sons of Liberty (Big Hit Series)
SLKA-25472,Metal Gear Solid 3: Snake Eater [BigHit Series]
SLKA-25475,Fifa '11
SLKA-25477,World Soccer Winning Eleven 2011
SLKA-25480,World Soccer Winning Eleven 2012
SLKA-25514,Final Fantasy X International [Playstation 2 Big Hit Series]
SLKA-29012,Timesplitters 2
SLKA-29017,SSX Tricky
SLKA-35001,Metal Gear Solid 2: Substance
SLKA-35003,Sakura Taisen: Atsuki Chishio Ni
SLKA-35004,Sakura Taisen V: Saraba Itoshiki Hito Yo
SLKA-35005,Jin Samguk Mussang 5 Special
SLKA-35006,Shin Sangoku Musou 5: Special [2 DISCS]
SLKA-90501,Jin Samguk Mussang 2 & Maengjangjeon: Choegang Data
SLKA-90502,SSX 3
SLKA-90503,Need for Speed: Underground
SLKA-90504,Jin Samguk Mussang 3 & Maengjangjeon: Choegang Data
SLMP-67014,Sengoku Musou 2 Moushouden
SLPM-20134,Mahjong Haoh: Jansou Battle
SLPM-25153,Disney's Lilo and Stitch: Stitch no Daibouken
SLPM-25323,Usagi: Yasei no Touhai: Yamashiro Mahjong-hen
SLPM-25666,Sakurazaka Shouboutai: Irem Collection
SLPM-55001,Def Jam Vendetta [EA:SY! 1980]
SLPM-55002,Medal of Honor: Rising Sun
SLPM-55003,Need for Speed: Most Wanted (EA-SY! 1980)
SLPM-55005,Mana-Khemia 2: Ochita Gakuen to Renkinjutsushi-tachi
SLPM-55006,Akane-iro ni Somaru Saka: Parallel
SLPM-55008,Sengoku Basara X
SLPM-55009,L no Kisetsu 2: Invisible Memories
SLPM-55010,LoveDrops
SLPM-55011,Poi Hito Natsu no Keiken!? [Limited Edition]
SLPM-55012,Ppoi! Hito Natsu no Keiken!?
SLPM-55013,Sorayume
SLPM-55014,Aria: The Origination: Aoi Hoshi no El Cielo
SLPM-55016,Yotsunoha: A Journey of Sincerity
SLPM-55017,Taito Memories II: Joukan
SLPM-55018,Taito Memories II: Gekan
SLPM-55019,Kingdom Hearts II
SLPM-55020,Kingdom Hearts II: Final Mix
SLPM-55021,Kingdom Hearts: Re:Chain of Memories
SLPM-55022,Final Fantasy XII
SLPM-55023,Dragon Quest & Final Fantasy in Itadaki Street Special
SLPM-55024,Jikkyou Powerful Pro Yakyuu 15
SLPM-55025,Shirogane no Soleil: Contract to the Future: Mirai e no Keiyaku [Limited Edition]
SLPM-55026,Shirogane no Soleil: Contract to the Future: Mirai e no Keiyaku
SLPM-55027,Secret Game: Killer Queen [Limited Edition]
SLPM-55028,Secret Game: Killer Queen
SLPM-55029,Galaxy Angel II: Zettai Ryouiki no Tobira
SLPM-55030,Majin Tantei Nougami Neuro: Battle de Yo! [Limited Edition]
SLPM-55031,Majin Tantei Nougami Neuro: Battle da yo! Hannin Shuugou!
SLPM-55032,Piyo-tan: Oyashiki Sennyuu Daisakusen
SLPM-55033,J.League Winning Eleven 2008: Club Championship
SLPM-55034,Battlefield 2: Modern Combat [EA:SY! 1980]
SLPM-55035,Fight Night Round 2
SLPM-55037,Medal of Honor: Europa Kyoushuu [EA:SY! 1980]
SLPM-55038,Grand Theft Auto: Liberty City Stories
SLPM-55039,Soukoku no Kusabi: Hiiro no Kakera 3
SLPM-55040,Soukoku no Kusabi: Hiiro no Kakera 3
SLPM-55041,Kanokon Esuii
SLPM-55042,Suika A.S+ Eternal Name: Sweet So Sweet [Best Edition]
SLPM-55043,Sakura Taisen 3: Paris wa Moeteiru ka: Sega The Best
SLPM-55044,Heart no Kuni no Alice: Wonderful Wonder World
SLPM-55047,Sugar + Spice! Ano Ko no Suteki na Nani mo Kamo
SLPM-55048,Shin Sangoku Musou 4: Empires
SLPM-55049,Sangokushi 11: Koei the Best
SLPM-55050,Harukanaru Toki no Naka de: Maihitoyo
SLPM-55051,Will O' Wisp: Easter no Kiseki
SLPM-55052,Triggerheart Exelica Enhanced
SLPM-55053,Shi no Homura
SLPM-55054,Kanuchi: Shiroki Tsubasa no Shou
SLPM-55055,Kanuchi: Shiroki Tsubasa no Shou
SLPM-55056,Wrestle Angels Survivor 2
SLPM-55057,Hakushaku to Yousei: Yume to Kizuna ni Omoi o Hasete
SLPM-55058,Wrestle Angels: Survivor 2
SLPM-55059,Kanuchi: Shiroki Tsubasa no Shou
SLPM-55060,D.Gray-man: Sousha no Shikaku
SLPM-55061,Need for Speed: Carbon [EA-SY! 1980]
SLPM-55062,Jikkyou Powerful Major League 3
SLPM-55063,Hakuouki: Shinsengumi Kitan
SLPM-55064,Hakuouki: Shinsengumi Kitan
SLPM-55065,Kamiyo Gakuen Genkouroku: Kuru Nu Gi A
SLPM-55067,Koi-hime Musou: Doki Otome Darake no Sangokushi Engi
SLPM-55068,Koihime Musou
SLPM-55069,Saishuu Shiken Kujira: Alive [Sweet So Sweet]
SLPM-55070,Yumemi Hakusho: Second Dream (Limited Edition)
SLPM-55071,Yumemi Hakusho: Second Dream
SLPM-55072,GI Jockey 4 2008
SLPM-55073,Winning Post 7 Max 08
SLPM-55075,Scarlett: Nichijou no Kyoukaisen [Deluxe Pack]
SLPM-55076,Medal of Honor: Vanguard
SLPM-55077,SSX 3
SLPM-55078,Def Jam: Fight for NY [EA:SY! 1980]
SLPM-55079,Scarlet: Nichijou no Kyoukaisen
SLPM-55080,Drag-on Dragoon
SLPM-55082,Shin Sangoku Musou 5 Special (Disc 1)
SLPM-55083,Shin Sangoku Musou 5 Special (Disc 2)
SLPM-55084,Secret of Evangelion [Best Hit Selection]
SLPM-55085,Angel Profile [Best Hit Selection]
SLPM-55086,Ever 17: The Out of Infinity
SLPM-55087,Remember11: The Age of Infinity
SLPM-55088,SuperLite 2000 Vol. 23: Never 7: The End of Infinity
SLPM-55089,Naxat Soft Reach Mania Vol. 1: CR Galaxy Angel
SLPM-55090,Dance Dance Revolution X
SLPM-55093,Galaxy Angel II: Mugen Kairou no Kagi (Disc 1)
SLPM-55094,Galaxy Angel II: Mugen Kairou no Kagi (Disc 2)
SLPM-55095,Shinkyoku Soukai Polyphonica: The Black: Episode 1 & 2 CS Edition
SLPM-55096,Thunder Force VI
SLPM-55097,NBA Live 09
SLPM-55098,Koi suru Otome to Shugo no Tate: The Shield of AIGIS
SLPM-55099,Omoide ni Kawaru-Kun: Memories Off [Renai Game Selection]
SLPM-55100,Memories Off: Sorekara [Love Game Selection]
SLPM-55101,Memories Off Duet: 1st & 2nd Stories
SLPM-55102,Pia Carrot e Youkoso!! G.P. Gakuen Princess
SLPM-55103,Monochrome Factor: Cross Road
SLPM-55104,Real Rode
SLPM-55106,Arcana Heart
SLPM-55108,Fate/Unlimited Codes
SLPM-55109,Major League Baseball 2K8
SLPM-55110,Mercenaries 2: World in Flames
SLPM-55111,Shi no Homura
SLPM-55112,Sangokushi 11 with Power-Up Kit
SLPM-55113,WinBack 2: Project Poseidon
SLPM-55114,Mana-Khemia 2: Ochita Gakuen to Renkinjutsushi-tachi
SLPM-55115,Dokapon Kingdom
SLPM-55117,Beatmania II DX 15: DJ Troopers
SLPM-55118,Galaxy Angel II: Eigou Kaiki no Toki (Disc 1)
SLPM-55119,Galaxy Angel II: Eigou Kaiki no Toki (Disc 2)
SLPM-55120,Fukakutei Sekai no Tantei Shinshi: Akugyou Souma no Jiken File
SLPM-55121,Fukakutei Sekai no Tantei Shinshi: Akugyou Futaasa no Jiken File
SLPM-55122,Gundam Musou 2
SLPM-55125,Hakarena Heart: Kimi ga Tame ni Kagayaki o
SLPM-55126,Itsuka Todoku Ano Sora ni [Russel Games Best]
SLPM-55127,Need for Speed: Undercover
SLPM-55128,Rugby 08
SLPM-55130,Pro Yakyuu Spirits 5: Kanzenban
SLPM-55131,World Soccer Winning Eleven 2009
SLPM-55132,Kira Kira: Rock 'N' Roll Show
SLPM-55133,Kira*Kira Rock 'n' Roll Show
SLPM-55134,FIFA 09: World Class Soccer
SLPM-55135,Grand Theft Auto: Vice City Stories
SLPM-55136,Clear: Atarashii Kaze no Fuku Oka de
SLPM-55137,Harukanaru Toki no Naka de: Yume no Ukihashi Special
SLPM-55138,Harukanaru Toki no Naka de: Yume no Ukihashi Special
SLPM-55139,Drift Nights: Juiced 2
SLPM-55140,Silent Hill 4: The Room
SLPM-55141,Destroy All Humans! [THQ Collection]
SLPM-55142,Pia Carrot e Youkoso!! G.O. Summer Fair [Best Version]
SLPM-55143,Biohazard: Code: Veronica: Kanzenban
SLPM-55144,NBA Live 08
SLPM-55145,Akudaikan 3
SLPM-55146,Jikkyou Powerful Pro Yakyuu 2009
SLPM-55147,Suggoi! Arcana Heart 2
SLPM-55148,007: Nagusame no Houshuu
SLPM-55149,Loveroot Zero: Kiss Kiss Labyrinth
SLPM-55150,Winning Post World
SLPM-55151,Need for Speed: ProStreet
SLPM-55152,Slotter Up Core 11: Kyojin no Hoshi IV: Seishun Gunzou-hen
SLPM-55153,Tsuyokiss 2-gakki: Swift Love
SLPM-55154,Tsuyokiss 2-gakki: Swift Love
SLPM-55155,Jikkyou Powerful Major League 2009
SLPM-55156,D.C.I.F.: Da Capo: Innocent Finale
SLPM-55157,Sangokushi X
SLPM-55158,Pro Yakyuu Spirits 6
SLPM-55159,Hyakko: Yorozuya Jikenbo!
SLPM-55160,Kanuchi: Kuroki Tsubasa no Shou
SLPM-55161,Kanuchi: Kuroki Tsubasa no Shou
SLPM-55162,Myself; Yourself: Sorezore no Finale
SLPM-55163,Myself Yourself: Sorezore no finale
SLPM-55164,Myself; Yourself
SLPM-55165,Aoishiro [SuperLite 2000 Adventure]
SLPM-55166,Kazeiro Surf [Limited Edition]
SLPM-55167,Kaze-iro Surf
SLPM-55168,Arcobaleno!
SLPM-55169,Arcobaleno!
SLPM-55170,Skip Beat!
SLPM-55171,D.C. II P.S.: Da Capo II: Plus Situation [Kadokawa the Best] (Disc 1)
SLPM-55172,D.C. II P.S.: Da Capo II: Plus Situation [Kadokawa the Best] (Disc 2)
SLPM-55173,Strike Witches: Anata to Dekiru Koto: A Little Peaceful Days
SLPM-55174,Strike Witches: Anata to Dekiru Koto: A Little Peaceful Days
SLPM-55175,Under the Moon: Crescent
SLPM-55176,Wand of Fortune
SLPM-55177,Wand of Fortune
SLPM-55178,Clannad [Best Version Premium Box]
SLPM-55181,Clannad [Best Version]
SLPM-55182,J.League Winning Eleven 2009: Club Championship
SLPM-55183,Melty Blood: Actress Again
SLPM-55184,Melty Blood: Actress Again
SLPM-55185,Sweet Honey Coming
SLPM-55186,Sweet Honey Coming
SLPM-55187,Canvas 3: Tanshoku no Pastel
SLPM-55188,Rosario to Vampire Capu 2: Koi to Yume no Rhapsodia
SLPM-55189,Rosario to Vampire Capu 2: Koi to Yume no Rhapsodia
SLPM-55190,L2: Love x Loop
SLPM-55191,L2: Love x Loop
SLPM-55192,Nuga-Cel! Nurture Garment Celebration
SLPM-55193,Nuga-Cel!: Nurture Garment Celebration
SLPM-55194,Luxury & Beauty: Lucian Bee's: Resurrection Supernova
SLPM-55195,Princess Lover! Eternal Love for My Lady
SLPM-55196,Princess Lover! Eternal Love for My Lady
SLPM-55197,Memories Off 6: Next Relation
SLPM-55200,Touka Gettan: Koufuu no Ryouou
SLPM-55201,Shirogane no Soleil: Contract to the Future: Mirai e no Keiyaku
SLPM-55202,Shuumatsu Shoujo Gensou Alicematic Apocalypse [Russel Games Best]
SLPM-55203,Little Busters! Converted Edition
SLPM-55204,Aria: The Origination ~Aoi Hoshi no El Cielo~ [Alchemist Best Collection]
SLPM-55205,S.Y.K: Shinsetsu Saiyuuki
SLPM-55206,S.Y.K: Shinsetsu Saiyuuki
SLPM-55207,Hakuouki: Zuisouroku
SLPM-55208,Hakuouki: Zuisouroku
SLPM-55209,World Soccer Winning Eleven 2010
SLPM-55210,Final Fantasy XII International: Zodiac Job System
SLPM-55211,Pachi-Slot Higurashi no Naku Koro ni: Matsuri
SLPM-55212,Jigoku Shoujo Mioyosuga
SLPM-55213,Jigoku Shoujo Mioyosuga
SLPM-55214,Hiiro no Kakera: Shin Tamayori-hime Denshou
SLPM-55215,Hiiro no Kakera: Shin Tamayori-hime Denshou
SLPM-55216,Hiiro no Kakera: Tamayori-hime Kitan
SLPM-55217,Shin Hisui no Shizuku: Hiiro no Kakera 2
SLPM-55218,Sengoku-hime: Senran ni Mau Otome-tachi
SLPM-55219,Osouji Sentai Clean Keeper H [Limited Edition]
SLPM-55220,Osouji Sentai Clean Keeper H
SLPM-55221,Beatmania II DX 16: Empress + Premium Best (Disc 1) (Empress Disc)
SLPM-55222,Beatmania II DX 16: Empress + Premium Best (Disc 2) (Premium Best Disc)
SLPM-55223,NadePro!! Kisama mo Seiyuu Yatte Miro!
SLPM-55224,Sengoku Basara X [Best Price]
SLPM-55225,Sengoku Hime: Senran ni mau Otometachi
SLPM-55226,FIFA 10: World Class Soccer
SLPM-55227,Sekirei: Mirai kara no Okurimono
SLPM-55228,Slotter Up Mania 11: 2027 vs. 2027 II
SLPM-55229,Final Fantasy XI: Vana'diel Collection 2
SLPM-55230,Mercenaries 2: World in Flames: EA:SY! 1980
SLPM-55231,Silent Hill: Shattered Memories
SLPM-55232,Nobunaga no Yabou:  Tenka Sousei (with Power-Up Kit)(Koei Teiban Series)
SLPM-55233,Kin'iro no Corda
SLPM-55234,Zill O'll Infinite
SLPM-55236,Metal Gear Solid 3: Subsistence (Disc 1) (Subsistence)
SLPM-55237,Metal Gear & Metal Gear 2: Solid Snake
SLPM-55238,Fate/Unlimited Codes [Best Price]
SLPM-55239,Death Connection
SLPM-55240,ef: A Fairy Tale of the Two.
SLPM-55241,ef: A Fairy Tale of the Two.
SLPM-55242,Gundam Musou 2
SLPM-55243,Suzunone Seven! Rebirth Knot
SLPM-55244,Need for Speed: Undercover (EA-SY! 1980)
SLPM-55245,Himawari: Pebble in the Sky
SLPM-55246,Wand of Fortune: Mirai e no Prologue
SLPM-55247,S.Y.K: Renshouden
SLPM-55248,Kin'iro no Corda 3
SLPM-55249,Kin'iro no Koruda 2 [Koei the Best]
SLPM-55250,Warship Gunner 2: Kurogane no Houkou
SLPM-55251,Taikou Risshiden V
SLPM-55252,Pro Yakyuu Spirits 2010
SLPM-55253,Winning Post World 2010
SLPM-55255,Clover no Kuni no Alice: Wonderful Wonder World
SLPM-55256,Luxury & Beauty: Lucian Bee's: Justice Yellow
SLPM-55257,Luxury & Beauty: Lucian Bee's: Evil Violet
SLPM-55258,World Soccer Winning Eleven 2010: Aoki Samurai no Chousen
SLPM-55259,Desert Kingdom
SLPM-55260,Mystereet ~Fukagyaku Sekai no Tantei Shinshi~ [Abel the Best]
SLPM-55262,J.League Winning Eleven 2010: Club Championship
SLPM-55263,Hana to Otome ni Shukufuku o: Harukaze no Okurimono
SLPM-55264,Moujuutsukai to Oujisama
SLPM-55265,Scared Rider Xechs
SLPM-55266,Scared Rider Xechs
SLPM-55267,Natsuzora no Monologue
SLPM-55268,Nobunaga no Yabou: Kakushin with Power-Up Kit
SLPM-55269,Pandora: Kimi no Namae o Boku wa Shiru
SLPM-55270,Shinkyoku Soukai Polyphonica: After School
SLPM-55271,Fifa '10: World Class Soccer (EA:SY! 1980)
SLPM-55272,Sangokushi XI With Power-Up Kit (Koei Teiban Series)
SLPM-55273,Hakuouki: Reimeiroku
SLPM-55274,Uragiri wa Boku no Namae o Shitteiru: Tasogare ni Ochita Inori
SLPM-55275,Slotter Up Core 12: Ping Pong
SLPM-55276,World Soccer Winning Eleven 2011
SLPM-55277,"Sengoku-hime 2: En: Hyakka, Senran Tatsukaze no Gotoku"
SLPM-55278,"Sengoku Hime 2 Honoo: Hyakubana, Senran Tatsukaze no Gotoku"
SLPM-55279,Otometeki Koi Kakumei: Love Revo!! [Best Edition]
SLPM-55280,Palais de Reine
SLPM-55281,Clock Zero: Shuuen no Ichibyou
SLPM-55282,Armen Noir
SLPM-55283,Hakuouki: Reimeiroku
SLPM-55285,Crimson Empire
SLPM-55286,Moujuutsukai to Oujisama: Snow Bride
SLPM-55287,Moujuutsukai to Oujisama: Snow Bride
SLPM-55288,Shin Koihime Musou: Otome Ryouran Sangokushi Engi
SLPM-55289,Sangoku Rensenki: Otome no Heihou!
SLPM-55290,Scared Rider Xechs: Stardust Lovers
SLPM-55291,Grand Theft Auto: Vice City
SLPM-55292,Grand Theft Auto: San Andreas
SLPM-55293,Grand Theft Auto III
SLPM-55294,World Soccer Winning Eleven 2012
SLPM-55295,Sengoku Hime: Senran ni mau Otometachi [SystemSoft Selection]
SLPM-55296,Harukanaru Toki no Naka de 4 [Koei the Best]
SLPM-55298,Final Fantasy XI: Adoulin no Makyou
SLPM-55416,Jikkyou Powerful Pro Yakyuu 2009
SLPM-55926,Harukanaru Toki no Naka de 4: Koei the Best
SLPM-60101,0 Story
SLPM-60102,From Software First Previews
SLPM-60104,Konami PlayStation 2 Taikenban
SLPM-60105,Street Fighter EX3
SLPM-60106,Koei PlayStation 2 Line-Up
SLPM-60107,Golf Paradise
SLPM-60109,Ridge Racer V
SLPM-60112,Hresvelgr
SLPM-60113,Sorcerous Stabber Orphen
SLPM-60114,Magical Sports 2000 Koushien
SLPM-60115,Super Puzzle Bobble
SLPM-60116,Magical Sports GoGoGolf
SLPM-60117,Shin Sangoku Musou
SLPM-60118,Surfroid: Densetsu no Surfer
SLPM-60119,CrossFire
SLPM-60120,Greatest Striker
SLPM-60121,Gungriffon Blaze & Silpheed: The Lost Planet
SLPM-60122,Ring of Red
SLPM-60123,Gekikuukan Pro Yakyuu: At the End of the Century 1999
SLPM-60124,X-treme Racing SSX
SLPM-60125,GI Jockey 2
SLPM-60126,Hajime no Ippo: Victorious Boxers
SLPM-60127,Kuri Kuri Mix
SLPM-60128,Sidewinder Max
SLPM-60129,Lake Masters EX
SLPM-60130,Truck Kyousoukyoku: Ai to Kanashimi no Rodeo
SLPM-60132,Shutokou Battle 0
SLPM-60133,Zeonic Front: Kidou Senshi Gundam 0079
SLPM-60134,Technictix
SLPM-60135,Shadow of Memories
SLPM-60136,Bloody Roar 3
SLPM-60138,Kaze no Klonoa 2: Sekai ga Nozonda Wasuremono
SLPM-60140,Lilie no Atelier: Salburg no Renkinjutsushi 3
SLPM-60141,Golful Golf
SLPM-60142,Densha de Go! 3: Tsuukin-hen
SLPM-60143,Tekkouki Mikazuki
SLPM-60145,Shadow Hearts
SLPM-60146,Tetsu One: Densha de Battle!
SLPM-60147,Bokujou Monogatari 3: Heart ni Hi o Tsukete
SLPM-60148,Yanya! Caballista featuring Gawoo
SLPM-60149,Ace Combat 04: Shattered Skies
SLPM-60150,Tamamayu Monogatari 2: Horobi no Mushi
SLPM-60152,NBA Street
SLPM-60153,Garakuta Meisaku Gekijou: Rakugaki Oukoku
SLPM-60154,Touge 3
SLPM-60157,BuileBaku
SLPM-60158,Hippa Linda
SLPM-60159,Dengeki PS2 PlayStation D47
SLPM-60162,Guilty Gear X Plus
SLPM-60165,Maximo
SLPM-60166,Jet de Go! 2
SLPM-60167,Zero
SLPM-60169,Exciting Pro Wres 3
SLPM-60171,Soul Reaver 2
SLPM-60172,Itadaki Street 3: Okuman Chouja ni Shite Ageru! Katei Kyoushi Tsuki!
SLPM-60174,Zettai Zetsumei Toshi
SLPM-60175,Wangan Midnight
SLPM-60176,U: Underwater Unit
SLPM-60177,Kengou 2
SLPM-60178,Nihon Daihyou Senshu ni Narou!
SLPM-60179,Densha de Go! Ryojou-hen
SLPM-60181,Street Golfer
SLPM-60182,Zoku Segare Ijiri: Henchin Tama Segare
SLPM-60183,Energy Airforce
SLPM-60184,Gungrave
SLPM-60188,Marvel vs. Capcom 2: New Age of Heroes
SLPM-60189,Dengeki PS2 PlayStation D54
SLPM-60190,Ultraman: Fighting Evolution 2
SLPM-60192,Shinobi
SLPM-60193,Guilty Gear XX: The Midnight Carnival
SLPM-60194,Kotoba no Puzzle: Mojipittan
SLPM-60195,"Kaidou Battle: Nikko, Haruna, Rokko, Hakone"
SLPM-60197,Exciting Pro Wres 4
SLPM-60198,MotoGP 3
SLPM-60199,Dengeki PS2 PlayStation D58
SLPM-60200,Anubis: Zone of the Enders
SLPM-60202,R-Type Final
SLPM-60204,Initial D: Special Stage
SLPM-60205,Initial D: Special Stage
SLPM-60206,Shutokou Battle 01
SLPM-60207,Rockman X7
SLPM-60208,Tennis no Oujisama: Smash Hit!
SLPM-60209,Real Sports Pro Yakyuu
SLPM-60211,Bujingai
SLPM-60212,Makai Eiyuuki Maximo: Machine Monster no Yabou
SLPM-60213,Katamari Damacy
SLPM-60214,Shadow Hearts II
SLPM-60215,Dengeki PS2 PlayStation D63
SLPM-60216,R:Racing Evolution
SLPM-60217,Time Crisis 3
SLPM-60218,Gungrave O.D.
SLPM-60219,Shadow Hearts II
SLPM-60220,Hajime no Ippo 2: Victorious Road
SLPM-60225,Fuuun Shinsengumi
SLPM-60226,Shadow Hearts II
SLPM-60228,Kaidou Battle 2: Chain Reaction
SLPM-60237,Densha de Go! Final
SLPM-60239,Katamari Damacy
SLPM-60240,Dengeki PS2 PlayStation D67
SLPM-60241,Sakurazaka Shouboutai
SLPM-60242,Virtua Fighter: Cyber Generation: Judgment Six no Yabou
SLPM-60243,Full House Kiss: Ren'ai Adventure
SLPM-60245,Virtua Fighter: Cyber Generation: Judgment Six no Yabou
SLPM-60246,Burnout 3: Takedown
SLPM-60247,Gradius V
SLPM-60248,Dororo
SLPM-60250,Need for Speed: Underground 2
SLPM-60251,Devil May Cry 3: Trial Version
SLPM-60252,Futakoi
SLPM-60254,Zettai Zetsumei Toshi 2: Itetsuita Kioku-tachi
SLPM-60255,Ponkotsu Roman Daikatsugeki: Bumpy Trot
SLPM-60256,Dengeki PS2 PlayStation D73
SLPM-60257,Death by Degrees
SLPM-60258,The Typing of the Dead: Zombie Panic
SLPM-60259,Jissen Pachi-Slot Hisshouhou! Hokuto no Ken Premium Disc
SLPM-60260,Professional Drift: D1 Grand Prix Series
SLPM-60262,10th Anniversary Memorial Save Data (Disc 2) (PlayStation 2 Taiou)
SLPM-60263,Dengeki PS2 PlayStation D78
SLPM-60264,Shadow Hearts: From the New World
SLPM-60265,Steamboy
SLPM-60266,Ponkotsu Roman Daikatsugeki: Bumpy Trot
SLPM-60267,Garouden: Breakblow
SLPM-60268,Minna Daisuki Katamari Damacy
SLPM-60270,Professional Drift: D1 Grand Prix Series 2005
SLPM-60271,Professional Drift: D1 Grand Prix Series 2005
SLPM-60273,Zettai Zetsumei Toshi 2: Itetsuita Kioku-tachi
SLPM-60274,Full House Kiss 2
SLPM-60275,Dengeki PS2: PlayStation 2 Save Data Collection 2006
SLPM-60277,Jissen Pachi-Slot Hisshouhou! Hokuto no Ken Special Edition
SLPM-60278,Wrestle Kingdom
SLPM-60279,Kamen Rider Kabuto
SLPM-60280,Dengeki PS2: PlayStation 2 Save Data Collection 2007
SLPM-60281,Dengeki PS2 PlayStation D94
SLPM-60282,Lucky Star: RAvish Romance
SLPM-60283,Dengeki PS2 PlayStation D95
SLPM-60284,Dengeki PS2: PlayStation 2 Save Data Collection 2008
SLPM-61001,Onimusha
SLPM-61002,Dengeki PlayStation D40: Konami Fan Book
SLPM-61004,Shadow of Memories / Zone of the Enders: Z.O.E: Tentou Houei-you Movie-ban
SLPM-61007,Maken Shao
SLPM-61008,Devil May Cry: Trial Edition Ver. 2
SLPM-61009,Silent Hill 2
SLPM-61010,Devil May Cry: Trial Edition Ver. 2
SLPM-61011,Silent Hill 2: Tentou Houei-you Movie-ban
SLPM-61012,Dengeki PS2 PlayStation D46
SLPM-61013,Time Crisis 2 & Vampire Night
SLPM-61018,Abarenbou Princess
SLPM-61019,Jitsumei Jikkyou Keiba: Dream Classic: 2001 Autumn
SLPM-61020,Gun Survivor 2: Biohazard: Code: Veronica
SLPM-61022,Dengeki PS2 PlayStation D48: Konami Fan Book
SLPM-61023,Dengeki PS2 PlayStation D49
SLPM-61024,Dengeki PS2 PlayStation D50
SLPM-61025,Kingdom Hearts
SLPM-61026,Gun Survivor 3: Dino Crisis
SLPM-61027,Prismix: PlayStation 2 Sen'you Music Visual Soft: Demo Disc Vol. 1
SLPM-61028,Dengeki PS2 PlayStation D51
SLPM-61029,Shin Combat Choro Q
SLPM-61030,Jojo no Kimyou na Bouken: Ougon no Kaze
SLPM-61031,Dengeki PS2 PlayStation D52
SLPM-61032,Dengeki PS2 PlayStation D53
SLPM-61033,Dengeki PS2 PlayStation D55
SLPM-61034,Dengeki PS2 PlayStation D56
SLPM-61035,Anubis: Zone of the Enders
SLPM-61036,Argus no Senshi
SLPM-61037,Devil May Cry 2
SLPM-61038,Dengeki PS2 PlayStation D57
SLPM-61039,Gun Survivor 4: Biohazard: Heroes Never Die
SLPM-61041,Virtua Fighter 4: Evolution
SLPM-61042,The Baseball 2003: Battle Ball Park Sengen: Perfect Play Pro Yakyuu
SLPM-61043,Devil May Cry 2
SLPM-61044,Dengeki PS2 PlayStation D59
SLPM-61046,Dennou Senki: Virtual-On Marz
SLPM-61048,Dengeki PS2 PlayStation D60
SLPM-61050,Hanjuku Hero tai 3D
SLPM-61051,Dengeki PS2 PlayStation D61
SLPM-61052,Gekitou Pro Yakyuu: Mizushima Shinji All Stars vs. Pro Yakyuu
SLPM-61053,Jikkyou Powerful Pro Yakyuu 10
SLPM-61054,Sidewinder V
SLPM-61055,Gregory Horror Show: Soul Collector
SLPM-61056,NHK Tensai Bit-kun: Glamon Battle
SLPM-61058,Dengeki PS2 PlayStation D62
SLPM-61059,Kunoichi
SLPM-61060,Busin 0: Wizardry Alternative Neo
SLPM-61062,Castlevania
SLPM-61065,Dengeki PS2 PlayStation D64
SLPM-61066,Dengeki PS2 PlayStation D65
SLPM-61067,"Gako Zouryuu: Crouching Tiger, Hidden Dragon"
SLPM-61070,Dengeki PS2 PlayStation D66
SLPM-61072,Puyo Puyo Fever
SLPM-61073,Galaxy Angel: Moonlit Lovers
SLPM-61074,Konjiki no Gashbell!! Yuujou Tag Battle
SLPM-61076,Panzer Front Ausf.B
SLPM-61077,Sega Ages 2500 Taikenban
SLPM-61079,Dengeki PS2 PlayStation D68
SLPM-61080,Ultraman
SLPM-61081,Dengeki PS2 PlayStation D69
SLPM-61082,TV Magazine Ultraman Special Disc
SLPM-61083,Dengeki PS2 PlayStation D70
SLPM-61084,Meiwaku Seijin: Panic Maker
SLPM-61086,Kengou 3
SLPM-61087,Hagane no Renkinjutsushi 2: Akaki Elixir no Akuma
SLPM-61089,Dengeki PS2 PlayStation D72
SLPM-61090,Tim Burton's The Nightmare Before Christmas: Boogie no Gyakushuu
SLPM-61091,Berserk: Millennium Falcon-hen: Seima Senki no Shou
SLPM-61092,Driv3r
SLPM-61093,Ultraman: Fighting Evolution 3
SLPM-61094,Viewtiful Joe 2: Black Film no Nazo
SLPM-61095,Dengeki PS2 PlayStation D74
SLPM-61096,Fuuun Bakumatsuden
SLPM-61097,Dengeki PS2 PlayStation D75
SLPM-61098,Exciting Pro Wres 6: WWE SmackDown! vs. Raw
SLPM-61100,Juuouki: Project Altered Beast
SLPM-61101,Shinsengumi Gunrouden
SLPM-61102,Tsukiyo ni Saraba
SLPM-61103,Kessen III
SLPM-61104,Samurai Western: Katsugeki Samurai-dou
SLPM-61105,Hajime no Ippo All Stars
SLPM-61106,Rumble Roses
SLPM-61107,Dengeki PS2 PlayStation D76
SLPM-61109,Shadow of Rome
SLPM-61110,Enthusia Professional Racing
SLPM-61111,Dragon Ball Z 3
SLPM-61112,Tensei: Swords of Destiny
SLPM-61113,Dengeki PS2 PlayStation D77
SLPM-61114,Shadow of Rome
SLPM-61115,Racing Battle: C1 Grand Prix
SLPM-61116,Bouken-ou Beet: Darkness Century
SLPM-61118,Armored Core: Last Raven
SLPM-61119,Armored Core: Last Raven
SLPM-61120,"Drag-on Dragoon 2: Fuuin no Aka, Haitoku no Kuro"
SLPM-61121,Kaidou: Touge no Densetsu
SLPM-61122,Dengeki PS2 PlayStation D81
SLPM-61123,Naruto: Uzumaki Ninden
SLPM-61124,Ookami: Fude-hajime no Maki
SLPM-61125,Tokyo Game Show Bandai Namco Booth Distribution Disc 2005
SLPM-61126,Dengeki PS2 PlayStation D84
SLPM-61129,Famitsu PS2 Special Disc: Capcom Game Collection
SLPM-61130,Ikusagami
SLPM-61131,Dengeki PS2 PlayStation D85
SLPM-61132,Ikusagami
SLPM-61133,Soulcalibur III
SLPM-61134,Kidou Senshi Gundam Seed: Rengou vs. Z.A.F.T.
SLPM-61135,Naruto: Narutimate Hero 3
SLPM-61137,Sega Rally 2006
SLPM-61138,Akumajou Dracula: Yami no Juin
SLPM-61139,Puyo Puyo Fever 2
SLPM-61140,Ryuu ga Gotoku
SLPM-61141,Dengeki PS2 PlayStation D87
SLPM-61142,Shin Onimusha: Dawn of Dreams / Ookami
SLPM-61144,Ninkyouden: Toseinin Ichidaiki
SLPM-61145,KOF2: Maximum Impact II
SLPM-61146,Dengeki PS2 PlayStation D90
SLPM-61147,Xenosaga Episode III: Also sprach Zarathustra
SLPM-61148,Growlanser V: Generations
SLPM-61149,Dengeki PS2 PlayStation D91
SLPM-61150,Kinnikuman: Muscle Grand Prix Max
SLPM-61152,Dragon Ball Z: Sparking! Neo
SLPM-61153,Dengeki PS2 PlayStation D92
SLPM-61154,Ryuu ga Gotoku 2
SLPM-61155,Lara Croft Tomb Raider: Legend
SLPM-61156,Dengeki PS2 PlayStation D93
SLPM-61157,Naruto Shippuuden: Narutimate Accel
SLPM-61158,Saint Seiya: Meiou Hades Juunikyuu-hen
SLPM-61161,God of War II: The End Begins
SLPM-61162,Dragon Ball Z: Sparking! Meteor
SLPM-61163,Seaman 2: Pekin Genjin Ikusei Kit
SLPM-61164,Dengeki PS2 PlayStation D96
SLPM-62001,DrumMania
SLPM-62002,Jikkyou World Soccer 2000
SLPM-62003,Mahjong Taikai III: Millennium League
SLPM-62004,Mahjong Yarou ze! 2
SLPM-62005,Shin Sangoku Musou
SLPM-62006,Eisei Meijin IV
SLPM-62007,Gradius III and IV: Fukkatsu no Shinwa
SLPM-62008,Jikkyou Powerful Pro Yakyuu 7
SLPM-62009,Ganbare! Nippon! Olympic 2000
SLPM-62010,Sangokushi VII
SLPM-62011,Jikkyou GI Stable
SLPM-62012,KeyboardMania
SLPM-62013,Ring of Red
SLPM-62015,Silpheed: The Lost Planet
SLPM-62016,Super Puzzle Bobble
SLPM-62017,G1 Jockey 2 with Winning Post 4 Maximum (Twin Pack) [2 DISCS]
SLPM-62018,G1 Jockey 2 with Winning Post 4 Maximum (Twin Pack) [2 DISCS]
SLPM-62019,Winning Post 4 Maximum
SLPM-62020,GI Jockey 2
SLPM-62021,Angelique Trois
SLPM-62022,Angelique Trois
SLPM-62023,WinBack
SLPM-62025,PrintFan
SLPM-62026,Silent Scope
SLPM-62027,Snowboard Heaven
SLPM-62028,Greatest Striker
SLPM-62029,Bust A Move: Dance Summit 2001
SLPM-62030,Mahjong Sengen: Saken de Ron!
SLPM-62031,Primal Image for Printer
SLPM-62032,ESPN NBA 2Night
SLPM-62034,Jikkyou Powerful Pro Yakyuu 7: Ketteiban
SLPM-62035,Iku ze! Onsen Takkyuu!!
SLPM-62036,Chou Kousoku Reversi
SLPM-62037,Chou Kousoku Igo
SLPM-62038,Chou Kousoku Mahjong
SLPM-62039,Chou Kousoku Shougi
SLPM-62040,Jikkyou World Soccer 2000: Final Edition
SLPM-62041,ESPN National Hockey Night
SLPM-62042,Kurogane no Houkou: Warship Commander
SLPM-62043,Metal Gear Solid 2: Sons of Liberty
SLPM-62044,RC Revenge Pro
SLPM-62045,Jikkyou J.League: Perfect Striker 3
SLPM-62046,WTA Tour Tennis
SLPM-62047,Endonesia
SLPM-62048,Battle Gear 2
SLPM-62049,Densha de Go! 3: Tsuukin-hen
SLPM-62050,Densha de Go! Shinkansen: San'you Shinkansen-hen
SLPM-62051,Yanya! Caballista featuring Gawoo
SLPM-62052,Beatmania Da Da Da!!
SLPM-62053,World Soccer Winning Eleven 5
SLPM-62054,Eisei Meijin V
SLPM-62055,Bloody Roar 3
SLPM-62056,D.N.A.: Dark Native Apostle
SLPM-62058,Winning Post 4 Maximum 2001
SLPM-62059,GI Jockey 2 2001
SLPM-62060,Winning Post 4 Maximum 2001
SLPM-62061,GI Jockey 2 2001
SLPM-62062,Gitaroo Man One
SLPM-62063,Gradius III and IV: Fukkatsu no Shinwa
SLPM-62064,Mahjong Yarouze! 2: Konami the Best
SLPM-62065,Simple 2000 Series Vol. 1: The Table Game
SLPM-62066,Machi-ing Maker
SLPM-62067,Hunter x Hunter: Ryuumyaku no Saidan
SLPM-62068,EGBrowser
SLPM-62069,All-Star Baseball 2002
SLPM-62070,Uchuujin tte Naani?
SLPM-62071,Jikkyou Powerful Pro Yakyuu 8
SLPM-62072,Horse Breaker
SLPM-62073,Tam Tam Paradise
SLPM-62074,Honkakuteki Pachinko Jikki Kouryaku Series: Milky Bar & Killer Queen: Eikyuu Hozon-ban
SLPM-62075,Jikkyou World Soccer 2001
SLPM-62076,Age of Empires II: The Age of Kings
SLPM-62077,The Maestromusic II
SLPM-62078,The Maestromusic II
SLPM-62079,Se-Pa 2001
SLPM-62081,Everblue
SLPM-62082,Nihon Pro Yakyuu Kikou Kounin: Pro Yakyuu Japan 2001
SLPM-62084,ESPN X Games Skateboarding
SLPM-62085,Silent Scope 2: Innocent Sweeper
SLPM-62086,PlayOnline Beta Edition: PlayOnline Viewer Beta Version & Tetra Master Beta Version
SLPM-62087,Touge 3
SLPM-62088,J.League Winning Eleven 5
SLPM-62090,Silent Scope [Konami the Best]
SLPM-62091,Ring of Red
SLPM-62092,XGIII: Extreme G Racing
SLPM-62093,Simple 2000 Series Ultimate Vol. 1: Love * Smash!
SLPM-62094,Simple 2000 Series Vol. 2: The Party Game
SLPM-62095,Flying Circus: RC Copter Adventure Championship
SLPM-62096,Flying Circus: RC Copter Adventure Championship
SLPM-62097,The Keisatsukan: Shinjuku 24-ji
SLPM-62098,Busin: Wizardry Alternative
SLPM-62099,Nihon Sumou Kyoukai Kounin: Nihon Oozumou: Kakutou-hen
SLPM-62100,Rez
SLPM-62101,Rez
SLPM-62102,Crazy Taxi
SLPM-62103,EX Okuman Chouja Game: The Money Battle
SLPM-62104,Choro Q HG 2
SLPM-62105,Taikou Risshiden IV
SLPM-62107,Growlanser III: The Dual Darkness
SLPM-62108,Growlanser III: The Dual Darkness
SLPM-62109,Hippa Linda
SLPM-62111,EGBrowser
SLPM-62112,Itadaki Street 3: Okuman Chouja ni Shite Ageru! Katei Kyoushi Tsuki!
SLPM-62113,World Soccer Winning Eleven 5: Final Evolution
SLPM-62114,Crash Bandicoot 4: Sakuretsu! Majin Power
SLPM-62115,EX Jinsei Game
SLPM-62116,EX Jinsei Game
SLPM-62117,Momotarou Dentetsu Batten: Kyushu-hen mo Arubai
SLPM-62118,Bomberman Kart
SLPM-62119,Jikkyou Powerful Pro Yakyuu 8: Ketteiban
SLPM-62120,Jikkyou J.League: Perfect Striker 4
SLPM-62121,ESPN NBA 2Night 2002
SLPM-62122,Hermina to Culus: Lilie no Atelier Mou Hitotsu no Monogatari
SLPM-62123,Winning Post 5
SLPM-62124,Ready 2 Rumble Boxing: Round 2
SLPM-62125,Gauntlet: Dark Legacy
SLPM-62126,Hyper Sports 2002 Winter
SLPM-62127,Maximo
SLPM-62128,Le Mans 24 Hours
SLPM-62129,Climax Tennis
SLPM-62130,Virtua Fighter 4
SLPM-62131,Sangokushi VIII
SLPM-62132,Internet Othello: Othello World 24
SLPM-62133,Bloody Roar 3 [Hudson the Best]
SLPM-62134,PlayOnline Viewer & Tetra Master
SLPM-62135,Final Fantasy XI: Online
SLPM-62136,NetFront for Delta
SLPM-62137,Psyvariar: Complete Edition
SLPM-62138,Psyvariar: Complete Edition
SLPM-62139,Psyvariar: Complete Edition
SLPM-62140,Cyber Jansou: Toufuusou-hen
SLPM-62141,Eisei Meijin VI: Tsuushin Shougi Club
SLPM-62142,Tetsu One: Densha de Battle! World Grand Prix
SLPM-62143,SuperLite 2000 Vol. 17: Hakoniwa Tetsudou: Blue Train Tokkyuu-hen
SLPM-62144,Super Puzzle Bobble: Taito Best
SLPM-62145,Teitoku no Ketsudan IV
SLPM-62146,Chou Kousoku Mahjong Plus
SLPM-62147,Bass Strike
SLPM-62148,Nobunaga no Yabou: Ranseiki
SLPM-62150,Simple 2000 Series Vol. 3: The Bass Fishing
SLPM-62151,Jikkyou GI Stable 2
SLPM-62153,Mageru Tsukeru Hashiru: Ore * Dead Heat
SLPM-62154,DDRMAX: Dance Dance Revolution 6th MIX
SLPM-62155,The Baseball 2002: Battle Ball Park Sengen
SLPM-62156,Saikyou no Igo 2
SLPM-62157,BuileBaku
SLPM-62158,Virtua Fighter 4
SLPM-62159,World Soccer Winning Eleven 6
SLPM-62160,Simple 2000 Series Vol. 4: The Double Mahjong Puzzle
SLPM-62161,Generation of Chaos Next: Ushinawareshi Kizuna
SLPM-62163,WinBack
SLPM-62164,Generation of Chaos Next: Ushinawareshi Kizuna
SLPM-62165,Shikigami no Shiro
SLPM-62168,Disney Golf Classic
SLPM-62169,Jikkyou World Soccer 2002
SLPM-62170,Internet Mahjong: Toufuusou de Asobou
SLPM-62171,Simple 2000 Series Vol. 5: The Block Kuzushi Hyper
SLPM-62172,Internet Shougi: Shougi Doujou 24
SLPM-62174,Simple 2000 Honkaku Shikou Series Vol. 3: The Chess
SLPM-62175,Beatmania Da! Da! Da!: The Best Da
SLPM-62176,EGBrowser BB
SLPM-62177,Kuusen
SLPM-62178,Internet Igo: Heisei Kiin 24
SLPM-62179,Simple 2000 Honkaku Shikou Series Vol. 2: The Igo
SLPM-62180,Simple 2000 Honkaku Shikou Series Vol. 1: The Shougi: Morita Kazurou no Shougi Shinan
SLPM-62181,Street Golfer
SLPM-62182,Top Gun: Ace of the Sky
SLPM-62183,Shin Sangoku Musou
SLPM-62184,Sangokushi VIII
SLPM-62185,Sangokushi VII
SLPM-62186,GetBackers: Dakkan'ya: Ubawareta Mugenjou
SLPM-62188,Crazy Bump's: Kattobi Car Battle!
SLPM-62189,Midnight Club: Street Racing [Syscom Game Gallery]
SLPM-62190,High Heat Major League Baseball 2003
SLPM-62191,Mahjong Taikai III: Millennium League
SLPM-62192,Jikkyou Powerful Pro Yakyuu 9
SLPM-62193,Jikkyou J.League: Perfect Striker 5
SLPM-62194,Nihon Sumou Kyoukai Kounin: Nihon Oozumou: Gekitou Honbasho-hen
SLPM-62195,Online Games: Dai Guru Guru Onsen
SLPM-62196,Simple 2000 Series Vol. 6: The Snowboard
SLPM-62197,Simple 2000 Series Vol. 7: The Boxing: Real Fist Fighter
SLPM-62198,Simple 2000 Honkaku Shikou Series Vol. 4: The Mahjong
SLPM-62199,Dragon Quest Characters: Torneko no Daibouken 3: Fushigi no Dungeon
SLPM-62200,Horse Breaker (Koei Summer Chance)
SLPM-62201,WinBack: Koei Summer Chance 2002
SLPM-62202,Winning Post 4 Maximum 2001: Koei Summer Chance 2002
SLPM-62203,Dog of Bay (Reprint)
SLPM-62204,LEGO Racers 2
SLPM-62205,Virtua Cop Re-Birth
SLPM-62206,Growlanser II: The Sense of Justice
SLPM-62207,Simple 2000 Series Vol. 9: The Ren'ai Adventure: Bittersweet Fools
SLPM-62208,Nobunaga no Yabou Online
SLPM-62209,Gigantic Drive
SLPM-62211,18 Wheeler: American Pro Trucker
SLPM-62212,Critical Bullet: 7th Target
SLPM-62213,UFC: Ultimate Fighting Championship 2: Tapout
SLPM-62214,Everblue 2
SLPM-62216,Everblue (CapKore The Best
SLPM-62217,J.League Winning Eleven 6
SLPM-62218,"Simple 2000 Series Vol. 10: The Table Game Sekai-hen: Chess, Backgammon, Diamond, Gunjin Shougi, etc."
SLPM-62219,Simple 2000 Series Vol. 8: The Tennis
SLPM-62220,Pachi-Slot Kanzen Kouryaku: Gigazone: The Meteor Strike
SLPM-62221,Winning Post 5 Maximum 2002
SLPM-62223,Simple 2000 Series Vol. 11: The Off-Road Buggy
SLPM-62224,Simple 2000 Series Ultimate Vol. 3: Saisoku! Zokusha King: Butchigiri Densetsu
SLPM-62225,Nobunaga no Yabou: Ranseiki with Power-Up Kit
SLPM-62227,Marvel vs. Capcom 2: New Age of Heroes
SLPM-62228,Silpheed: The Lost Planet
SLPM-62229,Super Puzzle Bobble 2
SLPM-62230,Silent Scope 3
SLPM-62231,"Simple 2000 Series Vol. 12: The Quiz 20,000-mon"
SLPM-62232,Simple 2000 Series Vol. 15: The Rugby
SLPM-62233,"Simple 2000 Series Ultimate Vol. 4: Urawaza Ikasa Mahjonggai: Nii-san, Tsukanjimatta You da ne"
SLPM-62234,Simple 2000 Series Vol. 13: Onna no Ko no Tame no: The Ren'ai Adventure: Garasu no Mori
SLPM-62235,Get Bass Battle
SLPM-62236,Power Smash 2
SLPM-62237,Gakuen Toshi Vara Noir: Genteiban
SLPM-62238,Gakuen Toshi Varanoir: Kingdom of Chaos the Universe
SLPM-62239,Supercar Street Challenge
SLPM-62240,The Sims
SLPM-62241,Harry Potter and the Chamber of Secrets
SLPM-62242,Doukyuu: Billiard Master 2
SLPM-62244,Choro Q HG 3
SLPM-62245,Yuusei kara no Buttai X: Episode II
SLPM-62247,Shin Contra
SLPM-62248,Simple 2000 Series Ultimate Vol. 5: Love * Mahjong!
SLPM-62249,Simple 2000 Series: Hello Kitty Vol. 1: Starlight Puzzle: Isogashi Cube Dossun Fuwawa
SLPM-62250,Simple 2000 Series: Hello Kitty Vol. 2: Minna de Sugoroku: Fushigi na Sekai no Nakayoshi Sugoroku
SLPM-62251,Simple 2000 Series Vol. 14: The Billiard
SLPM-62252,Simple 2000 Series Vol. 17: The Suiri: Arata naru 20 no Jikenbo
SLPM-62253,Simple 2000 Series Vol. 16: The Sniper 2: Akumu no Juudan
SLPM-62254,Kaerazu no Mori
SLPM-62255,NBA Starting Five
SLPM-62256,Super Trucks
SLPM-62257,Rally Championship
SLPM-62258,GTC Africa
SLPM-62259,Dejikame Album: Kuraemon
SLPM-62260,Inu to Asobou: DogStation: Mic Pack
SLPM-62261,Inu to Asobou: Dogstation
SLPM-62262,GI Jockey 2
SLPM-62263,Snowboard Heaven
SLPM-62264,Shin Contra
SLPM-62266,Momotarou Densetsu 11: Black Bombie Shutsugen no Kan
SLPM-62268,World Soccer Winning Eleven 6: Final Evolution
SLPM-62269,Akagi: Yami ni Oritatta Tensai
SLPM-62270,Simple 2000 Series Vol. 19: The Ren'ai Simulation: Watashi ni Oma-Cafe
SLPM-62271,Simple 2000 Series Vol. 20: The Dungeon RPG: Shinobi: Mamono no Sumu Shiro
SLPM-62272,Simple 2000 Series Vol. 18: The Party Sugoroku
SLPM-62273,Haishin 3
SLPM-62274,Jikkyou Powerful Pro Yakyuu 9: Ketteiban
SLPM-62275,Space Raiders
SLPM-62276,GetBackers: Dakkan'ya: Dakkan da yo! Zen'in Shuugou!!
SLPM-62277,GI Jockey 3
SLPM-62278,Hunter X Hunter: Ryumyaku no Saidan [Konami the Best]
SLPM-62279,GI Jockey 3
SLPM-62280,Winning Post 5 Maximum 2002
SLPM-62281,US Open 2002: A USTA Event
SLPM-62282,Silent Scope 2: Innocent Sweeper [Konami the Best]
SLPM-62283,Nobunaga no Yabou: Soutenroku
SLPM-62284,European Game Collection
SLPM-62285,SuperLite 2000 Vol. 18: Waku Waku Volley 2
SLPM-62286,Monster Bass
SLPM-62287,Fire Pro Wrestling Z
SLPM-62288,Pop'n Music Best Hits!
SLPM-62289,Global Folktale [IF Collection]
SLPM-62290,TV Kuraemon
SLPM-62291,Bomberman Land 2: Game Shijou Saidai no Theme Park
SLPM-62292,Warrior Blade: Rastan vs. Barbarian-hen
SLPM-62293,Magical Pachinko Cotton: Pachinko Jikki Simulation
SLPM-62294,Simple 2000 Series Vol. 21: The Bishoujo Simulation RPG: Moonlight Tale
SLPM-62295,Simple 2000 Series Vol. 22: The Tsuukin Densha Untenshi: Densha de Go! 3: Tsuukin-hen
SLPM-62296,Simple 2000 Series Ultimate Vol. 6: Love * Upper!
SLPM-62297,Ikuze! Onsen Takkyuu! (Psykio Best)
SLPM-62298,Petit Copter
SLPM-62299,WinBack
SLPM-62300,Horse Breaker (Koei The Best)
SLPM-62301,Aerobics Revolution
SLPM-62302,Eisei Meijin 7: Tsuushin Shougi Club
SLPM-62305,SuperLite 2000 Vol. 4: Othello
SLPM-62306,SuperLite 2000 Vol. 2: Shougi
SLPM-62307,Simple 2000 Series Vol. 26: The Pinball x3
SLPM-62308,Simple 2000 Series Vol. 24: The Bowling Hyper
SLPM-62309,Simple 2000 Series Vol. 25: The Menkyo Shutoku Simulation
SLPM-62310,Soutenryuu: The Arcade
SLPM-62311,Bomberman Kart: Hudson the Best
SLPM-62312,Saikyou no Igo 2
SLPM-62313,"Simple 2000 Series Vol. 23: The Puzzle Collection 2,000-mon"
SLPM-62314,Simple 2000 Series Ultimate Vol. 7: Saikyou! Shirobai King: Security Police
SLPM-62315,Petit Copter
SLPM-62316,SuperLite 2000 Vol. 1: Mahjong
SLPM-62317,SuperLite 2000 Vol. 3: Igo
SLPM-62318,XII Stag
SLPM-62319,Sangokushi VIII With Power-Up Kit
SLPM-62320,2003-nen Kaimaku: Ganbare Kyuukai-ou: Iwayuru Pro Yakyuu desu ne
SLPM-62321,RoboCop: Aratanaru Kiki
SLPM-62322,The Conveni 3: Ano Machi o Dokusen seyo
SLPM-62323,AI Shougi 2003
SLPM-62324,Simple 2000 Series Ultimate Vol. 8: Gekitou! Meiro King
SLPM-62325,High Heat: Major League Baseball 2003 (Takara The Best)
SLPM-62326,G-Taste Mahjong
SLPM-62327,G-Taste Mahjong
SLPM-62328,Simple 2000 Series Vol. 27: The Pro Yakyuu: 2003 Pennant Race
SLPM-62329,AI Igo 2003
SLPM-62330,AI Mahjong 2003
SLPM-62331,Shin Sangoku Musou 2 & Moushouden Saikyou Data
SLPM-62332,PlayOnline Viewer: Tetra Master & Janhourou
SLPM-62333,PlayOnline Viewer: Tetra Master & Janhourou
SLPM-62334,Simple 2000 Series Vol. 29: The Ren'ai Board Game: Seishun 18 Radio
SLPM-62335,Simple 2000 Series Vol. 28: The Bushidou: Tsujigiri Ichidai
SLPM-62336,Simple 2000 Series Vol. 44: The Hajimete no RPG: Densetsu no Keishousha
SLPM-62337,Simple 2000 Series Vol. 30: The Street Basketball: 3 on 3
SLPM-62338,Ishikura Noboru Kudan no Igo Kouza: Nyuumon-hen: Kondokoso Honki de Oboeru Igo
SLPM-62339,Kikou Heidan J-Phoenix 2: Joshou-hen
SLPM-62340,Ripuru no Tamago: Apprentice Magician
SLPM-62341,Fushigi no Kuni no Alice
SLPM-62342,Fire Pro Wrestling Z
SLPM-62343,Simple 2000 Series Vol. 34: The Ren'ai Horror Adventure: Hyouryuu Shoujo
SLPM-62344,Simple 2000 Series Vol. 31: The Chikyuu Boueigun
SLPM-62345,Simple 2000 Series Vol. 32: The Sensha
SLPM-62346,Keiei Simulation: Jurassic Park
SLPM-62348,The Mechsmith: Rum= Dim [IF Collection]
SLPM-62349,Welcome to Universal Studios Japan
SLPM-62350,Hudson Selection Vol.02: Star Soldier
SLPM-62352,"Simple 2000 Series Vol. 40: The Touyou Sandai Senjutsu: Fuusui, Seimei Handan, Ekisen"
SLPM-62353,Simple 2000 Series Vol. 33: The Jet Coaster: Yuuenchi o Tsukurou!
SLPM-62354,Space Invaders Anniversary
SLPM-62355,Choro Q HG 2
SLPM-62356,World Soccer Winning Eleven 7
SLPM-62357,Tennis no Oujisama: Smash Hit! Original Anime Game
SLPM-62358,Tennis no Oujisama: Smash Hit! Original Anime Game
SLPM-62359,Tennis no Oujisama: Smash Hit! Original Anime Game
SLPM-62360,Chou Aniki: Seinaru Protein Densetsu
SLPM-62361,Shin Contra
SLPM-62362,Sega Ages 2500 Series Vol. 1: Phantasy Star Generation:1
SLPM-62364,Sega Ages 2500 Series Vol. 2: Monaco GP
SLPM-62365,Cardinal Arc: Konton no Fuusatsu
SLPM-62366,Sega Ages 2500 Series Vol. 3: Fantasy Zone
SLPM-62367,Sega Ages 2500 Series Vol. 1: Phantasy Star: Generation 1 (SLPM-62367)
SLPM-62368,Koei Sangokushi Special Save Data-shuu
SLPM-62369,Karaoke Revolution: J-Pop Best Vol. 1
SLPM-62370,SuperLite 2000 Vol. 8: Psyvariar: Medium Unit
SLPM-62371,SuperLite 2000 Vol. 10: Psyvariar: Revision
SLPM-62372,SuperLite 2000 Vol. 7: Oekaki Puzzle
SLPM-62373,Simple 2000 Series Vol. 35: The Helicopter
SLPM-62374,Simple 2000 Series Ultimate Vol. 12: Street Golfer
SLPM-62375,Simple 2000 Series Vol. 36: The Musume Ikusei Simulation: Otousan to Issho
SLPM-62376,GetBackers: Dakkan'ya: Dakkan da yo! Zen'in Shuugou!!
SLPM-62377,GetBackers Dakkanya: Ubawareta Mugenjou: Konami the Best
SLPM-62378,Bakusou Convoy Densetsu: Otoko Hanamichi America Roman
SLPM-62379,Karaoke Revolution: J-Pop Best Vol. 2
SLPM-62380,Karaoke Revolution: J-Pop Best Vol. 3
SLPM-62381,Karaoke Revolution: J-Pop Best Vol. 4
SLPM-62382,Karaoke Revolution: Love & Ballad
SLPM-62383,Karaoke Revolution: Night Selection 2003
SLPM-62384,Sega Ages 2500 Series Vol. 4: Space Harrier
SLPM-62385,Sega Ages 2500 Series Vol. 5: Golden Axe
SLPM-62386,Ishikura Noboru Kudan no Igo Kouza: Chuukyuu-hen: Jitsuryoku 5-kyuu o Mezasu Hito e
SLPM-62387,SuperLite 2000 Vol. 12: Sudoku
SLPM-62388,SuperLite 2000 Vol. 9: NumCro
SLPM-62389,SuperLite 2000 Vol. 11: Big Bass: Bass Tsuri Kanzen Kouryaku
SLPM-62390,Ichigeki Satchuu!! Hoihoi-san
SLPM-62391,Ichigeki Satchuu!! Hoihoi-san
SLPM-62392,GI Jockey 3 2003
SLPM-62393,GI Jockey 3 2003
SLPM-62394,Power Smash 2
SLPM-62395,Simple 2000 Series Vol. 37: The Shooting: Double Shienryuu
SLPM-62396,"Simple 2000 Honkaku Shikou Series Vol. 6: The Card: Blackjack, Daifugou, Draw Poker, Speed, Page One, etc."
SLPM-62397,Simple 2000 Honkaku Shikou Series Vol. 5: The Kiryoku Kentei: Tanoshiku Manaberu Igo Nyuumon
SLPM-62398,Simple 2000 Series Vol. 39: The Boku no Machi-zukuri: Matching Maker++
SLPM-62399,Simple 2000 Series Ultimate Vol. 13: Kyousou! Tansha King: Kattobi! Bari Bari Densetsu
SLPM-62400,Sega Ages 2500 Series Vol. 12: Puyo Puyo Tsuu: Perfect Set
SLPM-62401,Death Crimson OX+
SLPM-62403,Chou Aniki: Seinaru Protein Densetsu
SLPM-62404,Hudson Selection Vol. 1: Cubic Lode Runner
SLPM-62405,Taikou Risshiden IV
SLPM-62406,Kurogane no Houkou: Warship Commander
SLPM-62407,Takahashi Naoko no Marathon Shiyou yo!
SLPM-62408,Harry Potter: Quidditch World Cup
SLPM-62409,Wizardry Empire III: Haou no Keifu
SLPM-62410,Silent Scope 3: Konami the Best
SLPM-62411,Buggy Grand Prix: Kattobi! Daisakusen
SLPM-62412,Simple 2000 Series Vol. 41: The Volleyball
SLPM-62413,Kuusen II: Combat Flight Simulation II
SLPM-62414,Karaoke Revolution: Dreams & Memories
SLPM-62415,G1 Jockey 2 [Koei Teiban Series]
SLPM-62416,Momotarou Dentetsu 12: Nishi Nihon-hen mo Arimasse!
SLPM-62417,Sakigake!! Cromartie Koukou: Kore wa Hyotto Shite Game Nano ka!? Hen
SLPM-62418,Hudson Selection Vol. 3: PC Genjin: Pithecanthropus Computerurus
SLPM-62419,Yuusei kara no Buttai X: Episode II
SLPM-62420,Sangokushi VIII
SLPM-62421,"Ishikura Noboru Kudan no Igo Kouza: Joukyuu-hen: Mezase, Jitsuryoku Shodan!"
SLPM-62422,Hudson Selection Vol. 4: Takahashi Meijin no Boukenjima
SLPM-62423,SuperLite 2000 Vol. 13: Tetris: Kiwame Michi
SLPM-62424,Quiz & Variety: Suku Suku Inufuku
SLPM-62425,Sega Ages 2500 Series Vol. 7: Columns
SLPM-62426,Simple 2000 Series Vol. 42: The Ishu Kakutougi
SLPM-62427,Dance Dance Revolution: Party Collection
SLPM-62428,Kiwame Mahjong DX II: The 4th Mondo 21 Cup Competition
SLPM-62429,Simple 2000 Series Ultimate Vol. 15: Love * Ping Pong!
SLPM-62430,Simple 2000 Series Vol. 43: The Saiban: Shinmai Shihoukan Momota Tsukasa no 10 no Saiban File
SLPM-62431,Simple 2000 Series Ultimate Vol. 14: Touhai! Dramatic Mahjong: Ten: Tenhoo Doori no Kaidanji
SLPM-62432,Sega Ages 2500 Series Vol. 11: Hokuto no Ken
SLPM-62433,Sega Ages 2500 Series Vol. 06: Ichini no Tant-R To Bonanza Bros [Legacy Edition]
SLPM-62434,Tennis no Oujisama: Smash Hit! 2: Original Anime Game
SLPM-62435,Tennis no Oujisama: Smash Hit! 2: Original Anime Game
SLPM-62436,Tennis no Oujisama: Smash Hit! 2: Original Anime Game
SLPM-62437,Sui Sui Sweet: Amai Koi no Mitsuke-kata
SLPM-62438,Growlanser III: The Dual Darkness
SLPM-62439,Growlanser II: The Sense of Justice
SLPM-62440,Growlanser III: The Dual Darkness
SLPM-62442,Youkoso Hitsuji-Mura
SLPM-62443,Sega Ages 2500 Series Vol. 8: Virtua Racing: FlatOut
SLPM-62444,Sega Ages 2500 Series Vol. 15: DecAthlete Collection
SLPM-62445,Sega Ages 2500 Series Vol. 9: Gain Ground
SLPM-62446,Sega Ages 2500 Series Vol. 10: After Burner II
SLPM-62447,Sega Ages 2500 Series Vol. 13: OutRun
SLPM-62448,SuperLite 2000 Vol. 14: Crossword
SLPM-62449,Tom to Jerry: Hige Hige Daisensou
SLPM-62450,Karaoke Revolution: Anime Song Selection
SLPM-62451,Karaoke Revolution: J-Pop Best Vol. 5
SLPM-62453,G-Taste Mahjong
SLPM-62454,Karaoke Revolution: J-Pop Best Vol. 6
SLPM-62455,Karaoke Revolution: J-Pop Best Vol. 7
SLPM-62456,Karaoke Revolution: J-Pop Best Vol. 8
SLPM-62457,Karaoke Revolution: Snow & Party
SLPM-62458,Daisan Teikoku Koubouki: Aufstieg und Fall des Dritten Reiches
SLPM-62459,Simple 2000 Series Ultimate Vol. 16: Sengoku VS Gendai
SLPM-62460,SuperLite 2000 Vol. 17: Hakoniwa Tetsudou: Blue Train Tokkyuu-hen
SLPM-62461,Shikigami no Shiro II
SLPM-62462,Gradius V
SLPM-62463,Loop Sequencer: Music Generator
SLPM-62464,Pop'n Taisen Puzzle-dama Online
SLPM-62465,Le Mans 24 Hours
SLPM-62466,SuperLite 2000 Vol. 15: Zooo
SLPM-62467,Simple 2000 Series Ultimate Vol. 18: Love * Aerobi
SLPM-62468,Simple 2000 Series Ultimate Vol. 17: Taisen! Bakudan Poi Poi
SLPM-62469,Gunbird 1 & 2
SLPM-62470,Teitoku no Ketsudan IV with Power-Up Kit
SLPM-62471,SuperLite 2000 Vol. 16: UNO Game
SLPM-62472,Diet Channel
SLPM-62473,Nobunaga no Yabou: Ranseiki
SLPM-62474,Simple 2000 Series Vol. 46: The Kanji Quiz: Challenge! Kanji Kentei
SLPM-62475,Momotarou Dentetsu 11: Black Bombee Shutsugen! no Maki
SLPM-62476,GetBackers: Dakkan'ya: Ura Shinjuku Saikyou Battle
SLPM-62477,Simple 2000 Series Vol. 47: The Kassen Sekigahara
SLPM-62478,Bomberman Kart DX
SLPM-62479,Karaoke Revolution: J-Pop Best Vol. 9
SLPM-62480,Taisen Hot Gimmick: Cosplay-jong
SLPM-62481,SuperLite 2000 Vol. 18: Waku Waku Volley 2
SLPM-62482,Pachi-Slot Toukon Denshou: Inoki Matsuri
SLPM-62483,Simple 2000 Series Vol. 48: The Taxi: Untenshu wa Kimi da
SLPM-62484,Simple 2000 Series Vol. 50: The Daibijin
SLPM-62485,Simple 2000 Series Vol. 49: The Dodgeball: World Champion Dodge Baller
SLPM-62486,Simple Outlaws DX Gaiden: Chou Saisoku! Zokusha King Bore Up: Butchigiri Densetsu 2
SLPM-62487,SuperLite 2000 Vol. 19: Hanafuda
SLPM-62488,Taisen Hot Gimmick: Cosplay-jong
SLPM-62489,Yoshinoya
SLPM-62490,Dragon Quest VIII Premium Eizou Disc
SLPM-62491,Rockman: Power Battle Fighters
SLPM-62492,Karaoke Revolution: Kids Song Selection
SLPM-62493,Simple 2000 Series Vol. 54: The Daikaijuu
SLPM-62494,Simple 2000 Series Vol. 55: The Catfight: Meneko Densetsu
SLPM-62495,Simple 2000 Series Vol. 53: The Camera Kozou
SLPM-62496,Simple 2000 Series Vol. 52: The Chikyuu Shinryakugun: Space Raiders
SLPM-62497,Simple 2000 Series Vol. 51: The Senkan
SLPM-62498,Shin Sangoku Musou 3 & Moushouden Saikyou Data
SLPM-62499,Gambler Densetsu Tetsuya Digest
SLPM-62500,Sega Ages 2500 Series Vol. 14: Alien Syndrome
SLPM-62501,Assault Suits Valken
SLPM-62502,Nobunaga Senki
SLPM-62503,Bomberman Battles
SLPM-62504,Simple 2000 Series Vol. 56: The Survival Game
SLPM-62505,Fukuhara Ai no Takkyuu Icchokusen
SLPM-62506,Vampire Panic
SLPM-62507,Vampire Panic
SLPM-62508,Simple 2000 Series Vol. 57: The Pro Yakyuu 2004
SLPM-62509,Simple 2000 Series Vol. 58: The Gekai
SLPM-62510,Simple 2000 Series Vol. 60: The Tokusatsu Henshin Hero
SLPM-62511,Victory Wings: Zero Pilot Series
SLPM-62512,Keiei Simulation: Jurassic Park
SLPM-62513,Harry Potter to Himitsu no Heya
SLPM-62514,Sim People (EA Best Hits)
SLPM-62515,Psikyo Shooting Collection Vol. 1: Strikers 1945 I & II
SLPM-62516,Let's Play Sports!
SLPM-62517,Winning Post 5 [Koei the Best]
SLPM-62518,Teitoku no Ketsudan IV
SLPM-62519,Sangokushi VIII
SLPM-62520,Nobunaga no Yabou: Soutenroku
SLPM-62521,Kiwame Mahjong DXII: The 4th Mondo 21 Cup Competition (Athena Best Collection)
SLPM-62523,Shikigami no Shiro
SLPM-62524,Simple 2000 Series Vol. 59: The Uchuujin to Hanasou! Uchuujin tte Naani?
SLPM-62525,Simple 2000 Series Vol. 61: The OneeChambara
SLPM-62526,Giant Robo: The Animation: Chikyuu ga Seishi suru Hi
SLPM-62528,Karaoke Revolution: Family Pack
SLPM-62529,Karaoke Revolution: Kazoku Idol Sengen
SLPM-62530,Gradius III and IV: Fukkatsu no Shinwa
SLPM-62531,Mahjong Yarouze! 2: Koei Dendou Selection
SLPM-62532,Ys III: Wanderers from Ys
SLPM-62533,Usagi: Yasei no Touhai: The Arcade: Yamashiro Mahjong-hen
SLPM-62534,Simple 2000 Series Vol. 63: Mogitate Mizugi! Onna Mamire no: The Suiei Taikai
SLPM-62536,GI Jockey 3
SLPM-62537,Star Wars: Starfighter
SLPM-62538,Kyoushuu Kidou Butai: Kougeki Helicopter Senki
SLPM-62539,SuperLite 2000 Vol. 26: Mezase! Chess Champion
SLPM-62540,SuperLite 2000 Vol. 27: Mezase! Super Hustler
SLPM-62541,SuperLite 2000 Vol. 28: Mezase! Super Bowler
SLPM-62542,Simple 2000 Series Ultimate Vol. 20: Love * Mahjong! 2
SLPM-62543,Simple 2000 Series Vol. 65: The Kyonshii Panic
SLPM-62544,Simple 2000 Series Ultimate Vol. 19: Akagi: Yami ni Oritatta Tensai
SLPM-62545,Simple 2000 Series Vol. 64: The Splatter Action
SLPM-62546,Sangokushi VII
SLPM-62547,Sega Ages 2500 Series Vol. 16: Virtua Fighter 2
SLPM-62548,SuperLite 2000 Vol. 25: Heisei Bakutoden
SLPM-62549,Otona no Gal-jong: Kimi ni Haneman!
SLPM-62550,Wizardry Empire III: Haou no Keifu
SLPM-62551,Wizardry Empire III: Haou no Keifu: Good Price: Suuryou Genteiban
SLPM-62552,Super Shanghai 2005
SLPM-62553,Sega Ages 2500 Series Vol. 17: Phantasy Star Generation:2
SLPM-62554,Sega Superstars
SLPM-62555,Momotarou Dentetsu USA
SLPM-62556,Simple 2000 Series Vol. 66: The Party Unou Quiz
SLPM-62557,Simple 2000 Series Vol. 67: The Suiri: Soshite Dare mo Inaku Natta
SLPM-62558,Simple 2000 Series Ultimate Vol. 21: Kenka Joutou! Yankee Banchou: Shouwa 99-nen no Densetsu
SLPM-62559,Sega Superstars
SLPM-62560,Growlanser IV Return: Wayfarer of the Time
SLPM-62562,Psyvariar 2: Ultimate Final
SLPM-62563,Psikyo Shooting Collection Vol. 2: Sengoku Ace & Sengoku Blade
SLPM-62564,Simple 2000 Series Vol. 68: The Tousou Highway: Nagoya-Tokyo
SLPM-62565,Boboboubo Boubobo: Atsumare!! Taikan Boubobo
SLPM-62566,The Typing of the Dead: Zombie Panic
SLPM-62567,WinBack
SLPM-62568,Shin Sangoku Musou
SLPM-62569,Hudson Selection Vol. 3: PC Genjin: Pithecanthropus Computerurus
SLPM-62570,Hudson Selection Vol. 4: Takahashi Meijin no Boukenjima
SLPM-62571,Simple 2000 Series Ultimate Vol. 22: Stylish Mahjong: Usagi: Yasei no Touhai & Usagi: Yasei no Touhai: The Arcade Double Pack
SLPM-62572,Boboboubo Boubobo: Atsumare!! Taikan Boubobo
SLPM-62573,Kessen III: Enjoy Disc
SLPM-62574,Gambler Densetsu Tetsuya Digest
SLPM-62577,Jissen Pachi-Slot Hisshouhou! Hokuto no Ken Plus
SLPM-62578,BuzzRod: Fishing Fantasy
SLPM-62579,Simple 2000 Series Vol. 74: Onna no Ko Sen'you: The Oujisama to Romance: Ripuru no Tamago
SLPM-62580,Simple 2000 Series Vol. 69: The Board Game Collection
SLPM-62581,K-1 Premium 2004 Dynamite!!
SLPM-62582,Slotter Up Core 6: Bakuenda! Kyojin no Hoshi II
SLPM-62583,Hudson Selection Vol. 1: Cubic Lode Runner
SLPM-62584,Hudson Selection Vol. 2: Star Soldier
SLPM-62585,Sakigake!! Cromatier High School: Kore wa Hyottoshite Game Nanoka! Hen [Hudson the Best]
SLPM-62586,Simple 2000 Series Vol. 70: The Kanshikikan
SLPM-62588,Simple 2000 Series Vol. 73: The Saiyuu Touenden
SLPM-62589,Simple 2000 Series Vol. 72: The Ninkyou
SLPM-62590,G1 Jockey 3: 2005 Nendo-ban & Winning Post 6: 2005 Nendo-ban
SLPM-62591,GI Jockey 3: 2005-nendoban
SLPM-62592,Shin Sangoku Musou 4 (Treasure Box)
SLPM-62593,Psikyo Shooting Collection Vol. 3: Sol Divide & Dragon Blaze
SLPM-62594,Taisen Hot Gimmick: Cosplay-jong
SLPM-62595,Choro Q HG 3: The Best Takaramono
SLPM-62596,EX Okuman Chouja Game [Takara The Best]
SLPM-62597,Gakuen Heaven: Okawari! Boy's Love Attack!
SLPM-62598,Sakura Taisen V: Saraba Itoshiki Hito yo
SLPM-62599,Bomberman Kart DX
SLPM-62600,Simple 2000 Series Vol. 75: The Tokudane: Nihon Zenkoku Scoop Rettou
SLPM-62601,The Conveni 3: Ano Machi o Dokusen seyo
SLPM-62602,Yokushin: GigaWing Generations
SLPM-62603,Wizardry Summoner
SLPM-62604,Simple 2000 Series Vol. 76: The Hanasou Eigo no Tabi
SLPM-62605,Simple 2000 Series Vol. 77: The Hanasou Hangul no Tabi
SLPM-62606,Sega Ages 2500 Series Vol. 19: Fighting Vipers
SLPM-62607,Shikigami no Shiro II: Taito Best
SLPM-62608,SuperLite 2000 Vol. 30: Yoshinoya
SLPM-62609,Mahjong Haou: Dankyuu Battle
SLPM-62610,Saikyou Toudai Shougi Special II
SLPM-62611,Taisen Hot Gimmick: Axes-jong
SLPM-62612,Taisen Hot Gimmick: Axes-jong
SLPM-62613,Tough: Dark Fight
SLPM-62614,Horse Breaker (Koei Teiban)
SLPM-62615,Slotter Up Mania 6: Oki no Neppuu! Pioneer Special II
SLPM-62616,Simple 2000 Series Ultimate Vol. 25: Chou Saisoku! Zokusha King Bore Up no Bore Up: Butchigiri Densetsu 2 Kai
SLPM-62618,Simple 2000 Series Vol. 78: The Uchuu Daisensou
SLPM-62619,Shoujo Yoshitsune-jong: Benkei no Naki Dokoro
SLPM-62620,Pachi-Slot Winning Post
SLPM-62621,Gradius V
SLPM-62622,Slotter Up Core 7: Gekitouda! Street Fighter II
SLPM-62623,"Elemental Gelade: Matoe, Suifuu no Tsurugi"
SLPM-62624,Petit Copter 2
SLPM-62625,Pachi-Slot Kanzen Kouryaku: Onihama Bakusou Gurentai: Gekitou-hen
SLPM-62626,Oretachi Geesen Zoku: Scramble
SLPM-62627,Oretachi Geesen Zoku: Crazy Climber
SLPM-62628,Oretachi Geesen Zoku: Karate-dou
SLPM-62629,Mahjong Haoh Battle Royale
SLPM-62630,Quiz & Variety: Suku Suku Inufuku
SLPM-62631,"Simple 2000 Series Vol. 23: The Puzzle Collection 2,000-mon"
SLPM-62632,"Simple 2000 Series Vol. 40: The Touyou Sandai Senjutsu: Fuusui, Seimei Handan, Ekisen"
SLPM-62633,Simple 2000 Series Vol. 3: The Bass Fishing
SLPM-62634,Simple 2000 Series Vol. 24: The Bowling Hyper
SLPM-62635,Simple 2000 Series Ultimate Vol. 26: Love * Smash! 5.1: Tennis Robo no Hanran
SLPM-62636,Simple 2000 Series Vol. 8: The Tennis
SLPM-62637,Simple 2000 Series Vol. 6: The Snowboard
SLPM-62638,Simple 2000 Series Vol. 80: The OneeChamploo: The Nee-chan Tokubetsu-hen
SLPM-62639,Mahjong Taikai III: Millennium League
SLPM-62640,Taikou Risshiden IV (Koei Teiban Series)
SLPM-62642,Nobunaga no Yabou: Ranseiki with Power-Up Kit
SLPM-62643,Bomberman Land 3
SLPM-62644,Oretachi Geesen Zoku: Time Pilot
SLPM-62645,Oretachi Geesen Zoku: Moon Cresta
SLPM-62646,Oretachi Geesen Zoku: Sonic Wings
SLPM-62648,K-1 World Max 2005
SLPM-62649,Simple 2000 Series Vol. 85: The Sekai Meisaku Gekijou Quiz
SLPM-62650,Simple 2000 Series Vol. 82: The Kung Fu
SLPM-62651,Simple 2000 Series Vol. 83: The Konchuu Saishuu
SLPM-62652,Simple 2000 Series Vol. 81: The Chikyuu Boueigun 2
SLPM-62653,Psikyo Shooting Collection Vol. 1: Strikers 1945 I & II: Taito Best
SLPM-62655,Sega Ages 2500 Series Vol. 11: Hokuto no Ken
SLPM-62656,Sega Ages 2500 Series Vol. 12: Puyo Puyo Tsuu Perfect Set (SLPM-62656)
SLPM-62657,Daisenryaku 1941: Gyakuten no Taiheiyou: Sega the Best 2800
SLPM-62658,Kyoushuu Kikou Butai: Kougeki Helicopter Senki
SLPM-62660,Oretachi Geesen Zoku: Super Volleyball
SLPM-62661,Oretachi Geesen Zoku: Terra Cresta
SLPM-62662,Simple 2000 Series Vol. 37: The Shooting: Double Shienryuu
SLPM-62663,Simple 2000 Series Vol. 35: The Helicopter
SLPM-62664,Simple 2000 Series 2-in-1 Vol. 4: The Bushidou / The Sniper 2 (Disc 1)
SLPM-62665,Simple 2000 Series 2-in-1 Vol. 4: The Bushidou / The Sniper 2 (Disc 2)
SLPM-62666,Sega Ages 2500 Series Vol. 1: Phantasy Star: Generation 1 (SLPM-62666)
SLPM-62668,Sega Ages 2500 Series Vol.03: Fantasy Zone [Rerelease]
SLPM-62669,Sega Ages 2500 Series Vol. 4: Space Harrier
SLPM-62670,Sega Ages 2500 Series Vol.05: Golden Axe [Legacy Edition]
SLPM-62671,Sega Ages 2500 Series Vol. 6: Ichini no Tant-R to Bonanza Bros.
SLPM-62672,Sega Ages 2500 Series Vol. 7: Columns
SLPM-62674,Sega Ages 2500 Series Vol. 09: Gain Ground [Rerelease]
SLPM-62675,Sega Ages 2500 Series Vol. 13: OutRun
SLPM-62677,Sega Ages 2500 Series Vol. 15: DecAthlete Collection
SLPM-62678,Kurogane no Houkou: Warship Commander
SLPM-62679,Rilakkuma: Ojama shite masu 2-shuukan
SLPM-62680,Relaxuma: Ojama Shitemasu 2 Shuukan
SLPM-62681,Nobunaga no Yabou: Ranseiki
SLPM-62682,Slotter Up Core 8: Gokuenda! Kyojin no Hoshi III
SLPM-62683,Mahjong Haou: Taikai Battle
SLPM-62684,Toudai Shougi: Jouseki Dojo Kanketsuhen
SLPM-62685,Homura
SLPM-62686,Psikyo Shooting Collection Vol. 2: Sengoku Ace & Sengoku Blade
SLPM-62687,Sega Ages 2500 Series Vol. 24: Last Bronx: Tokyo Bangaichi
SLPM-62689,Langrisser III
SLPM-62690,Raiden III
SLPM-62691,Sega Ages 2500 Series Vol. 20: Space Harrier II: Space Harrier Complete Collection
SLPM-62692,Sega Ages 2500 Series Vol. 21: SDI & Quartet: Sega System 16 Collection
SLPM-62693,Slotter Up Mania 7: Saishin Saikyou! Pioneer MAX
SLPM-62694,Slotter Up Mania 8: Senkou Kokuchi! Juggler Special II
SLPM-62695,Oretachi Geesen Zoku: Burger Time
SLPM-62696,Oretachi Geesen Zoku: Yie Ar Kung Fu
SLPM-62697,Generation of Chaos Next: Ushinawareshi Kizuna
SLPM-62698,Ultimate Pro Pinball
SLPM-62699,Cardinal Arc: Konton no Fuusatsu
SLPM-62700,Princess Maker [Best Hit Selection]
SLPM-62701,Princess Maker 2 [Best Hit Selection]
SLPM-62702,Momotarou Dentetsu 15
SLPM-62703,Sega Rally Championship
SLPM-62704,Oretachi Geesen Zoku: Quarth
SLPM-62705,Oretachi Geesen Zoku: Nekketsu Koukou Dodgeball-bu
SLPM-62706,Oretachi Geesen Zoku: Nekketsu Kouha Kunio-kun
SLPM-62707,Oretachi Geesen Zoku: Rabio Lepus
SLPM-62708,Sega Ages 2500 Series Vol. 22: Advanced Daisenryaku: Deutsch Dengeki Sakusen
SLPM-62709,Sega Ages 2500 Series Vol. 23: Sega Memorial Selection
SLPM-62710,Sangokushi VIII
SLPM-62711,SuperLite 2000 Vol. 36: Youkoso Hitsuji-mura
SLPM-62712,Sega Ages 2500 Series Vol. 25: Gunstar Heroes: Treasure Box
SLPM-62713,Yokushin: GigaWing Generations
SLPM-62714,Shin Sangoku Musou
SLPM-62715,Shin Sangoku Musou Series Collection Joukan Saikyou Data
SLPM-62716,Sengoku Musou (Treasure Box)
SLPM-62717,Sega Ages 2500 Series Vol. 26: Dynamite Deka
SLPM-62718,Sega Ages 2500 Series Vol. 27: Panzer Dragoon
SLPM-62719,Pachi-Slot Nobunaga no Yabou: Tenka Sousei
SLPM-62720,Wizardry Summoner
SLPM-62721,Ichigeki Sacchuu!! HoiHoi-San [Konami the Best]
SLPM-62722,Jissen Pachi-Slot Hisshouhou! Ore no Sora
SLPM-62724,The Conveni 4: Ano Machi o Dokusen seyo
SLPM-62725,Mahjong Haou: Dankyuu Battle II
SLPM-62726,Shooting Love: Trizeal
SLPM-62727,Spectral vs. Generation
SLPM-62728,Shin Sangoku Musou 4 & Shin Sangoku Musou 4: Moushouden Saikyou Data
SLPM-62729,Oretachi Geesen Zoku: Akumajou Dracula
SLPM-62730,Oretachi Geesen Zoku: Contra
SLPM-62731,Oretachi Geesen Zoku: Pooyan
SLPM-62733,Garfield: Arleene o Sukue!
SLPM-62734,Erementar Gerad: Matoe Suifu no Ken [Taito Best]
SLPM-62736,Slotter Up Mania: Chou Oki Slot Pioneer Special [Dorart Value Price]
SLPM-62737,Rally Shox
SLPM-62738,Freekstyle Motocross
SLPM-62739,"Pachi-Slot Kanzen Kouryaku: Slot Genjin, Onihama Bakusou Gurentai: Gekitou-hen"
SLPM-62740,Saikyo Shogi Gekisashi Special
SLPM-62742,Wizardry Gaiden: Sentou no Kangoku: Prisoners of the Battles
SLPM-62743,Gakuen Heaven: Okawari! Boy's Love Attack!
SLPM-62744,Oretachi Geesen Zoku: Thunder Cross
SLPM-62745,Oretachi Geesen Zoku: Trio the Punch
SLPM-62746,Sega Ages 2500 Series Vol. 28: Tetris Collection
SLPM-62747,G1 Jockey 3 [Koei Teiban Series]
SLPM-62748,Nobunaga no Yabou:  Ranseiki (with Power-Up Kit)(Koei Teiban Series)
SLPM-62749,Jissen Pachi-Slot Hisshouhou! Mr. Magic Neo
SLPM-62750,Momotarou Dentetsu 16: Hokkaido Daiidou no Maki!
SLPM-62751,Shin Sangoku Musou Series Collection Gekan Saikyou Data
SLPM-62752,Slotter Up Core 9: Jug Kiwametari! Final Juggler
SLPM-62753,Homura: Taito Best
SLPM-62754,Puyo Puyo 15th Anniversary
SLPM-62755,Mahjong Haou: Shinken Battle
SLPM-62756,Saikyou Toudai Shougi 2004
SLPM-62757,EX Okuman Chouja Game: The Money Battle
SLPM-62758,River Ride Adventure featuring Salomon
SLPM-62759,Nobunaga no Yabou: Soutenroku: Koei Teiban Series
SLPM-62760,Sega Ages 2500 Series Vol. 29: Monster World Complete Collection
SLPM-62761,Choro Q HG 2
SLPM-62762,Sangokushi VIII with Power-Up Kit
SLPM-62763,Bomberman Land 3: Hudson the Best
SLPM-62764,Rilakkuma: Ojama shite masu 2-shuukan
SLPM-62766,Sega Ages 2500 Series Vol. 30: Galaxy Force II: Special Extended Edition
SLPM-62767,Sega Ages 2500 Series Vol. 31: Dennou Senki: Virtual On
SLPM-62768,Sengoku Musou 2 & Sengoku Musou 2: Empires Saikyou Data
SLPM-62769,Quiz & Variety: Suku Suku Inufuku 2: Motto Suku Suku
SLPM-62770,FIVB Volleyball World Cup: Venus Evolution
SLPM-62771,Choro Q HG 3
SLPM-62772,Mahjong Haou: Battle Royale
SLPM-62773,Slotter Up Mania 9: Atsu Oki da ze! Mensoore-30 & Mensoore 2-30
SLPM-62774,"Jissen Pachi-Slot Hisshouhou! Selection: Salaryman Kintarou, Slotter Kintarou, Ore no Sora"
SLPM-62775,Sega Ages 2500 Series Vol. 32: Phantasy Star Complete Collection
SLPM-62777,Harukaze P. S.: Plus Situation
SLPM-62778,Slotter Up Mania 10: Pioneer Special III
SLPM-62779,Puyo Puyo!
SLPM-62780,Sega Ages 2500 Series Vol. 33: Fantasy Zone Complete Collection
SLPM-62781,Mahjong Sangokushi
SLPM-62782,Mahjong Haoh: Dankyuu Battle II: MyCom Best
SLPM-62783,Saikyou Toudai Shogi Special II (Mycom Best)
SLPM-62784,Kao no nai Tsuki: Select Story
SLPM-62785,Saikyou Shougi: Gekisashi Special
SLPM-64073,Mahou Sensei Negima! 1-Jikanme Okochama Sensei wa Mahoutsukai! [Konami the Best]
SLPM-64501,Jin Samguk Mussang
SLPM-64502,Winback
SLPM-64504,Maximo
SLPM-64507,Wave Rally
SLPM-64509,Crash Bandicoot: Return of the Demon King
SLPM-64510,International Superstar Soccer 2
SLPM-64512,Super Puzzle Bobble
SLPM-64513,Crash Bandicoot: Mawangui Buhwal
SLPM-64514,Legends of Wrestling
SLPM-64517,Freekstyle
SLPM-64519,Woody Woodpecker
SLPM-64521,Raging Bless: Hangma Muksirok
SLPM-64522,La Pucelle
SLPM-64523,Marvel vs. Capcom 2: New Age of Heroes
SLPM-64524,Shox
SLPM-64525,Guilty Gear X Plus
SLPM-64527,Way of the Samurai
SLPM-64528,Harry Potter and the Chamber of Secrets
SLPM-64532,Digital Holmes
SLPM-64533,F1 2002
SLPM-64534,Psyvariar: Complete Edition
SLPM-64535,High Heat Major League Baseball 2003
SLPM-64537,Dark Angel: Vampire Apocalypse
SLPM-64539,UFC: Ultimate Fighting Championship 2: Tapout
SLPM-64540,The Sims
SLPM-64544,Tetsu One: Jeoncharo Battle! World Grand Prix
SLPM-64549,Siksin-ui Seong
SLPM-64550,Super Puzzle Bobble 2
SLPM-64551,Jin Hondura
SLPM-64552,Silent Scope 3
SLPM-64774,Energy Airforce (Taito Best)
SLPM-65001,Kessen
SLPM-65002,0 Story (Disc 1)
SLPM-65003,0 Story (Disc 2)
SLPM-65004,Reiselied: Ephemeral Fantasia
SLPM-65005,Ore ga Kantoku da! Gekitou Pennant Race
SLPM-65006,Beatmania II DX 3rd Style
SLPM-65008,7 Blades
SLPM-65009,ESPN Winter X Games Snowboarding
SLPM-65010,Onimusha
SLPM-65011,GuitarFreaks 3rd Mix & DrumMania 2nd Mix
SLPM-65012,Gitaroo Man
SLPM-65013,Shadow of Memories
SLPM-65014,Bouken Jidai Katsugeki: Goemon
SLPM-65015,Kessen II
SLPM-65016,Love Songs: Idol ga Classmate
SLPM-65017,Love Songs: Idol ga Classmate
SLPM-65018,Z.O.E.: Zone of the Enders: Premium Package
SLPM-65019,Zone of the Enders: Z.O.E
SLPM-65020,Para Para Paradise
SLPM-65021,Super Galdelic Hour
SLPM-65022,Biohazard: Code: Veronica: Kanzenban
SLPM-65023,Devil May Cry: Trial Edition
SLPM-65026,Beatmania II DX 4th Style: New Songs Collection
SLPM-65027,Anime Eikaiwa: 15 Shounen Hyouryuuki: Hitomi no Naka no Shounen
SLPM-65028,Anime Eikaiwa: Tottoi
SLPM-65029,Anime Eikaiwa: Tondemo Nezumi Daikatsuyaku
SLPM-65030,Kessen
SLPM-65031,Kessen II
SLPM-65032,Tokyo Bus Guide: Kyou kara Kimi mo Untenshu
SLPM-65033,Kikou Heidan J-Phoenix
SLPM-65034,Kitakata Kenzou Sangokushi (Disc 1)
SLPM-65035,Kitakata Kenzou Sangokushi (Disc 2)
SLPM-65037,Angelique Trois: Aizouban
SLPM-65038,Devil May Cry
SLPM-65039,Densha de Go! Shinkansen: San'you Shinkansen-hen
SLPM-65040,The Fear (Disc 1)
SLPM-65041,The Fear (Disc 2)
SLPM-65042,The Fear (Disc 3)
SLPM-65043,The Fear (Disc 4)
SLPM-65044,Angelique Trois: Aizouban
SLPM-65046,Gofungo no Sekai
SLPM-65047,Capcom vs. SNK 2: Millionaire Fighting 2001
SLPM-65048,Kinniku Banzuke: Muscle Wars 21
SLPM-65049,Beatmania II DX 5th Style: New Songs Collection
SLPM-65050,Yu-Gi-Oh! Shin Duel Monsters II: Keishou sareshi Kioku
SLPM-65051,Silent Hill 2
SLPM-65052,Gitadora! GuitarFreaks 4th Mix & DrumMania 3rd Mix
SLPM-65053,Shin Sangoku Musou 2
SLPM-65054,Abarenbou Princess
SLPM-65056,Ore ga Kantoku da! Volume 2: Gekitou Pennant Race
SLPM-65057,7 Blades [Konami the Best]
SLPM-65059,Gun Survivor 2: Biohazard: Code: Veronica
SLPM-65060,Gun Survivor 2: Biohazard: Code: Veronica
SLPM-65061,Adventure of Tokyo Disney Sea: Ushinawareta Houseki no Himitsu
SLPM-65065,Sorcerous Stabber Orphen [Kadokawa the Best]
SLPM-65066,Bouken Jidai Katsugeki Goemon [Konami The Best]
SLPM-65070,Shadow of Memories [Konami the Best]
SLPM-65071,Zero 4 Champ Series: Drift Champ
SLPM-65072,ESPN Winter X Games Snowboarding 2002
SLPM-65073,Gensou Suikoden III
SLPM-65074,Gensou Suikoden III
SLPM-65075,K-1 World Grand Prix 2001
SLPM-65076,Kidou Senshi Gundam: Renpou vs. Zeon DX
SLPM-65077,Metal Gear Solid 2: Sons of Liberty
SLPM-65078,Metal Gear Solid 2: Sons of Liberty
SLPM-65079,Tokimeki Memorial 3: Yakusoku no Ano Basho de: Limited Box
SLPM-65080,Tokimeki Memorial 3: Yakusoku no Ano Basho de
SLPM-65081,Grandia II
SLPM-65082,Grandia Xtreme
SLPM-65083,Houshin Engi 2
SLPM-65085,Alone in the Dark
SLPM-65086,A Visual Mix: Ayumi Hamasaki Dome Tour 2001 A (Disc 1)
SLPM-65087,A Visual Mix: Ayumi Hamasaki Dome Tour 2001 A (Disc 2)
SLPM-65089,Grandia Xtreme
SLPM-65090,Spyhunter
SLPM-65091,Harukanaru Toki no Naka de 2
SLPM-65092,Harukanaru Toki no Naka de 2
SLPM-65093,Sangokushi Senki
SLPM-65094,KeyboardMania II: 2nd Mix & 3rd Mix
SLPM-65095,Space Channel 5
SLPM-65096,Space Channel 5 Part 2
SLPM-65097,Garakuta Meisaku Gekijou: Rakugaki Oukoku
SLPM-65098,Silent Hill 2: Saigo no Uta
SLPM-65100,Onimusha 2
SLPM-65101,Onimusha 2
SLPM-65104,SSX Tricky
SLPM-65105,Shin Combat Choro Q
SLPM-65107,Simple 2000 Series Ultimate Vol. 2: Edit Racing
SLPM-65108,Jet de Go! 2: Let's Go By Airliner
SLPM-65109,Saka Tsuku 2002: J.League Pro Soccer Club o Tsukurou!
SLPM-65110,Roommania #203
SLPM-65111,NFL 2K2
SLPM-65113,Splashdown
SLPM-65115,Final Fantasy X International
SLPM-65116,Lilie no Atelier Plus: Salburg no Renkinjutsushi 3
SLPM-65117,Kikou Heidan J-Phoenix
SLPM-65118,Tokimeki Memorial 2: Music Video Clips: Circus de Aimashou
SLPM-65119,Shine: Kotoba o Tsumui de
SLPM-65120,Shine: Kotoba o Tsumui de
SLPM-65121,Switch
SLPM-65122,Kikou Heidan J-Phoenix: Burst Tactics: Limited Edition
SLPM-65123,Kikou Heidan J-Phoenix: Burst Tactics
SLPM-65124,Auto Modellista
SLPM-65125,Natsuiro no Sunadokei [Limited Edition]
SLPM-65126,Tokimeki Memorial Girl's Side [Limited Edition]
SLPM-65130,Nihon Daihyou Senshu ni Narou!
SLPM-65131,Judie no Atelier: Gramnad no Renkinjutsushi
SLPM-65132,Warriors of Might and Magic
SLPM-65133,Konohana 2: Todokanai Requiem
SLPM-65134,RedCard
SLPM-65135,NBA 2K2
SLPM-65136,Natsu-iro no Sunadokei
SLPM-65137,All-Star Baseball 2003 featuring Derek Jeter
SLPM-65139,Gun Survivor 3: Dino Crisis
SLPM-65140,Jojo no Kimyou na Bouken: Ougon no Kaze
SLPM-65141,Zoku Segare Ijiri: Henchin Tama Segare
SLPM-65142,The Anime Super Remix: Kyojin no Hoshi
SLPM-65143,The Anime Super Remix: Ashita no Joe 2
SLPM-65144,Maken Shao
SLPM-65145,Tokimeki Memorial: Girl's Side
SLPM-65146,Shin Sangoku Musou 2
SLPM-65148,Densha de Go! Ryojou-hen
SLPM-65149,Choro Q HG
SLPM-65150,Aero Dancing 4: New Generation
SLPM-65151,Akudaikan
SLPM-65152,Gungrave
SLPM-65153,Gungrave
SLPM-65154,Kimi Ga Nozomu Eien: Rumbling Hearts [Limited Edition]
SLPM-65155,Kimi ga Nozomu Eien: Rumbling Hearts
SLPM-65156,Beatmania II DX 6th Style: New Songs Collection
SLPM-65158,RS: Riding Spirits
SLPM-65159,Angelique Trois: Aizouban
SLPM-65160,Gitaroo Man
SLPM-65161,Aero Dancing 4
SLPM-65162,San Guo Zhi Zhan Ji
SLPM-65163,Zhen Sanguo Wushuang 2
SLPM-65164,Project Minerva (box)
SLPM-65165,Project Minerva
SLPM-65166,Ultimate Fighting Championship 2: Tap-Out
SLPM-65167,Pride
SLPM-65168,Medal of Honor: Frontline
SLPM-65169,CombatQueen
SLPM-65170,Shin Sangoku Musou 2: Moushouden
SLPM-65171,Shin Sangoku Musou 2
SLPM-65172,Shin Sangoku Musou 2: Moushouden
SLPM-65173,Tantei Jinguuji Saburou: Innocent Black
SLPM-65174,Britney's Dance Beat
SLPM-65176,King of Colosseum: Shin Nippon x Zen Nippon x Pancrase Disc
SLPM-65177,Energy Airforce
SLPM-65178,Ferrari F355 Challenge
SLPM-65179,Culdcept II Expansion
SLPM-65180,The Baseball 2003: Battle Ball Park Sengen: Perfect Play Pro Yakyuu
SLPM-65181,Need for Speed: Hot Pursuit 2
SLPM-65183,Auto Modellista
SLPM-65184,The Document of Metal Gear Solid 2
SLPM-65185,Ferrari F355 Challenge
SLPM-65186,THREAD COLORS: SAYONARA NO MUKOUGAWA [LIMITED EDITION]
SLPM-65187,Thread Colors: Sayonara no Mukougawa
SLPM-65190,Tony Hawk's Pro Skater 3
SLPM-65191,V-Rally 3
SLPM-65192,NBA Live 2003 (EA Best Hits)
SLPM-65196,Breath of Fire V: Dragon Quarter
SLPM-65197,Nobunaga no Yabou Online
SLPM-65198,Shaun Palmer's Pro Snowboarder
SLPM-65199,Kikou Heidan J-Phoenix: Cobalt Shoutai-hen
SLPM-65200,Shinobi
SLPM-65201,Star Wars: Jedi Starfighter
SLPM-65202,K-1 World Grand Prix 2002
SLPM-65203,Phantom: Phantom of Inferno
SLPM-65204,Phantom: Phantom of Inferno
SLPM-65205,Spider-Man
SLPM-65206,King of Colosseum: Noah x Zero-One Disc
SLPM-65207,Chou Battle Houshin
SLPM-65208,Pop'n Music 7
SLPM-65209,Star Ocean: Till the End of Time
SLPM-65210,Chou Battle Houshin
SLPM-65211,Houshin Engi 2
SLPM-65212,The Lord of the Rings: The Two Towers
SLPM-65213,Evolution Skateboarding
SLPM-65215,Chou Battle Housin & Shin Sangoku Musou 2 Mushouden
SLPM-65217,Seaman: Kindan no Pet: Kanzenban
SLPM-65218,Bomberman Jetters
SLPM-65219,Happy Breeding: Cheerful Party
SLPM-65220,Happy Breeding: Cheerful Party
SLPM-65221,Clock Tower 3
SLPM-65222,Yu-Gi-Oh! Shin Duel Monsters II: Keishou Sareshi Kioku: Konami the Best
SLPM-65223,Triangle Again
SLPM-65224,NFL 2K3
SLPM-65226,Savage Skies
SLPM-65227,J.League Pro Soccer Club o Tsukurou! 3
SLPM-65228,Taishou Mononoke Ibunroku
SLPM-65229,Totsugeki! Army Men: Shijou Saishou no Sakusen
SLPM-65230,Tokimeki Memorial 3: Yakusoku no Ano Basho de: Konami the Best
SLPM-65231,Evolution Snowboarding
SLPM-65232,Devil May Cry 2 (Disc 1) (Dante)
SLPM-65233,Devil May Cry 2 (Disc 2) (Lucia)
SLPM-65234,Bakusou Dekotora Densetsu: Otoko Hanamichi Yume Roman
SLPM-65235,New Roommania: Porori Seishun
SLPM-65236,Anubis: Zone of the Enders
SLPM-65237,Zone of the Enders: Z.O.E
SLPM-65238,Angelic Concert [Special Box]
SLPM-65239,Angelic Concert
SLPM-65240,Pro Yakyuu Team o Tsukurou! 2
SLPM-65241,Shin Megami Tensei III: Nocturne
SLPM-65242,Shin Megami Tensei III: Nocturne
SLPM-65243,Densha de Go! Professional 2
SLPM-65244,Tom Clancy's Ghost Recon
SLPM-65245,Gun Survivor 4: Biohazard: Heroes Never Die
SLPM-65246,"Kaidou Battle: Nikko, Haruna, Rokko, Hakone"
SLPM-65247,Sangokushi Senki 2
SLPM-65248,Shin Sangoku Musou 3
SLPM-65249,Chaos Legion
SLPM-65250,Kattobi!! Golf
SLPM-65254,Galaxy Angel
SLPM-65255,Chobits: Chii dake no Hito
SLPM-65256,First Kiss Stories
SLPM-65257,Silent Hill 3
SLPM-65258,EX Jinsei Game II [Limited Edition]
SLPM-65259,Shin Megami Tensei III: Nocturne
SLPM-65260,Gaika no Gouhou: Air Land Force
SLPM-65261,TBS All Star Kanshasai Vol. 1: Chou Gouka! Quiz Ketteiban
SLPM-65262,Boboboubo Boubobo: Hajike Matsuri
SLPM-65263,Shin Sangoku Musou 2
SLPM-65264,Shin Sangoku Musou 2: Moushouden
SLPM-65266,Drag-on Dragoon
SLPM-65267,Kurogane no Houkou 2: Warship Gunner
SLPM-65268,Initial D: Special Stage
SLPM-65269,NBA 2K3
SLPM-65270,Virtua Fighter 4: Evolution
SLPM-65271,Over the Monochrome Rainbow featuring Shogo Hamada
SLPM-65272,Kyuuketsu-hime Yui: Sen'yashou
SLPM-65273,Triangle Again 2
SLPM-65274,Saishuu Heiki Kanojo [Limited Edition]
SLPM-65275,Saishuu Heiki Kanojo
SLPM-65276,Grand Prix Challenge
SLPM-65277,DDRMAX2: Dance Dance Revolution 7th MIX
SLPM-65278,Generation of Chaos III: Toki no Fuuin
SLPM-65279,Generation of Chaos III: Toki no Fuuin
SLPM-65280,Green Green: Kane no Oto Dynamic
SLPM-65281,Green Green: Kane no Ne: Dynamic
SLPM-65282,Green Green: Kane no Oto Romantic [Deluxe Pack]
SLPM-65283,Green Green: Kane no Ne: Romantic
SLPM-65284,WRC II Extreme
SLPM-65285,Love Hina Gojasu: Chiratto Happening!! [Limited Box]
SLPM-65286,Auto Modellista: U.S.-Tuned
SLPM-65287,Final Fantasy XI: Zilart no Gen'ei
SLPM-65288,Final Fantasy XI: Zilart no Gen'ei
SLPM-65289,Final Fantasy XI: PlayOnline Entry Disc
SLPM-65290,Margi: Marginal: Ano Toki no Tooi Yakusoku o
SLPM-65291,Margi: Marginal: Ano Toki no Tooi Yakusoku o
SLPM-65292,Love Hina Gorgeous: Chiratto Happening!!
SLPM-65294,Cafe Little Wish: Mahou no Recipe
SLPM-65295,Cafe Little Wish: Mahou no Recipe
SLPM-65296,F: Fanatic
SLPM-65297,F: Fanatic
SLPM-65298,Winning Post 5 Maximum 2003
SLPM-65299,Konohana 3: Itsuwari no Kage no Mukou ni
SLPM-65300,All Star Pro-Wrestling III
SLPM-65301,ToraCap! Daash!!
SLPM-65302,Torakapuu! Dash!! [Deluxe Pack]
SLPM-65303,Dennou Senki: Virtual-On Marz
SLPM-65304,Frogger
SLPM-65305,Gensou Suikoden III
SLPM-65306,Sakura: Setsu Gekka
SLPM-65307,Sakura: Setsu Gekka
SLPM-65308,Shutokou Battle 01
SLPM-65310,The Mark of Kri
SLPM-65311,Viorate no Atelier: Gramnad no Renkinjutsushi 2
SLPM-65313,First Kiss Stories
SLPM-65314,Hanjuku Hero tai 3D
SLPM-65315,Hanjuku Hero tai 3D
SLPM-65316,Pop'n Music 8
SLPM-65317,Jikkyou Powerful Pro Yakyuu 10
SLPM-65318,Gambler Densetsu Tetsuya: Kurouto Choujou Kessen
SLPM-65319,Eve: Burst Error Plus
SLPM-65320,Eve: Burst Error Plus
SLPM-65321,Tennis no Oujisama: Smash Hit!
SLPM-65322,Tennis no Oujisama: Smash Hit!
SLPM-65323,Tennis no Oujisama: Smash Hit!
SLPM-65324,Gregory Horror Show: Soul Collector
SLPM-65325,Air Ranger 2: Rescue Helicopter
SLPM-65326,Choro Q: HG 4
SLPM-65327,Tennis no Oujisama: Smash Hit!
SLPM-65328,Shirachuu Tankenbu
SLPM-65329,Makai Tenshou
SLPM-65330,Akudaikan 2: Mousouden
SLPM-65331,Rockman X7
SLPM-65332,Mahoromatic: Moetto: Kirakira Maid-san [Limited Edition]
SLPM-65333,Mahoromatic: Moetto Kira Kira Maid-san.
SLPM-65334,Shin Seiki Evangelion: Ayanami Ikusei Keikaku with Asuka Hokan Keikaku
SLPM-65335,Gekitou Pro Yakyuu: Mizushima Shinji All Stars vs. Pro Yakyuu
SLPM-65336,K-1 World Grand Prix: The Beast Attack!
SLPM-65337,Gegege no Kitarou: Ibun Youkai Kitan
SLPM-65338,Juunikoku-ki: Guren no Shirube Koujin no Michi
SLPM-65339,Akudaikan
SLPM-65340,Shinseiki Evangelion: Ayanami Ikusei Keikaku with Asuka Hokan Keikaku
SLPM-65341,Silent Hill 2: Saigo no Uta
SLPM-65342,Kyoufu Shinbun Heisei-ban: Kaiki! Shinrei File
SLPM-65343,Kikou Heidan J-Phoenix 2
SLPM-65344,Project Minerva Professional
SLPM-65345,Simple 2000 Series Ultimate Vol. 9: Bakusou! Manhattan: Runabout 3: Neo Age
SLPM-65346,Winning Post 6
SLPM-65347,Bistro Cupid 2
SLPM-65348,Bistro Cupid 2
SLPM-65349,Tokyo Bus Annai [SuperLite 2000]
SLPM-65350,Simple 2000 Series Ultimate Vol. 11: Wandaba Style: Totsugeki! Mix Live Juice
SLPM-65352,Simple 2000 Series Ultimate Vol. 10: Love * Songs: Idol ga Classmate
SLPM-65353,SuperLite 2000 Vol. 6: Konohana 2: Todokanai Requiem
SLPM-65354,Sangokushi Senki 2
SLPM-65355,Natsuiro Komachi: Ichijitsu Senka
SLPM-65356,Natsuiro Komachi
SLPM-65357,Biohazard: Code: Veronica: Kanzenban
SLPM-65358,Dance Dance Revolution Extreme
SLPM-65359,Judie no Atelier: Gramnad no Renkinjutsushi
SLPM-65361,Anubis: Zone of the Enders: Special Edition
SLPM-65362,NHK Tensai Bit-kun: Glamon Battle
SLPM-65363,Shoujo Yoshitsune-den
SLPM-65364,Shoujo Yoshitsune-den
SLPM-65365,Tokimeki Memorial: Girl's Side
SLPM-65366,Dear Boys: Fast Break!
SLPM-65367,Makai Eiyuuki Maximo: Machine Monster no Yabou
SLPM-65368,D.N.Angel: TV Animation Series: Kurenai no Tsubasa
SLPM-65369,TBS All Star Kanshasai 2003 Aki: Chou Gouka! Quiz Ketteiban
SLPM-65370,Tennis no Oujisama: Sweat & Tears 2
SLPM-65371,Tennis no Oujisama: Sweat & Tears 2: Seishun Gakuen Teikyuusai '03: Perfect Live
SLPM-65372,Soccer Kantoku Saihai Simulation: Formation Final
SLPM-65373,Garasu no Bara
SLPM-65374,Energy Airforce AimStrike!
SLPM-65375,Shin Sangoku Musou 3
SLPM-65376,Shin Sangoku Musou 3: Moushouden
SLPM-65377,Shin Sangoku Musou 3: Moushouden
SLPM-65378,Busin 0: Wizardry Alternative Neo
SLPM-65379,The Baseball 2003: Battle Ball Park Sengen: Perfect Play Pro Yakyuu: Shuukigou
SLPM-65380,Samurai-dou 2: Way of the Samurai 2
SLPM-65381,Simple 2000 Series Vol. 84: The Boku ni Oma-Cafe: Kimagure Strawberry Cafe
SLPM-65382,Grand Theft Auto III
SLPM-65383,Growlanser IV: Wayfarer of the Time
SLPM-65384,Dream Mix TV: World Fighters
SLPM-65385,Winning Post 6
SLPM-65386,Train Simulator: Midousuji-Sen
SLPM-65387,Aero Dancing 4: New Generation: Sega the Best 2800
SLPM-65388,Lost Passage: Ushinawareta Issetsu
SLPM-65389,Lost Passage: Ushinawareta Hitofushi
SLPM-65390,Shinki Gensou: Spectral Souls
SLPM-65391,Shinki Gensou: Spectral Souls
SLPM-65392,"Kanojo no Densetsu, Boku no Sekiban: Amirion no Ken to Tomo ni"
SLPM-65393,Simple 2000 Series Vol. 38: Otoko no Tame no Bible: The Yuujou Adventure: Hotaru Soul
SLPM-65394,Love Smash! 5: Tennis Robo no Hanran
SLPM-65395,Di Gi Charat Fantasy Excellent
SLPM-65396,Di Gi Charat Fantasy Excellent
SLPM-65397,Tennis no Oujisama: Kiss of Prince: Ice
SLPM-65398,Tennis no Oujisama: Kiss of Prince: Flame
SLPM-65399,D.C.P.S.: Da Capo: Plus Situation [Deluxe Pack]
SLPM-65400,D.C.P.S.: Da Capo: Plus Situation
SLPM-65401,Tengai Makyou II: Manji Maru
SLPM-65402,Tengai Makyou II: Manji Maru
SLPM-65403,Sangokushi Senki
SLPM-65404,Kita e.: Diamond Dust
SLPM-65405,Chou Jikuu Yousai Macross
SLPM-65406,Castlevania
SLPM-65407,Transformers
SLPM-65408,Growlanser IV: Wayfarer of the Time
SLPM-65409,Air Ranger 2 Plus: Rescue Helicopter
SLPM-65410,The Getaway
SLPM-65411,Onimusha Buraiden
SLPM-65412,Kaijuu Daigekisen: War of the Monsters
SLPM-65413,Onimusha 3
SLPM-65414,"Simple 2000 Series Vol. 45: The Koi to Namida to, Tsuioku to... Thread Colors: Sayonara no Mukougawa"
SLPM-65415,EX Jinsei Game II
SLPM-65416,PrideGP Grand Prix 2003
SLPM-65417,Mat Hoffman's Pro BMX 2003
SLPM-65418,Kelly Slater's Pro Surfer 2003
SLPM-65419,Tony Hawk's Pro Skater 2003
SLPM-65420,Dabi Tsuku 3: Derby-ba o Tsukurou!
SLPM-65421,Ever 17: The Out of Infinity Premium Edition
SLPM-65422,Tom Clancy's Splinter Cell
SLPM-65423,Sangokushi IX
SLPM-65424,Moekan: Moekkojima e Youkoso [Moekko Company] [Limited Edition]
SLPM-65425,Moekan: Moe Musume Shima e Youkoso
SLPM-65426,Pro Yakyuu Team o Tsukurou! 2003
SLPM-65427,RSII: Riding Spirits 2
SLPM-65428,Biohazard: Outbreak
SLPM-65429,Galaxy Angel: Moonlit Lovers
SLPM-65431,Sonic Heroes
SLPM-65432,J.League Winning Eleven Tactics
SLPM-65433,K-1 World Grand Prix 2003
SLPM-65434,Battle Gear 3
SLPM-65436,Shin Sangoku Musou 3: Moushouden
SLPM-65437,Kessen II
SLPM-65438,Star Ocean: Till the End of Time: Director's Cut (Disc 1)
SLPM-65439,Star Ocean: Till the End of Time: Director's Cut (Disc 2)
SLPM-65441,Ashita no Joe: Masshiro ni Moe Tsukiro!
SLPM-65442,Terminator 3: Rise of the Machines
SLPM-65443,Front Mission 4
SLPM-65444,Castlevania
SLPM-65445,Jikkyou Powerful Pro Yakyuu 10: Chou Ketteiban: 2003 Memorial
SLPM-65446,007: Everything or Nothing
SLPM-65447,Kunoichi
SLPM-65448,Cambrian QTS: Kaseki ni Natte mo
SLPM-65449,SSX 3
SLPM-65450,Tantei Gakuen Q: Kioukan no Satsui
SLPM-65451,Tennis no Oujisama: Smash Hit! 2
SLPM-65452,Tennis no Oujisama: Smash Hit! 2
SLPM-65453,Tennis no Ouji-sama: Smash Hit! 2 (Gentei Card-tsuki)
SLPM-65454,Tennis no Oujisama: Smash Hit! 2
SLPM-65455,Nobunaga no Yabou: Soutenroku With Power-Up Kit
SLPM-65456,Nurse Witch Komugi-Chan Magical te [Limited Edition]
SLPM-65457,Nurse Witch Komugi-chan: Maji-Karte
SLPM-65458,Kurogane no Houkou 2: Warship Commander
SLPM-65459,Bujingai
SLPM-65460,Conflict Delta: Wangan Sensou 1991
SLPM-65461,Shin Megami Tensei III: Nocturne Maniax [Deluxe Edition]
SLPM-65462,Shin Megami Tensei III: Nocturne Maniax
SLPM-65463,Rocky
SLPM-65464,Wind: A Breath of Heart
SLPM-65465,Harry Potter to Kenja no Ishi
SLPM-65466,Yomigaeri: Refrain
SLPM-65468,Roommate Asami: Okusama wa Joshikousei [D-Collection]
SLPM-65469,Medal of Honor: Rising Sun
SLPM-65470,Firefighter F.D.18
SLPM-65471,Need for Speed: Underground
SLPM-65472,Train Simulator + Densha de Go! Tokyo Kyuukou-hen
SLPM-65473,Hagane no Renkinjutsushi: Tobenai Tenshi
SLPM-65474,Kurogane no Houkou 2: Warship Commander (Limited Edition)
SLPM-65477,Kurenai no Umi 2: Crimson Sea
SLPM-65478,Final Fantasy X-2 International + Last Mission
SLPM-65479,The Sims
SLPM-65480,Michigan
SLPM-65481,After... Wasureenu Kizuna
SLPM-65482,After... Wasureemu Kizuna
SLPM-65483,Secret Weapons over Normandy
SLPM-65484,wordimagesoundplay
SLPM-65485,Bomberman Jetters [Hudson the Best]
SLPM-65486,AirForce Delta: Blue Wing Knights
SLPM-65488,Grand Theft Auto: Vice City
SLPM-65489,Tantei Jinguji Saburo: Innocent Black [WorkJam Best Collection]
SLPM-65490,Kishin Houkou Demonbane
SLPM-65491,Kishin Houkou Demonbane
SLPM-65492,Gungrave O.D.
SLPM-65493,Furasera: Hurrah! Sailor
SLPM-65494,Fuuun Shinsengumi
SLPM-65495,Monster Hunter
SLPM-65496,Hyper Street Fighter II: The Anniversary Edition
SLPM-65497,World Soccer Winning Eleven 7 International (Adidas Premium Package)
SLPM-65498,World Soccer Winning Eleven 7: International
SLPM-65499,Bloody Roar 4
SLPM-65500,Anubis: Zone of the Enders: Special Edition
SLPM-65501,Frogger Rescue
SLPM-65502,Gungrave
SLPM-65503,The Lord of the Rings: Ou no Kikan
SLPM-65504,Cool Girl (Disc 1) (Ice Side)
SLPM-65505,Cool Girl (Disc 2) (Aska Side)
SLPM-65506,Cool Girl (Disc 1) (Ice Side)
SLPM-65507,Cool Girl (Disc 2) (Aska Side)
SLPM-65508,Pop'n Music 9
SLPM-65509,Tennis no Oujisama: Love of Prince: Sweet
SLPM-65510,Tennis no Oujisama: Love of Prince: Bitter
SLPM-65512,Angel's Feather
SLPM-65513,Angel's Feather
SLPM-65514,Kaidou Battle 2: Chain Reaction
SLPM-65515,Sakura Taisen Monogatari: Mysterious Paris
SLPM-65516,Sengoku Musou (Treasure Box)
SLPM-65517,Sengoku Musou
SLPM-65518,"Lime-iro Senkitan Jun: Meiji Nihon, Otome Sakimorisu."
SLPM-65519,"Lime-iro Senkitan Jun: Meiji Nihon, Otome Sakimorisu."
SLPM-65520,Tentama 2 wins
SLPM-65521,Tentama 2Wins
SLPM-65522,Bakushou!! Jinsei Kaidou: Nova Usagi ga Miteru zo!!
SLPM-65523,Furasera: Hurrah! Sailor
SLPM-65524,Orange Pocket: Root
SLPM-65525,Orange Pocket: Root
SLPM-65526,Dororo
SLPM-65527,FIFA Total Football
SLPM-65529,Mission: Impossible: Operation Surma
SLPM-65530,J.League Pro Soccer Club o Tsukurou! '04
SLPM-65531,Sakura Taisen V Episode 0: Kouya no Samurai Musume
SLPM-65532,Puyo Puyo Fever
SLPM-65533,Pyuu to Fuku! Jaguar: Ashita no Jump
SLPM-65534,Rogue Ops
SLPM-65535,Oshiete! Popotan
SLPM-65536,Houshin Engi 2
SLPM-65537,Chou Battle Houshin [Koei The Best]
SLPM-65538,007: Nightfire
SLPM-65539,V-Rally 3
SLPM-65540,Galaxy Angel: Moonlit Lovers
SLPM-65541,Angelique Trois: Aizouban
SLPM-65542,Reishiki Kanjou Sentouki
SLPM-65543,Pro Yakyuu Spirits 2004
SLPM-65545,Izayoi Renka: Kamifurusato
SLPM-65546,Cross Channel: To All People
SLPM-65547,Cross Channel: To all people
SLPM-65548,Freedom Fighters
SLPM-65549,Remember11: The Age of Infinity
SLPM-65550,Remember11: The Age of Infinity
SLPM-65551,Astro Boy: Tetsuwan Atom
SLPM-65552,Metal Wolf REV
SLPM-65553,Metal Wolf Rev
SLPM-65554,Croket! Ban-King no Kiki o Sukue
SLPM-65555,Dragon Quest V: Tenkuu no Hanayome
SLPM-65556,Nobunaga no Yabou: Tenka Sousei
SLPM-65557,Steady x Study [Limited Edition]
SLPM-65558,Steady x Study
SLPM-65559,"Tenohira o, Taiyou ni: Eikyuu no Kizuna"
SLPM-65560,Tenohira wo Taiyouni: Eikyuu no Kizuna
SLPM-65561,Shin Sangoku Musou 3: Empires (Super Premium Box)
SLPM-65564,Shin Sangoku Musou 3: Empires
SLPM-65565,Shin Sangoku Musou 3: Empires
SLPM-65566,Kin'iro no Koruda: La Corda d'Oro [Premium Box]
SLPM-65567,Kin'iro no Corda
SLPM-65568,Pyuu to Fuku! Jaguar Ashita no Jump
SLPM-65569,Kita e.: Diamond Dust+: Kiss Is Beginning.
SLPM-65570,Frogger
SLPM-65571,Generation of Chaos IV (box)
SLPM-65572,Shinten Makai: Generation of Chaos IV
SLPM-65573,WRC II Extreme
SLPM-65574,Silent Hill 4: The Room
SLPM-65575,Crimson Tears
SLPM-65576,Tantei Jinguuji Saburou: Kind of Blue
SLPM-65577,TBS All Star Kansha Matsuri 2003: Aki Chou Gouka! Quiz Ketteiban [Hudson the Best]
SLPM-65578,TBS All-Star Kansha Matsuri Vol .1: Chou Gouka! Quiz Ketteiban [Hudson the Best]
SLPM-65579,Simple 2000 Series Ultimate Vol. 27: Houkago no Love Beat
SLPM-65580,Crash Bandicoot Bakusou! Nitro Kart
SLPM-65581,Disney's The Haunted Mansion
SLPM-65582,Winning Post 6 Maximum 2004
SLPM-65583,WRC 3
SLPM-65584,Shin Sangoku Musou 3: Moushouden
SLPM-65585,Princess Holiday: Korogaru Ringo Tei Sen'ya Ichiya
SLPM-65586,Online Pro Wrestling
SLPM-65587,Fight Night 2004
SLPM-65588,Colorful Box: To Love
SLPM-65589,Colorful Box: To Love
SLPM-65590,Densha de Go! Final
SLPM-65591,Lost Aya Sophia
SLPM-65592,Lost Aya Sophia
SLPM-65593,Beatmania II DX 7th Style
SLPM-65594,Iris no Atelier: Eternal Mana
SLPM-65595,Gambler Densetsu Tetsuya: Kurouto Choujou Kessen [Athena Best Collection Vol.1]
SLPM-65596,Juunikoku-ki: Kakukakutaru Oudou Kouryoku no Uka
SLPM-65597,Digital Devil Saga: Avatar Tuner
SLPM-65598,Tenshou Gakuen Gensouroku
SLPM-65599,Gensou Suikoden IV
SLPM-65600,Gensou Suikoden IV
SLPM-65601,SuperLite 2000 Vol. 20: Omoide ni Kawaru Kimi: Memories Off
SLPM-65602,King of Colosseum II
SLPM-65603,Run Like Hell
SLPM-65604,Anime Battle: Rekka no Honoo: Flame of Recca: Final Burning
SLPM-65607,3LDK: Shiawase ni Narou yo
SLPM-65608,3LDK: Shiawase ni Narou yo
SLPM-65609,Memories Off: Sorekara
SLPM-65610,Memories Off: Sorekara
SLPM-65611,Pizzicato Polka: Suisei Genya
SLPM-65612,Harry Potter to Azkaban no Shuujin
SLPM-65613,Yu-Gi-Oh! Capsule Monster Coliseum
SLPM-65614,Need for Speed: Underground J
SLPM-65615,Dokapon DX: Wataru Sekai wa Oni Darake
SLPM-65616,Juunikoku-ki: Guren no Shirube Koujin no Michi
SLPM-65617,Bouken Jidai Katsugeki Goemon [Konami Dendo Collection]
SLPM-65618,Berserk: Millennium Falcon-hen: Seima Senki no Shou
SLPM-65619,Tom Clancy's Ghost Recon: Jungle Storm
SLPM-65620,Akudaikan 2: Mousouden
SLPM-65621,Street Fighter III: 3rd Strike: Fight for the Future
SLPM-65622,Silent Hill 3
SLPM-65623,Tantei Gakuen Q [Konami the Best]
SLPM-65624,Dear Boys: Fast Break!
SLPM-65625,Ashita no Joe: Masshiro ni Moe Tsukiro!
SLPM-65626,Kyoufu Shinbun Heisei-ban: Kaiki! Shinrei File
SLPM-65627,GeGeGe no Kitarou: Ibun Youkai Kitan
SLPM-65628,SuperLite 2000 Vol. 21: Konohana Pack: 3-tsu no Jikenbo
SLPM-65629,Kappa no Kai-kata: How to Breed Kappas
SLPM-65630,Jikkyou Powerful Pro Yakyuu 11
SLPM-65631,Silent Hill 2: Saigo no Uta
SLPM-65632,Virtua Fighter: Cyber Generation: Judgment Six no Yabou
SLPM-65633,I Love Baseball: Pro Yakyuu o Koyonaku Ai suru Hitotachi e
SLPM-65634,Natsu Shoujo: Promised Summer
SLPM-65635,Bakuen Kakusei: Neverland Senki Zero
SLPM-65636,Sangokushi Senki 2: Koei the Best
SLPM-65637,Rakugaki Oukoku 2: Maou-jou no Tatakai
SLPM-65638,Full House Kiss: Ren'ai Kaseifu Adventure
SLPM-65639,Patissier na Nyanko: Hatsukoi wa Ichigo Aji
SLPM-65640,Patissier na Nyanko: Hatsukoi wa Ichigo Aji
SLPM-65641,A Utau: Tumbling Dice: Watashitachi 3nin Ge Ru
SLPM-65642,Meiwaku Seijin: Panic Maker
SLPM-65643,Rockman X: Command Mission
SLPM-65644,Guilty Gear Isuka
SLPM-65646,Komorebi no Namikimichi: Utsurikawaru Kisetsu no Naka de
SLPM-65647,Yu-Gi-Oh! Shin Duel Monsters II: Keishou sareshi Kioku
SLPM-65648,Medal of Honor: Shijou Saidai no Sakusen
SLPM-65649,NBA Street 2: Dunk Tengoku
SLPM-65650,Harry Potter to Kenja no Ishi
SLPM-65651,Kowloon Youma Gakuenki
SLPM-65652,Kowloon Youma Gakuenki
SLPM-65653,Simple 2000 Series Vol. 97: The Koi no Engine: Darling Special Backlash: Koi no Exhaust Heat
SLPM-65654,Kaiketsu! Osabakiina
SLPM-65655,Disney/Pixar Finding Nemo
SLPM-65657,World Soccer Winning Eleven 8
SLPM-65660,Shirachuu Tankenbu
SLPM-65661,Densha de Go! Professional 2
SLPM-65662,Spider-Man 2
SLPM-65663,Zwei!!
SLPM-65664,SuperLite 2000 Vol. 22: Memories Off Duet
SLPM-65665,BloodRayne
SLPM-65666,NBA Live 2004
SLPM-65668,Spectral Force: Radical Elements
SLPM-65669,Spectral Force: Radical Elements
SLPM-65670,Aqua Kids
SLPM-65671,Double Wish
SLPM-65672,W: Wish
SLPM-65673,Sangokushi IX with Power-Up Kit
SLPM-65674,Taikou Risshiden V
SLPM-65675,Final Approach [Limited Edition]
SLPM-65676,Final Approach
SLPM-65677,Tennis no Oujisama: Smash Hit!
SLPM-65678,Tennis no Oujisama: Smash Hit! 2
SLPM-65679,Tennis no Oujisama: Sweat & Tears 2
SLPM-65680,Tennis no Oujisama: Saikyou Team o Kessei seyo!
SLPM-65681,Monochrome
SLPM-65682,Monochrome
SLPM-65683,Viorate no Atelier: Gramnad no Renkinjutsushi 2
SLPM-65684,Meine Liebe: Yuubinaru Kioku
SLPM-65685,Stella Deus
SLPM-65686,Berserk: Millennium Falcon-hen: Seima Senki no Shou
SLPM-65687,Star Wars: Battlefront
SLPM-65688,Berserk: Millennium Falcon-hen: Seima Senki no Shou
SLPM-65689,SuperLite 2000 Vol. 23: Never 7: The End of Infinity
SLPM-65690,SuperLite 2000 Vol. 39: Konohana 4: Yami o Harau Inori
SLPM-65691,SuperLite 2000 Vol. 24: Ever 17: The Out of Infinity: Premium Edition
SLPM-65692,Biohazard: Outbreak: File 2
SLPM-65693,Tokimeki Memorial 3: Yakusoku no Ano Basho de: Konami Dendou Selection
SLPM-65694,Gensou Suikoden III
SLPM-65695,Hard Luck: Return of the Heroes
SLPM-65696,Simple 2000 Series Vol. 62: The Super Puzzle Bobble DX
SLPM-65697,Shrek 2
SLPM-65698,Love Songs: ADV Futaba Riho 14-sai: Natsu
SLPM-65699,Viewtiful Joe: Aratanaru Kibou
SLPM-65700,Kengou 3
SLPM-65701,Ghosthunter
SLPM-65702,Sangokushi Senki: Koei Teiban Series
SLPM-65703,Double Reaction! Plus
SLPM-65704,Standard Daisenryaku: Dengekisen
SLPM-65705,Final Fantasy XI: Promathia no Jubaku
SLPM-65706,Final Fantasy XI: All in One Pack 2004
SLPM-65708,Hagane no Renkinjutsushi 2: Akaki Elixir no Akuma
SLPM-65710,Apocripha/0
SLPM-65711,Sengoku Musou: Premium Pack
SLPM-65713,Sengoku Musou Mushouden (Treasure Box)
SLPM-65714,Angelique Étoile
SLPM-65715,Angelique Étoile
SLPM-65716,Gaika no Gouhou: Air Land Force: Koei the Best
SLPM-65717,Tsuki wa Higashi ni Hi wa Nishi ni: Operation Sanctuary
SLPM-65718,Sengoku Musou: Moushouden
SLPM-65719,Burnout 3: Takedown
SLPM-65720,Shin Sangoku Musou 2: Mushouden (Koei The Best)
SLPM-65721,Pro Yakyuu Spirits 2004 Climax
SLPM-65722,AirForce Delta: Blue Wing Knights
SLPM-65723,Van Helsing
SLPM-65724,Choro Q Works
SLPM-65725,007: Everything or nothing [EA Best Hits]
SLPM-65726,Star Wars: Jango Fett
SLPM-65727,Lord of the Rings: Ou no Kikan [EA Best Hits]
SLPM-65728,Hobbit no Bouken: Lord of the Rings: Hajimari no Monogatari
SLPM-65729,True Crime: Streets of L.A.
SLPM-65730,Rockman X8
SLPM-65731,Tom Clancy's Rainbow Six 3
SLPM-65732,SuperLite 2000 Vol. 34: Akai Ito
SLPM-65734,Kita e.: Diamond Dust
SLPM-65735,Ao no mama de...
SLPM-65736,Ao no mama de...
SLPM-65737,Simple 2000 Series Vol. 98: The Roman Sabou: Meshimase Roman Sabou
SLPM-65738,Love Songs: ADV Futaba Riho 19-sai: Fuyu
SLPM-65739,Tim Burton's The Nightmare Before Christmas: Boogie no Gyakushuu
SLPM-65740,J.League Winning Eleven 8: Asia Championship
SLPM-65741,Driv3r
SLPM-65742,Cool Girl (Disc 1) (Ice Side)
SLPM-65743,Cool Girl (Disc 2) (Aska Side)
SLPM-65744,Firefighter F.D.18
SLPM-65745,Tokimeki Memorial: Girl's Side
SLPM-65746,FIFA Total Football 2
SLPM-65747,Hagane no Renkinjutsushi 2: Akaki Elixir no Akuma
SLPM-65748,Zoids: Struggle
SLPM-65749,Zoids Infinity Fuzors
SLPM-65750,Dokapon the World
SLPM-65751,Suigetsu: Mayoi Gokoro
SLPM-65752,Neo Contra
SLPM-65753,Kessen
SLPM-65754,Metal Gear Solid 2: Sons of Liberty
SLPM-65755,Samurai Western: Katsugeki Samurai-dou
SLPM-65756,Tennis no Oujisama: Rush & Dream!
SLPM-65757,Medal of Honor: Rising Sun [EA Best Hits]
SLPM-65758,Sonic Mega Collection Plus
SLPM-65759,Mr. Incredible
SLPM-65760,Grand Theft Auto III
SLPM-65761,Kousoku Kidoutai: World Super Police
SLPM-65762,Katakamuna: Ushinawareta Ingaritsu
SLPM-65763,GoldenEye: Dark Agent
SLPM-65764,Men at Work! 3: Ai to Seishun no Hunter Gakuen
SLPM-65765,Men at Work! 3
SLPM-65766,Need for Speed: Underground 2
SLPM-65767,NBA Starting Five 2005
SLPM-65768,Beatmania II DX 8th Style
SLPM-65769,Pop'n Music 10
SLPM-65770,Pop'n Music 10
SLPM-65771,Natural 2 Duo: Sakurairo no Kisetsu (Limited Edition)
SLPM-65772,Natural 2: Duo: Sakura-iro no Kisetsu
SLPM-65773,Shining Tears
SLPM-65774,DDR Festival: Dance Dance Revolution [with DDR Controller 2]
SLPM-65775,DDR Festival: Dance Dance Revolution
SLPM-65776,Tenkuu Danzai: Skelter Heaven
SLPM-65777,Tenkuu Danzai: Skelter Heaven
SLPM-65778,Sega Ages 2500 Series Vol. 18: Dragon Force
SLPM-65779,Exciting Pro Wres 5
SLPM-65780,Kessen III (Treasure Box)
SLPM-65781,Kessen III
SLPM-65783,Nobunaga no Yabou Online: Hiryuu no Shou
SLPM-65785,Natsuiro Hoshikuzu no Memory [Limited Edition]
SLPM-65786,Natsuiro: Hoshikuzu no Memory
SLPM-65787,NBA Live 2005
SLPM-65788,World Soccer Winning Eleven 8: Liveware Evolution
SLPM-65789,Metal Gear Solid 3: Snake Eater
SLPM-65790,Metal Gear Solid 3: Snake Eater
SLPM-65791,S.L.A.I.: Steel Lancer Arena International
SLPM-65793,SSX 3 [EA Best Hits]
SLPM-65794,Capcom Fighting Jam
SLPM-65795,Digital Devil Saga: Avatar Tuner 2
SLPM-65796,Juuouki: Project Altered Beast
SLPM-65797,Dragon Quest & Final Fantasy in Itadaki Street Special
SLPM-65798,Madden NFL Super Bowl 2005
SLPM-65799,New Jinsei Game
SLPM-65800,Radiata Stories
SLPM-65801,Crash Bandicoot 5: Eeee Crash to Cortex no Yabou?!?
SLPM-65802,Def Jam: Vendetta
SLPM-65803,Freedom Fighters
SLPM-65804,European Club Soccer: Winning Eleven Tactics
SLPM-65805,Godzilla: Kaijuu Dairantou: Chikyuu Saishuu Kessen
SLPM-65806,VM Japan
SLPM-65807,The Urbz: Sims in the City
SLPM-65808,Dabi Tsuku 4: Derby-ba o Tsukurou!
SLPM-65809,Nanobreaker
SLPM-65810,Densha de Go! Ryojou-hen
SLPM-65811,Reishiki Kanjou Sentouki: Taito Best
SLPM-65812,Bakushou!! Jinsei Kaidou: Nova Usagi ga Miteru zo!!
SLPM-65813,Fuuun Bakumatsuden
SLPM-65815,Tom Clancy's Splinter Cell: Pandora Tomorrow
SLPM-65816,Shin Bakusou Dekotora Densetsu: Tenka Touitsu Choujou Kessen
SLPM-65817,Tennis no Oujisama: Love of Prince: Sweet
SLPM-65818,Tennis no Oji-Sama: Love of Prince: Bitter [Konami Dendo Collection]
SLPM-65819,Tennis no Oujisama: Kiss of Prince: Ice
SLPM-65820,Tennis no Oji-Sama: Kiss the Prince Flame [Konami Dendou Collection]
SLPM-65821,Shinseiki Yuusha Taisen
SLPM-65822,Ichigo 100% Strawberry Diary
SLPM-65823,Shinsengumi Gunrouden
SLPM-65824,Viewtiful Joe 2: Black Film no Nazo
SLPM-65825,Jikkyou Powerful Pro Yakyuu 11: Chou Ketteiban
SLPM-65826,Tsukiyo ni Saraba
SLPM-65827,Angel Wish: Kimi no Egao ni Chu! [Special Edition]
SLPM-65828,Angel Wish: Kimi no Egao ni Chu!
SLPM-65829,Y's: Napishtim no Hako [Limited Edition]
SLPM-65830,Ys: The Ark of Napishtim
SLPM-65831,Hello Kitty no PikoPiko Daisakusen
SLPM-65832,Izumo Complete
SLPM-65833,Harukanaru Toki no Naka de 2
SLPM-65834,Harukanaru Toki no Naka de 3
SLPM-65835,Bakumatsu Renka: Shinsengumi
SLPM-65836,Y's: Napishtim no Hako
SLPM-65837,Terminator 3: The Redemption
SLPM-65838,Hanjuku Hero 4: 7-nin no Hanjuku Hero
SLPM-65839,Hanjuku Hero 4: 7-nin no Hanjuku Hero
SLPM-65840,Wizardry X: Zensen no Gakufu
SLPM-65841,Mizuiro
SLPM-65842,Kanon
SLPM-65843,120 Yen no Haru: 120 Yen Stories
SLPM-65844,Air
SLPM-65845,Baldur's Gate: Dark Alliance II
SLPM-65846,The Lord of the Rings: Nakatsu Kuni Daisanki
SLPM-65847,Sorairo no Fuukin Remix [Limited Edition]
SLPM-65848,Sorairo no Organ Remix
SLPM-65849,Harukanaru Toki no Naka de 3 [Premium Box]
SLPM-65852,Exciting Pro Wres 6
SLPM-65853,Pro Yakyuu Team o Tsukurou! 3
SLPM-65854,Red Dead Revolver
SLPM-65855,Girls Bravo: Romance 15's
SLPM-65856,Girls Bravo: Romance 15's
SLPM-65857,Memories Off: After Rain Vol. 1: Orizuru
SLPM-65858,Memories Off: After Rain Vol. 1: Orizuru
SLPM-65859,Junrui Sosa: Kan Pony: Eirian vs. Seirian
SLPM-65860,Shinki Gensou: Spectral Souls II: Genteiban
SLPM-65861,Shinki Gensou: Spectral Souls II
SLPM-65862,Pure Pure: Mimi to Shippo no Monogatari
SLPM-65863,Professional Drift: D1 Grand Prix Series
SLPM-65864,Nobunaga no Yabou: Tenka Sousei with Power-Up Kit
SLPM-65865,Doko e Ikuno Ano Hi Hakuru Ashita e [First Press Limited Edition]
SLPM-65866,Doko e Iku no Anohi: Hikaru Ashita e...
SLPM-65867,Shin Seiki Evangelion: Koutetsu no Girlfriend 2nd
SLPM-65868,Metal Saga: Sajin no Kusari
SLPM-65869,Monster Hunter G
SLPM-65870,Mahou Sensei Negima! 1-jikanme: Okochama Sensei wa Mahoutsukai!
SLPM-65871,Mahou Sensei Negima! 1-jikanme: Okochama Sensei wa Mahoutsukai!
SLPM-65872,Simple 2000 Ultimate Vol.24: Makai Tenshou
SLPM-65873,Simple 2000 Series Ultimate Vol. 23: Project Minerva Professional
SLPM-65874,"Simple 2000 Series Vol. 71: The Fantasy Ren'ai Adventure: Kanojo no Densetsu, Boku no Sekiban"
SLPM-65875,Growlanser IV: Wayfarer of the Time
SLPM-65876,Busin 0: Wizardry Alternative Neo
SLPM-65877,Tennis no Ouji-sama: Rush & Dream!
SLPM-65878,Galaxy Angel: Eternal Lovers
SLPM-65879,Love Hina Gojasu: Chiratto Happening!! [Konami Dendou Selection]
SLPM-65880,Devil May Cry 3
SLPM-65881,Exciting Pro Wres 6: WWE SmackDown! vs. Raw
SLPM-65882,Duel Masters: Birth of Super Dragon
SLPM-65883,Shadow of Rome
SLPM-65884,Remote Control Dandy SF
SLPM-65885,Rumble Roses
SLPM-65886,Guisard Revolution: Bokura wa Omoi o Mi ni Matou
SLPM-65887,Like Life an Hour
SLPM-65888,Dragon Quest VIII: Sora to Umi to Daichi to Norowareshi Himegimi
SLPM-65889,Kazoku Keikaku: Kokoro no Kizuna
SLPM-65890,Shin Sangoku Musou 4
SLPM-65891,Sangokushi X
SLPM-65892,Zill O'll Infinite
SLPM-65894,Winning Post 6: 2005-nendoban
SLPM-65895,Tsuki wa Kirisaku: Tantei Sagara Kyouichirou
SLPM-65896,Tsuki wa Kirisaku: Tantei Sagara Kyouichirou
SLPM-65897,Racing Battle: C1 Grand Prix
SLPM-65898,Castle Fantasia: Erencia Senki: Plus Stories
SLPM-65899,Castle Fantasia: Erencia Senki: Plus Stories
SLPM-65900,Sakura Taisen 3: Paris wa Moeteiru ka
SLPM-65901,DreamWorks Shark Tale
SLPM-65902,Memories Off: After Rain Vol. 2: Souen
SLPM-65903,Memories Off: After Rain Vol. 2: Souen
SLPM-65904,Baldr Force EXE
SLPM-65905,Galaxy Angel: Eternal Lovers: Special Package
SLPM-65906,Sakura Taisen 3: Paris wa Moeteiru ka
SLPM-65907,Def Jam: Fight for NY
SLPM-65908,Shining Force Neo
SLPM-65909,Super Monkey Ball Deluxe
SLPM-65910,Cafe Lindbergh: Summer Season
SLPM-65911,Cafe Lindbergh: Summer Season
SLPM-65912,Boboboubo Boubobo: Hajike Matsuri
SLPM-65913,Demento
SLPM-65914,Nana
SLPM-65915,Fallout: Brotherhood of Steel
SLPM-65916,Harukanaru Toki no Naka de: Hachiyoushou
SLPM-65917,Transformers
SLPM-65918,Dear My Friend: Love Like Powdery Snow
SLPM-65919,The Rumble Fish
SLPM-65920,Romancing SaGa: Minstrel Song
SLPM-65921,Pia Carrot e Youkoso!! 3: Round Summer
SLPM-65922,Aikagi: Nukumori to Hidamari no Naka de
SLPM-65923,Canvas: Sepia-iro no Motif
SLPM-65924,Kono Hareta Sora no Shita De [Limited Edition]
SLPM-65925,Kono Hareta Sora no Shita De
SLPM-65926,Ys IV: Mask of the Sun: A New Theory
SLPM-65927,Forgotten Realms: Demon Stone
SLPM-65928,SuperLite 2000 Vol. 29: Memories Off Mix
SLPM-65929,Pro Yakyuu Spirits 2
SLPM-65930,Eve: Burst Error Plus
SLPM-65931,Shinki Gensou: Spectral Souls
SLPM-65932,Sentou Kokka Kai: New Operations
SLPM-65934,Maple Colors: Kessen wa Gakuensai!
SLPM-65935,Princess Maker 4
SLPM-65936,Princess Maker 4
SLPM-65937,Seikai no Senki
SLPM-65938,Memories Off: After Rain Vol. 3: Sotsugyou
SLPM-65939,Memories Off: After Rain Vol. 3: Sotsugyou
SLPM-65940,Mabino x Style
SLPM-65941,Mabino x Style
SLPM-65942,Mercenaries
SLPM-65943,Angel's Feather: Kuro no Zan'ei
SLPM-65944,Tantei Jinguji Saburo: Kind of Blue [WorkJam Best Collection]
SLPM-65945,Red Ninja: Kekka no Mai
SLPM-65946,Beatmania II DX 9th Style
SLPM-65947,Killer7
SLPM-65948,Enthusia Professional Racing
SLPM-65949,Get Ride! AMDriver: Soukoku no Shinjitsu
SLPM-65950,Gantz: The Game
SLPM-65951,Tom Clancy's Ghost Recon 2
SLPM-65952,Tengai Makyou III: Namida
SLPM-65953,Final Fantasy XI: Entry Disc 2005
SLPM-65954,Tom Clancy's: Ghost Recon [UbiSoft Best]
SLPM-65955,Tom Clancy's Splinter Cell
SLPM-65957,Harukanaru Toki no Naka de: Hachiyou-shou
SLPM-65958,Burnout 3: Takedown
SLPM-65959,Standard Daisenryaku: Ushinawareta Shouri
SLPM-65960,North Wind: Eien no Yakusoku [First Print Limited Edition]
SLPM-65961,North Wind: Eien no Yakusoku
SLPM-65962,Home Maid: Owari no Tachi [First Print Limited Edition]
SLPM-65963,Homemaid: Tsui no Yakata
SLPM-65964,Magical Tale: Chitchana Mahoutsukai [Limited Edition]
SLPM-65965,Magical Tale: Chiicha na Mahoutsukai
SLPM-65966,Spectral Force Chronicle
SLPM-65967,Spectral Force Chronicle
SLPM-65968,Lovedol: Lovely Idol
SLPM-65969,Lovedol: Lovely Idol
SLPM-65970,Kappa no Kai-kata: How to breed Kappas [Konami Dendo Selection]
SLPM-65971,"Soshite Bokura wa, ... and He Said"
SLPM-65972,Constantine
SLPM-65973,Mirai Shounen Conan
SLPM-65974,Kenka Banchou
SLPM-65975,WRC 4: The Official Game of the FIA World Rally Championship
SLPM-65976,Grandia III (Disc 1)
SLPM-65977,Grandia III (Disc 2)
SLPM-65978,Kurogane no Houkou 2: Warship Gunner
SLPM-65980,Dream Mix TV: World Fighters [Hudson the Best]
SLPM-65981,Front Mission Online
SLPM-65982,SuperLite 2000 Vol. 41: Tokyo Bus Guide 2
SLPM-65984,Grand Theft Auto: San Andreas
SLPM-65985,Iris no Atelier: Eternal Mana 2
SLPM-65986,Quartett! The Stage of Love
SLPM-65987,Quartett!: The Stage of Love
SLPM-65988,Shoujo Yoshitsune-den Ni: Toki o Koeru Chigiri
SLPM-65989,Shoujo Yoshitsune-Den 2
SLPM-65990,Neo Contra
SLPM-65991,Anubis: Zone of the Enders: Special Edition
SLPM-65994,SuperLite 2000 Vol. 31: Remember11: The Age of Infinity
SLPM-65995,Dog's Life
SLPM-65996,Hametsu no Mars [Limited Edition]
SLPM-65997,Hametsu no Mars
SLPM-65998,Vampire: Darkstalkers Collection
SLPM-65999,"Drag-on Dragoon 2: Fuuin no Aka, Haitoku no Kuro"
SLPM-66000,Conflict Delta II: Wangan Sensou 1991
SLPM-66001,"Chocolat: Maid Cafe ""Curio"""
SLPM-66002,Prince of Persia: Warrior Within
SLPM-66003,Harukanaru Toki no Naka de: Hachiyou-shou
SLPM-66004,Harukanaru Toki no Naka de 2
SLPM-66005,Harukanaru Toki no Naka de 3
SLPM-66006,Angelique Trois: Aizouban
SLPM-66007,Zoids Tactics
SLPM-66008,Musashiden II: Blademaster
SLPM-66009,World Soccer Winning Eleven 9
SLPM-66010,Tennis no Oujisama: Smash Hit!
SLPM-66011,Tennis no Oujisama: Smash Hit! 2
SLPM-66012,Tennis no Oujisama: Sweat & Tears 2
SLPM-66013,Tennis no Oujisama: Saikyou Team o Kessei seyo!
SLPM-66014,Tennis no Oujisama: Rush & Dream!
SLPM-66015,SuperLite 2000 Vol. 32: Ai yori Aoshi
SLPM-66016,Jissen Pachi-Slot Hisshouhou! Onimusha 3
SLPM-66017,Firefighter F.D.18
SLPM-66018,Silent Hill 3
SLPM-66019,Stuntman
SLPM-66020,Psi-Ops: Psychic Operation
SLPM-66021,NBA Street V3
SLPM-66022,Kaidou: Touge no Densetsu
SLPM-66023,Fushigi Yuugi: Genbu Kaiden Gaiden: Kagami no Miko [Limited Edition]
SLPM-66024,Fushigi Yuugi: Genbu Kaiden Gaiden: Kagami no Miko
SLPM-66025,Shinten Makai: Generation of Chaos IV
SLPM-66026,Hatsukoi: First Kiss
SLPM-66027,Hatsukoi: First Kiss
SLPM-66028,Simple 2000 Series Ultimate Vol. 33: Ururun Quest: Koiyuuki
SLPM-66029,Realize: Panorama Luminary
SLPM-66030,Heavy Metal Thunder.
SLPM-66031,Phantasy Star Universe
SLPM-66032,Silent Hill 4: The Room
SLPM-66033,Oz
SLPM-66034,Grand Theft Auto: Vice City
SLPM-66035,Kenka Banchou
SLPM-66038,Diorama Sensen Ijou Nashi: Stalingrad e no Michi
SLPM-66039,SuperLite 2000 Vol. 33: Memories Off: Sorekara
SLPM-66040,Edomono
SLPM-66041,Shoujo Yoshitsune-den
SLPM-66042,Brothers in Arms: Road to Hill 30
SLPM-66043,Racing Game: Chuui!!!!
SLPM-66044,MVP Baseball 2005
SLPM-66045,My Merry May with be
SLPM-66046,Star Wars: Episode III: Sith no Fukushuu
SLPM-66047,FIFA Street
SLPM-66049,D.C.P.S.: Da Capo: Plus Situation
SLPM-66050,Daisan Teikoku Koubouki II: Aufstieg und Fall des Dritten Reiches
SLPM-66051,Need for Speed: Underground 2: SHA_DO
SLPM-66052,Mikomai: Towa no Omoi
SLPM-66053,Dokapon DX: Wataru sekai wa oni darake [Asmik Tokudane Series]
SLPM-66054,Shinten Makai: Generation of Chaos V
SLPM-66055,Shinten Makai: Generation of Chaos V
SLPM-66056,Mushi-hime-sama
SLPM-66057,Taito Memories: Joukan
SLPM-66058,Sengoku Basara
SLPM-66059,Robots
SLPM-66060,Boukoku no Aegis 2035: Warship Gunner
SLPM-66061,Jikkyou Powerful Pro Yakyuu 12
SLPM-66062,Mahou Sensei Negima! 2-jikanme: Tatakau Otome-tachi! Mahora Daiundoukai Special!
SLPM-66063,Mahou Sensei Negima! 2-jikanme: Tatakau Otome-tachi! Mahora Daiundoukai Special!
SLPM-66065,Pop'n Music 11
SLPM-66066,Yu-Gi-Oh! Capsule Monster Coliseum
SLPM-66067,Crash Bandicoot: Bakusou! Nitro Kart
SLPM-66068,Richard Burns Rally
SLPM-66069,Shikigami no Shiro: Nanayozuki Gensoukyoku
SLPM-66070,Shadow Hearts: From the New World
SLPM-66071,Shadow Hearts: From the New World
SLPM-66072,Fight Night Round
SLPM-66073,Hagane no Renkinjutsushi 3: Kami o Tsugu Shoujo
SLPM-66074,Sonic Gems Collection
SLPM-66075,Bass Landing 3
SLPM-66076,Meine Liebe: Yuubinaru Kioku
SLPM-66077,Simple 2000 Series Ultimate Vol. 31: K-1 World Max 2005: Sekai Ouja e no Michi
SLPM-66078,White Princess the Second: Yappari Ichizu ni Ittemo Soujanakutemo OK na Gotsugou Shugi Gakuen Ren'ai Adventure!!
SLPM-66079,Medal of Honor: Europe Kyoushuu
SLPM-66080,Generation of Chaos III: Toki no Fuuin
SLPM-66081,Iris no Atelier: Eternal Mana
SLPM-66082,Fire Pro Wrestling Returns
SLPM-66083,Lamune: Garasu-Bin ni Uturu Umi [Limited Edition]
SLPM-66084,Ramune: Garasu-bin ni Utsuru Umi
SLPM-66085,Rumble Roses
SLPM-66086,Gokujo Seitokai
SLPM-66087,Winning Post 7
SLPM-66088,Simple 2000 Series Vol. 84: The Boku ni Oma-Cafe: Kimagure Strawberry Cafe
SLPM-66089,3-nen B-gumi Kinpachi Sensei: Densetsu no Kyoudan ni Tate! Kanzenban
SLPM-66090,Crash Bandicoot: Gatchanko World
SLPM-66091,Shinobido: Imashime
SLPM-66092,Taito Memories: Gekan
SLPM-66093,Kessen II
SLPM-66094,Shin Sangoku Musou 2
SLPM-66095,Chou Battle Houshin
SLPM-66096,Shin Sangoku Musou 2: Moushouden
SLPM-66097,Shinseiki Evangelion: Ayanami Ikusei Keikaku with Asuka Hokan Keikaku [Broccoli Best]
SLPM-66098,True Crime: Streets of LA
SLPM-66099,Harukanaru Toki no Naka de 3: Izayoiki
SLPM-66100,Harukanaru Toki no Naka de 3: Izayoiki
SLPM-66101,Shin Sangoku Musou 4: Moushouden
SLPM-66102,Zwei!!
SLPM-66103,WRC 3: The Official Game of the FIA World Rally Championship
SLPM-66104,Puyo Puyo Fever 2
SLPM-66105,Rhapsodia
SLPM-66106,Hoshi no Furu Toki [Limited Edition]
SLPM-66107,Hoshi no Furu Toki
SLPM-66108,Burnout Revenge
SLPM-66109,Code Age Commanders: Tsugumono Tsugarerumono
SLPM-66110,Fushigi no Umi no Nadia: Inherit the Blue Water
SLPM-66111,Fushigi no Umi no Nadia: Dennou Battle: Miss Nautilus Contest
SLPM-66112,Fushigi no Umi no Nadia: Inherit the Blue Water
SLPM-66113,Hissatsu Ura Kagyou
SLPM-66114,Mizu no Senritsu
SLPM-66115,Mizu no Senritsu
SLPM-66116,NBA Live 2005
SLPM-66117,Metal Gear Solid 3: Subsistence [With Headset] (Disc 1: Subsistence)
SLPM-66118,Metal Gear Solid 3: Subsistence [With Headset] (Disc 2: Persistence)
SLPM-66119,Metal Gear Solid 3: Subsistence [With Headset] (Disc 3: Existence)
SLPM-66121,Spider-Man 2
SLPM-66122,Kingdom Hearts
SLPM-66123,Kingdom Hearts: Final Mix
SLPM-66124,Final Fantasy X
SLPM-66125,Final Fantasy X-2
SLPM-66126,Tokimeki Memorial Girl's Side: Shokai Genteiban
SLPM-66127,Harukanaru Toki no Naka de 3: Izayoiki
SLPM-66128,Harukanaru Toki no Naka de 3
SLPM-66129,Guilty Gear XX Reload
SLPM-66130,Tom Clancy's Splinter Cell: Chaos Theory
SLPM-66131,Tim Burton's The Nightmare Before Christmas: Boogie no Gyakushuu
SLPM-66132,Gladiator: Road to Freedom Remix
SLPM-66133,Shuffle! On the Stage [Deluxe Pack]
SLPM-66134,Shuffle! On the Stage
SLPM-66135,World Tank Museum for Game: Toubu Sensen
SLPM-66136,SuperLite 2000 Vol. 34: Akai Ito
SLPM-66137,Clover Heart's: Looking for Happiness
SLPM-66138,Desire
SLPM-66139,Duel Savior Destiny
SLPM-66140,Atelier Marie + Elie: Salburg no Renkinjutsushi 1 & 2
SLPM-66141,Matantei Loki Ragnarok: Mayouga: Ushinawareta Bishou
SLPM-66142,Rebirth Moon
SLPM-66143,Rebirth Moon
SLPM-66144,Professional Drift: D1 Grand Prix Series 2005
SLPM-66145,GoldenEye: Dark Agent
SLPM-66146,Memories Off #5: Togireta Film
SLPM-66147,Memories Off #5: Togireta Film
SLPM-66148,Star Wars: Battlefront
SLPM-66149,Shirogane no Torikago: The Angels with Strange Wings
SLPM-66150,Shirogane no Torikago: The Angels with Strange Wings
SLPM-66151,Killzone
SLPM-66152,Konneko: Keep a Memory Green
SLPM-66153,Konneko: Keep a memory green [Limited Edition]
SLPM-66155,Recca no Honoo: Final Burning: Konami Dendou Selection
SLPM-66156,MAR Heaven: ARM Fight Dream
SLPM-66157,Rune Princess
SLPM-66158,Rune Princess
SLPM-66159,Call of Duty: Finest Hour
SLPM-66160,Devil May Cry 3: Special Edition
SLPM-66161,Kokoro no Tobira
SLPM-66162,Only you Liber Cross [Best Hit Selection]
SLPM-66163,Fuuraiki 2
SLPM-66164,Mahoutsukai Kuro-hime
SLPM-66165,Otome wa Boku ni Koishiteru
SLPM-66166,Shadow the Hedgehog
SLPM-66167,God of War
SLPM-66168,Ryuu ga Gotoku
SLPM-66169,J.League Winning Eleven 9: Asia Championship
SLPM-66170,Gensou Suikoden V
SLPM-66171,NBA Live 06
SLPM-66172,Sangokushi IX
SLPM-66173,Winning Post 6: Koei the Best
SLPM-66175,Akumajou Dracula: Yami no Juin
SLPM-66176,Chaos Field: New Order
SLPM-66177,The Matrix: Path of Neo
SLPM-66178,Pop'n Music 7
SLPM-66179,Pop'n Music 8
SLPM-66180,Beatmania II DX 10th Style
SLPM-66181,Beat Down
SLPM-66182,Kono Hareta Sora no Shita de: Under the Blue Sky
SLPM-66183,The Getaway: Black Monday
SLPM-66184,Ikusagami
SLPM-66185,Game ni Natta yo! Dokuro-chan: Kenkou Shindan Daisakusen
SLPM-66186,Game ni Natta yo! Dokuro-chan: Kenkou Shindan Daisakusen
SLPM-66187,Exciting Pro Wres 6: WWE SmackDown! vs. Raw
SLPM-66188,Exciting Pro Wres 7
SLPM-66189,SSX on Tour
SLPM-66190,Star Wars: Battlefront II
SLPM-66191,Tiger Woods PGA Tour 06
SLPM-66192,Izumo 2: Takeki Tsurugi no Senki
SLPM-66193,Fahrenheit
SLPM-66194,Otona no Gal-jong 2: Koishite Bai Man!
SLPM-66195,SuperLite 2000 Vol. 35: Monochrome
SLPM-66196,Sentimental Prelude
SLPM-66197,Godzilla Kaijuu Dairansen: Chikyuu Saishuu Kessen [Atari Hot Series]
SLPM-66201,Friends: Seishun no Kagayaki [Best Version]
SLPM-66202,Fragments Blue [Special Edition]
SLPM-66203,Fragments Blue
SLPM-66204,Madden NFL 06
SLPM-66205,Front Mission 5: Scars of the War
SLPM-66206,Battlefield 2: Modern Combat
SLPM-66207,Dororo
SLPM-66208,Sakura Taisen V Episode 0: Kouya no Samurai Musume
SLPM-66209,Pop'n Music 9
SLPM-66210,Pop'n Music 10
SLPM-66211,Peter Jackson's King Kong: The Official Game of the Movie
SLPM-66212,Sega Rally 2006
SLPM-66213,Biohazard 4
SLPM-66214,"White Clarity: And, the Tears Became You"
SLPM-66215,White Clarity: And the tears became you
SLPM-66217,Jikkyou Powerful Pro Yakyuu 12: Ketteiban
SLPM-66218,Eyeshield 21: AmeFoot Yarou ze! Ya-! Ha-!
SLPM-66219,Tennis no Oujisama: Gakuensai no Oujisama
SLPM-66220,Metal Gear Solid 3: Subsistence (Disc 1) (Subsistence)
SLPM-66221,Metal Gear Solid 3: Subsistence (Disc 2) (Persistence)
SLPM-66222,Metal Gear Solid 3: Subsistence (Disc 3) (Existence)
SLPM-66223,Metal Gear Solid 3: Subsistence (Disc 1) (Subsistence)
SLPM-66224,Metal Gear Solid 3: Subsistence (Disc 2) (Persistence)
SLPM-66225,D.C.F.S.: Da Capo: Four Seasons
SLPM-66226,D.C.F.S.: Da Capo: Four Seasons
SLPM-66227,GI Jockey 4
SLPM-66228,G1 Jockey 4 + Winning Post 7 (Twin Pack) [2 DISCS]
SLPM-66229,GI Jockey 4
SLPM-66230,Cartagra: The Suffering of Soul [Limited Edition]
SLPM-66231,Cartagra: The Suffering of Soul
SLPM-66232,Need for Speed: Most Wanted
SLPM-66233,Kingdom Hearts II
SLPM-66234,Wizardry Xth: Zensen no Gakufu
SLPM-66235,Psychic Force Complete
SLPM-66237,Otome-teki Koi Kakumei: Love Revo!!
SLPM-66238,Otome-teki Koi Kakumei: Love Revo!!
SLPM-66239,Wrestle Angels: Survivor
SLPM-66240,Jissen Pachi-Slot Hisshouhou! Aladdin II Evolution
SLPM-66241,Jissen Pachinko Hisshouhou! CR Hokuto no Ken
SLPM-66242,Dance Dance Revolution Strike
SLPM-66243,Galaxy Angel II: Zettai Ryouiki no Tobira
SLPM-66244,Derby-ba o Tsukurou! 5
SLPM-66245,Jewels Ocean: Star of Sierra Leone
SLPM-66246,Devil Summoner: Kuzunoha Raidou tai Chouriki Heidan
SLPM-66247,Meine Liebe Zwei: Hokori to Seigi to Ai
SLPM-66248,Mr. Incredible: Kyouteki Underminer Toujou
SLPM-66249,Growlanser V: Generations
SLPM-66250,Choro Q HG 4
SLPM-66251,EX Jinsei Game II
SLPM-66252,Star Wars: Episode III: Sith no Fukushuu
SLPM-66253,Finalist [First Print Limited Edition]
SLPM-66254,Finalist
SLPM-66255,World Soccer Winning Eleven 9
SLPM-66256,Nana
SLPM-66257,Enthusia Professional Racing
SLPM-66258,Mahou Sensei Negima! 1-jikanme: Okochama Sensei wa Mahoutsukai!
SLPM-66259,Mahou Sensei Negima! 2-Jikanme ~Tatakau Otometachi! Mahora Daiundokai SP~ [Konami the Best]
SLPM-66260,Remote Control Dandy SF
SLPM-66261,Oz
SLPM-66262,Tom Clancy's Rainbow Six 3 [Ubisoft Best]
SLPM-66263,Full Spectrum Warrior
SLPM-66264,Canvas 2: Nijiiro no Sketch
SLPM-66265,Canvas 2: Nijiiro no Sketch
SLPM-66266,Kurogane no Houkou 2: Warship Commander
SLPM-66267,Taikou Risshiden V
SLPM-66268,Exciting Pro Wres 7: WWE SmackDown! vs. Raw 2006
SLPM-66269,Blazing Souls: Genteiban
SLPM-66270,Blazing Souls
SLPM-66271,Dirge of Cerberus: Final Fantasy VII
SLPM-66272,I/O
SLPM-66273,SuperLite 2000 Vol. 37: Memories Off: After Rain Vol. 1: Orizuru
SLPM-66274,Ninkyouden: Toseinin Ichidaiki
SLPM-66275,Shin Onimusha: Dawn of Dreams (Disc 1)
SLPM-66276,Shin Onimusha: Dawn of Dreams (Disc 2)
SLPM-66277,Juiced: Tuned Car Densetsu
SLPM-66278,Shin Gouketsuji Ichizoku: Bonnou Kaihou
SLPM-66279,Nobunaga no Yabou: Kakushin
SLPM-66280,Monster Hunter 2
SLPM-66281,Sonic Riders
SLPM-66282,SuperLite 2000 Vol. 38: Memories Off: After Rain Vol. 2: Souen
SLPM-66283,SuperLite 2000 Vol. 40: Memories Off: After Rain Vol. 3: Sotsugyou
SLPM-66284,Dessert Love: Sweet Plus
SLPM-66285,Princess Concerto
SLPM-66286,Gensou Suikoden V
SLPM-66287,Sengoku Basara
SLPM-66288,Full House Kiss 2: Ren'ai Kaseifu Adventure
SLPM-66289,Black Cat: Kikai-jikake no Tenshi
SLPM-66290,Galaxy Angel: Broccoli Best Quality
SLPM-66291,Tenka-bito
SLPM-66292,Jissen Pachi-Slot Hisshouhou! Ultraman Club ST
SLPM-66293,Gakuen Alice: Kira Kira Memory Kiss
SLPM-66294,Sotsugyou: 2nd Generation
SLPM-66295,Yamiyo ni Sasayaku: Tantei Sagara Kyouichirou
SLPM-66296,Yamiyo ni Sasayaku: Tantei Sagara Kyouichirou
SLPM-66297,Separate Hearts [Limited Edition]
SLPM-66298,Separate Hearts
SLPM-66299,Reishiki Kanjou Sentouki Ni
SLPM-66300,Wizardry Xth 2: Mugen no Gakuto
SLPM-66301,Ibara
SLPM-66302,Clannad
SLPM-66303,Shin Sangoku Musou 2
SLPM-66304,Shin Sangoku Musou 2: Moushouden
SLPM-66305,Shin Sangoku Musou 3
SLPM-66306,Shin Sangoku Musou 3: Moushouden
SLPM-66307,Sengoku Musou 2
SLPM-66312,Saishuu Heiki Kanojo
SLPM-66313,GuitarFreaks V & DrumMania V
SLPM-66314,Pop'n Music 12: Iroha
SLPM-66315,Shin Seiki Evangelion: Koutetsu no Girlfriend 2nd
SLPM-66316,Pro Soccer Club o Tsukurou! Europe Championship
SLPM-66317,Capcom Classics Collection
SLPM-66318,Haru no Ashioto: Step of Spring: Deliver Spring to Your Heart ... as Soon!
SLPM-66319,Shin Combat Choro Q
SLPM-66320,Final Fantasy XII
SLPM-66321,Warship Gunner 2: Koutetsu no Houkou
SLPM-66322,007: Russia yori Ai o Komete
SLPM-66323,Final Approach
SLPM-66324,World Football Climax
SLPM-66325,Castlevania: Lament of Innocence [Konami Dendou Collection]
SLPM-66326,Ys: The Ark of Napishtim
SLPM-66327,Wallace to Gromit: Yasaibatake de Dai-Pinch!
SLPM-66328,Call of Duty 2: Big Red One
SLPM-66329,Mahou Sensei Negima! Kagai Jugyou: Otome no Doki Doki Beachside
SLPM-66330,Tokimeki Memorial: Girl's Side 2nd Kiss
SLPM-66331,Koenji Onago Soccer [1st Stage] [Limited Edition]
SLPM-66332,Kouenji Joshi Soccer
SLPM-66333,Guilty Gear XX Slash: The Midnight Carnival
SLPM-66334,WRC 4: Spike the Best
SLPM-66335,Ichigo 100 Percent Strawberry Diary
SLPM-66336,Shin Seiki Evangelion: Koutetsu no Girlfriend Tokubetsu-hen
SLPM-66337,Eve: New Generation
SLPM-66338,Eve: New Generation
SLPM-66339,Neo Angelique
SLPM-66340,Neo Angelique
SLPM-66341,Jan Sangoku Musou
SLPM-66342,Winning Post 7 Maximum 2006
SLPM-66343,Shin Sangoku Musou 4: Empires
SLPM-66344,Harukanaru Toki no Naka de 3: Unmei no Labyrinth
SLPM-66345,Harukanaru Toki no Naka de 3
SLPM-66346,Harukanaru Toki no Naka de 3: Izayoiki
SLPM-66348,Harukanaru Toki no Naka de 3: Unmei no Labyrinth
SLPM-66349,Spectral Force Chronicle
SLPM-66350,Spectral vs Generation
SLPM-66351,Soshite Kono Sora ni Kirameku Kimi no Uta
SLPM-66352,Memories Off: Sorekara Again
SLPM-66353,Memories Off: Sorekara Again
SLPM-66354,Black
SLPM-66355,Rakugaki Oukoku 2: Maou-jou no Tatakai
SLPM-66356,Baldr Force EXE
SLPM-66357,Rozen Maiden: Duellwalzer
SLPM-66358,Shinobido Takumi
SLPM-66359,Mutsu-boshi Kirari: Hoshifuru Miyako
SLPM-66360,"Ys V: Lost Kefin, Kingdom of Sand"
SLPM-66361,SuperLite 2000 Vol. 39: Konohana 4: Yami o Harau Inori
SLPM-66363,Dragon Quest: Shounen Yangus to Fushigi no Dungeon
SLPM-66364,Pro Yakyuu Spirits 3
SLPM-66365,Shin Sangoku Musou 4 Empires (Super Premium Pack)
SLPM-66368,Shin Sangoku Musou 4: Empires
SLPM-66369,Shin Sangoku Musou 4: Moushouden
SLPM-66371,Train Simulator + Densha de Go! Tokyo Kyuukou-hen
SLPM-66372,Digital Devil Saga: Avatar Tuner
SLPM-66373,Digital Devil Saga: Avatar Tuner 2
SLPM-66374,World Soccer Winning Eleven 10
SLPM-66375,Ookami
SLPM-66376,KimiSuta: Kimi to Study
SLPM-66377,KimiStar: Kimi to Study
SLPM-66378,Garfield: Arleene o Sukue!
SLPM-66379,Kishin Houkou Demonbane
SLPM-66380,Mitsu x Mitsu Drops: Love x Love Honey Life
SLPM-66381,Mitsu x Mitsu Drops: Love x Love Honey Life
SLPM-66382,Tenshou Gakuen Gensouroku
SLPM-66383,Natsu Yume Ya Wa: The Tale of a Midsummer Night's Dream
SLPM-66384,Iris
SLPM-66385,Omoi no Kakera: Close to
SLPM-66386,FIFA World Cup Germany 2006
SLPM-66387,Shin Bakusou Dekotora Densetsu: Tenka Touitsu Choujou Kessen
SLPM-66388,Fire Pro Wrestling Returns
SLPM-66390,Bara no Ki ni Bara no Hanasaku: Das Versprechen
SLPM-66391,Prince of Persia: Futatsu no Tamashii
SLPM-66393,Final Fantasy XI: All in One Pack 2006
SLPM-66394,Final Fantasy XI: Aht Urhgan no Hihou
SLPM-66395,Honoo no Takuhaibin
SLPM-66396,Tensei Hakkenshi: Fuumaroku
SLPM-66398,Parfait: Chocolat Second Style
SLPM-66399,Samurai 7
SLPM-66400,Samurai 7
SLPM-66401,Wrestle Kingdom
SLPM-66402,Taito Memories: Joukan
SLPM-66403,TT Superbikes: Real Road Racing
SLPM-66404,Ultimate Spider-Man
SLPM-66405,Radirgy Precious
SLPM-66406,Ouka: Kokoro Kagayakaseru Sakura
SLPM-66407,Tsuyokiss: Mighty Heart
SLPM-66408,Tsuyo Kiss: Mighty Heart
SLPM-66409,Street Fighter Zero: Fighter's Generation
SLPM-66410,Brothers in Arms: Meiyo no Daishou
SLPM-66412,Pizzicato Polka: Ensa Gen'ya
SLPM-66413,Cross Channel: To all people [2800 Collection]
SLPM-66414,Colorful Box: To Love
SLPM-66415,Mystereet: Yasogami Kaoru no Jiken File
SLPM-66416,Mystereet: Yasogami Kaoru no Jiken File
SLPM-66417,Jikkyou Powerful Major League
SLPM-66418,Growlanser V: Generations
SLPM-66419,Valkyrie Profile 2: Silmeria
SLPM-66420,Front Mission 4 [Ultimate Hits]
SLPM-66421,Front Mission 5: Scars of the War
SLPM-66422,Romancing SaGa: Minstrel Song
SLPM-66423,Kurenai no Umi 2: Koei the Best
SLPM-66424,Kin'iro no Corda
SLPM-66425,Nobunaga no Yabou: Soutenroku with Power-Up Kit
SLPM-66426,Beatmania II DX 11: II DX Red
SLPM-66427,Full Spectrum Warrior 2: Ten Hammers
SLPM-66429,Counter Terrorist Special Forces: Terror Taisaku Tokushu Butai: Nemesis no Shuurai
SLPM-66430,Destroy All Humans!
SLPM-66431,WinBack 2: Project Poseidon
SLPM-66432,Tamayura: Mitama Okuri no Uta
SLPM-66433,TAMAYURA: MITAMAOKURI NO UTA
SLPM-66434,Festa!! Hyper Girls Party
SLPM-66435,Festa!! Hyper Girls Party
SLPM-66436,Iris no Atelier: Grand Fantasm
SLPM-66437,Soul Link Extension
SLPM-66438,Melty Blood: Act Cadenza
SLPM-66439,Hokenshitsu e Youkoso
SLPM-66440,Hokenshitsu e Youkoso
SLPM-66441,Oookuki
SLPM-66443,FIFA Street 2
SLPM-66444,Spartan: Kodai Greece Eiyuuden
SLPM-66445,Persona 3
SLPM-66446,Beat Down [Capkore]
SLPM-66447,Sengoku Basara 2
SLPM-66448,We Are*
SLPM-66449,We are*
SLPM-66450,Jikkyou Powerful Pro Yakyuu 13
SLPM-66451,Major League Baseball 2K6
SLPM-66452,Kamaitachi no Yoru X3: Mikazuki-jima Jiken no Shinsou
SLPM-66453,Hiiro no Kakera: Tamayori-hime Kitan
SLPM-66454,Hiiro no Kakera: Tamayori-hime Kitan
SLPM-66455,Spectral Force: Radical Elements: Idea Factory Collection
SLPM-66456,Asobi ni Iku yo! Chikyuu Pinch no Kon'yaku Sengen
SLPM-66457,Asobi ni Iku yo! Chikyuu Pinchi no Konyaku Sengen
SLPM-66458,Fuuraiki
SLPM-66459,Zero Pilot: Zero
SLPM-66460,_summer Double Sharp
SLPM-66461,Tom Clancy's Ghost Recon: Advanced Warfighter
SLPM-66462,Disney/Pixar Cars
SLPM-66463,Def Jam: Fight for NY
SLPM-66464,MVP Baseball 2005
SLPM-66465,Mercenaries
SLPM-66467,Geesen USA: Midway Arcade Treasures
SLPM-66468,Area 51
SLPM-66469,Love * Com: Punch de Conte
SLPM-66470,Love * Com: Punch de Conte
SLPM-66471,Hanakisou
SLPM-66472,Planetarian: Chiisa na Hoshi no Yume
SLPM-66473,True Crime: New York City
SLPM-66474,Odin Sphere
SLPM-66475,Jissen Pachi-Slot Hisshouhou! Hokuto no Ken Special Edition
SLPM-66476,Jissen Pachinko Hisshouhou! CR Salaryman Kintarou
SLPM-66477,Kamiwaza
SLPM-66478,Star Ocean: Till the End of Time: Director's Cut (Disc 1)
SLPM-66479,Star Ocean: Till the End of Time: Director's Cut (Disc 2)
SLPM-66480,Dragon Quest V: Tenkuu no Hanayome
SLPM-66481,Dragon Quest VIII: Sora to Umi to Daichi to Norowareshi Himegimi
SLPM-66482,Tokimeki Memorial: Girl's Side 2nd Kiss
SLPM-66483,Mushi-hime-sama
SLPM-66484,GuitarFreaks & DrumMania Masterpiece Silver
SLPM-66485,State of Emergency Revenge
SLPM-66486,Tentama: 1st Sunny Side
SLPM-66487,Tentama 2Wins [2800 Collection]
SLPM-66488,My merry may with be [2800 Collection]
SLPM-66489,Mabino Style [2800 Collection]
SLPM-66491,Ayakashi-bito: Gen'you Ibunroku
SLPM-66492,Commandos: Strike Force
SLPM-66493,Shinten Makai: Generation of Chaos V
SLPM-66494,Joshikousei Game's-High!!
SLPM-66495,Joshikousei Game's High!
SLPM-66496,Tom Clancy's Splinter Cell: Chaos Theory (UbiSoft Best)
SLPM-66497,Ice Age 2
SLPM-66498,TOCA Race Driver 2: Ultimate Racing Simulator
SLPM-66499,Kamisama Kazoku: Ouen Ganbou
SLPM-66500,Like Life an Hour
SLPM-66501,Onimusha
SLPM-66502,Devil May Cry
SLPM-66503,Metal Gear Solid 2: Sons of Liberty
SLPM-66504,Onimusha 2
SLPM-66505,Shin Sangoku Musou 2
SLPM-66506,Kidou Senshi Gundam: Renpou vs. Zeon DX
SLPM-66507,Otome no Jijou [Limited Edition]
SLPM-66508,Otome no Jijou
SLPM-66509,Rugby 06
SLPM-66510,NHL 06
SLPM-66511,Kowloon Youma Gakuenki re:charge
SLPM-66512,Fate/stay night: Réalta Nua
SLPM-66513,Fate/stay night: Réalta Nua
SLPM-66514,Medal of Honor: Europe Kyoushuu
SLPM-66515,Star Wars: Episode III: Sith no Fukushuu
SLPM-66516,The Sims
SLPM-66517,The Urbz: Sims in the City
SLPM-66518,Teikoku Sensenki
SLPM-66519,Gakuen Heaven: Boy's Love Scramble!
SLPM-66520,Biohazard: Code: Veronica: Kanzenban
SLPM-66521,Taito Memories: Gekan
SLPM-66522,Shin Sangoku Musou 3
SLPM-66523,Sangokushi IX with Power-Up Kit
SLPM-66524,Angelique Étoile
SLPM-66525,Zill O'll Infinite
SLPM-66526,Gaika no Gouhou: Air Land Force
SLPM-66527,Sangokushi Senki 2: Koei Teiban Series
SLPM-66528,Nobunaga no Yabou: Tenka Sousei with Power-Up Kit
SLPM-66530,Gift: Prism
SLPM-66531,Mizu no Senritsu 2: Hi no Kioku
SLPM-66532,Mizu no Senritsu 2: Hi no Kioku
SLPM-66533,Pop'n Music 13: Carnival
SLPM-66534,Ryu-Koku
SLPM-66535,Ryu-Koku
SLPM-66536,Aria: The Natural ~Tooi Yume no Mirage~
SLPM-66537,Iris no Atelier: Eternal Mana 2
SLPM-66538,GI Jockey 4 2006
SLPM-66539,Nobunaga no Yabou Online: Haten no Shou
SLPM-66542,Sengoku Musou 2: Empires
SLPM-66543,Yo-Jin-Bo: Unmei no Freude
SLPM-66544,Sekai no Subete: Two of Us
SLPM-66548,Harukanaru Toki no Naka de: Maihitoyo
SLPM-66549,Sangokushi 11
SLPM-66550,God Hand
SLPM-66551,Appleseed EX
SLPM-66552,Neverland Kenkyuushi
SLPM-66553,Chaos Wars
SLPM-66554,Interlude
SLPM-66555,SuperLite 2000 Vol. 41: Tokyo Bus Guide 2
SLPM-66556,Shinobido: Imashime
SLPM-66557,FIFA Street
SLPM-66558,Lara Croft Tomb Raider: Legend
SLPM-66559,Winning Post 6: Koei Teiban Series
SLPM-66560,Sangokushi X: Koei the Best
SLPM-66561,NBA Live 06
SLPM-66562,Need for Speed: Most Wanted
SLPM-66563,Mizu no Senritsu [2800 Edition]
SLPM-66564,REC: DokiDoki Seiyuu Paradise (Limited Edition)
SLPM-66565,REC: Doki Doki Seiyuu Paradise
SLPM-66566,Tenshou Gakuen Gekkouroku
SLPM-66567,Driver: Parallel Lines
SLPM-66568,Brother in Arms: Road to Hill 30 (Ubisof Best)
SLPM-66569,Secret of Evangelion
SLPM-66570,I's Pure
SLPM-66571,SuperLite 2000 Vol. 42: Memories Off #5: Togireta Film
SLPM-66572,LEGO Star Wars II: The Original Trilogy
SLPM-66573,Kurogane no Houkou 2: Warship Gunner
SLPM-66574,Meitantei Evangelion
SLPM-66575,GuitarFreaks V2 & DrumMania V2
SLPM-66576,Seiken Densetsu 4
SLPM-66577,Gladiator: Road to Freedom: Remix
SLPM-66578,Shin Sangoku Musou 3: Empires
SLPM-66579,Shin Sangoku Musou 4
SLPM-66580,Shin Sangoku Musou 4: Moushouden
SLPM-66581,Shin Sangoku Musou 4: Empires
SLPM-66582,Kohitsuji Hokaku Keekaku! Sweet Boys Life
SLPM-66583,Kohitsuji Hokaku Keakaku! Sweet Boys Life
SLPM-66584,Yoake Mae yori Ruriiro na: Brighter than Dawning Blue
SLPM-66585,Elvandia Story
SLPM-66586,Cartagra: Tamashii no Kunou
SLPM-66587,Suigetsu Mayoi Gokoro [2800 Collection]
SLPM-66588,White Princess the Second: Yappari Ichizu ni Ittemo Soujanakutemo OK na Gotsugou Shugi Gakuen Ren'ai Adventure!!
SLPM-66589,NBA Live 07
SLPM-66590,Jikkyou Powerful Pro Yakyuu 13: Ketteiban
SLPM-66591,FlatOut 2 GTR (Ganbare! Tobidase! Racing!!)
SLPM-66592,Negima!? 3-jikanme: Koi to Mahou to Sekaiju Densetsu!
SLPM-66593,Negima!? 3-jikanme: Koi to Mahou to Sekaiju Densetsu!
SLPM-66594,Rhapsodia: Konami the Best
SLPM-66595,J.League Winning Eleven 10 + Europe League '06-'07
SLPM-66596,Tennis no Ouji-sama: Gakuensai no Ouji-sama: Konami the Best
SLPM-66597,Yatohime Zankikou (Limited Edition)
SLPM-66598,Yatohime Zankikou: Ken no Maki
SLPM-66599,Tsukiyo ni Saraba [Taito Best]
SLPM-66600,Madden NFL 07
SLPM-66601,SSX On Tour (EA Best Hits)
SLPM-66602,Ryuu ga Gotoku 2 (Disc 1)
SLPM-66603,Ryuu ga Gotoku 2 (Disc 2)
SLPM-66604,Galaxy Angel: Moonlit Lovers: Broccoli Best Quality
SLPM-66605,Castle Fantasia: Arihato Senki
SLPM-66606,White Breath: Kizuna [First Print Limited Edition]
SLPM-66607,White Breath: Kizuna
SLPM-66608,Tennis no Oujisama: Doki Doki Survival: Sanroku no Mystic
SLPM-66609,Dance Dance Revolution SuperNova
SLPM-66610,Tennis no Oujisama: Doki Doki Survival: Umibe no Secret
SLPM-66611,Tomoyo After: It's a Wonderful Life: CS Edition
SLPM-66612,School Love! Koi to Kibou no Metronome
SLPM-66613,Medal of Honor: Shijou Saidai no Sakusen [EA Best Hits]
SLPM-66614,Medal of Honor: Rising Sun [EA Best Hits]
SLPM-66615,007: Nightfire
SLPM-66616,007: Everything or Nothing
SLPM-66617,Need for Speed: Carbon
SLPM-66618,Yumemishi
SLPM-66619,Yumemishi
SLPM-66620,Higurashi no Naku Koro ni: Matsuri
SLPM-66621,Beatmania II DX 12: Happy Sky
SLPM-66622,Tom Clancy's Ghost Recon 2
SLPM-66623,Dokapon the World
SLPM-66624,Tsuyokiss: Mighty Heart
SLPM-66625,Trouble Fortune Company: HapiCure
SLPM-66626,Trouble Fortune Company: HapiCure
SLPM-66627,WWE SmackDown vs. Raw 2007
SLPM-66628,OutRun 2 SP
SLPM-66629,Final Fantasy VII International: Dirge of Cerberus [Ultimate Hits]
SLPM-66630,Marheaven Arm Fight Dream [Konami the Best]
SLPM-66631,Gokujou Seitokai
SLPM-66632,Kenka Banchou 2: Full Throttle
SLPM-66633,Shoujo Mahou Gaku Littlewitch Romanesque: Aria to Kaya to Kuro no Tou
SLPM-66634,Devil Summoner: Kuzunoha Raidou (Atlus Best Collection)
SLPM-66635,Wind: A breath of heart: [Alchemist Best Collection]
SLPM-66636,Hyper Street Fighter II: The Anniversary Edition
SLPM-66637,Vampire: Darkstalkers Collection
SLPM-66638,Demento
SLPM-66639,Street Fighter III: 3rd Strike: Fight for the Future
SLPM-66640,Full House Kiss: Ren'ai Kaseifu Adventure
SLPM-66641,School Love! Koi to Kibou no Metronome
SLPM-66642,Tennis no Oujisama: Card Hunter
SLPM-66643,Outrun 2 SP: Special Tours
SLPM-66644,J.League Pro Soccer Club o Tsukurou! 5
SLPM-66645,Bionicle Heroes
SLPM-66646,Shining Force EXA
SLPM-66649,Taito Memories II: Joukan
SLPM-66651,Battlefield 2: Modern Combat
SLPM-66652,Burnout Revenge (EA Best Hits)
SLPM-66653,Akudaikan 3
SLPM-66654,Harukanaru Toki no Naka de 2
SLPM-66655,Harukanaru Toki no Naka de: Hachiyou-shou
SLPM-66656,Warship Gunner 2: Kurogane no Houkou
SLPM-66657,Shin Sangoku Musou 3 : Mushouden (Koei Teiban Series)
SLPM-66658,Shin Sangoku Musou 3: Empires
SLPM-66659,Soshite Kono Sora ni Kirameku Kimi no Uta XXX
SLPM-66660,Hokuto no Ken: Shinpan no Sousousei: Kengou Retsuden
SLPM-66661,Dessert Love: Sweet Plus
SLPM-66662,Artlist Collection: The Dog Island: Hitotsu no Hana no Monogatari
SLPM-66663,Phantasy Star Universe: Illuminus no Yabou
SLPM-66664,Full House Kiss 2: Ren'ai Kaseifu Adventure
SLPM-66667,Meine Liebe II: Hokori to Seigi to Ai [Konami Dendou Selection]
SLPM-66668,Akumajou Dracula: Yami no Juin
SLPM-66669,Tennis no Oujisama: Card Hunter
SLPM-66670,Stella Deus
SLPM-66671,Shining Wind
SLPM-66672,Tom Clancy's Splinter Cell: Nijuu Spy
SLPM-66673,Prince of Persia: Warrior Within
SLPM-66674,Tiger Woods PGA Tour 07
SLPM-66675,Kingdom Hearts II: Final Mix
SLPM-66676,Kingdom Hearts: Re:Chain of Memories
SLPM-66677,Final Fantasy X International
SLPM-66678,Final Fantasy X-2 International + Last Mission
SLPM-66679,Devil Summoner: Kuzunoha Raidou tai Abaddon-ou Plus
SLPM-66681,Shin Megami Tensei III: Nocturne Maniax: Chronicle Edition
SLPM-66683,Devil Summoner: Kuzunoha Raidou tai Abaddon-ou
SLPM-66684,Reishiki Kanjou Sentouki Ni: Taito Best
SLPM-66685,Seaman 2: Pekin Genjin Ikusei Kit
SLPM-66686,GuitarFreaks & DrumMania Masterpiece Gold
SLPM-66687,Hiiro no Kakera: Ano Sora no Shita de
SLPM-66688,Harukanaru Toki no Naka de 3
SLPM-66689,Persona 3 FES
SLPM-66690,Persona 3 FES
SLPM-66691,Sengoku Basara 2
SLPM-66692,Seikai no Senki
SLPM-66693,Princess Maker 4 [Best Hit Selection]
SLPM-66694,Nickelodeon SpongeBob SquarePants
SLPM-66695,Kono Aozora ni Yakusoku o: Melody of the Sun and Sea
SLPM-66696,Memories Off: Sorekara Again [SuperLite 2000 Renai Adventure]
SLPM-66697,Tim Burton's The Nighmare Before Christmas: Boogy no Gyakushuu [Capkore]
SLPM-66698,Shijou Saikyou no Deshi Ken'ichi: Gekitou! Ragnarok Hachikengou
SLPM-66699,Kin'iro no Corda 2
SLPM-66700,Kin'iro no Corda 2
SLPM-66701,Sangokushi XI With Power-Up Kit
SLPM-66702,Winning Post 7 Maximum 2007
SLPM-66703,Racing Game: Chuui!!!!
SLPM-66704,Negima!? Dream Tactic: Yume Miru Otome wa Princess
SLPM-66705,Negima!? Dream Tactic: Yume Miru Otome wa Princess
SLPM-66707,Yukinko Daisenpuu: Sayuki to Koyuki no Hie Hie Daisoudou
SLPM-66708,Brothers in Arms: Meiyo no Daishou
SLPM-66709,Angel Profile
SLPM-66710,The Godfather
SLPM-66711,Rozen Maiden: Duellwalzer [Taito Best]
SLPM-66712,Rozen Maiden: Gebetgarten
SLPM-66713,Taito Memories II: Gekan
SLPM-66714,Wrestle Kingdom 2: Pro Wrestling Sekai Taisen
SLPM-66715,Shinki Gensou: Spectral Souls II: Idea Factory Collection
SLPM-66716,Growlanser VI: Precarious World
SLPM-66717,Tsuki wa Higashi ni Hi wa Nishi ni: Operation Sanctuary
SLPM-66718,Standard Daisenryaku: Ushinawareta Shouri
SLPM-66719,Tenka-bito: Sega the Best
SLPM-66720,Guilty Gear XX Slash: The Midnight Carnival
SLPM-66721,Musou Orochi
SLPM-66722,Jissen Pachinko Hisshouhou! CR Aladdin Destiny EX
SLPM-66723,Zoids: Infinity Fuzors
SLPM-66724,Zoids Tactics: TomyKore Best
SLPM-66725,Zoids: Struggle
SLPM-66726,Ojousama Kumikyoku: Sweet Concert
SLPM-66727,LoveDrops
SLPM-66728,Pro Yakyuu Spirits 4
SLPM-66729,"Shounen Onmyouji: Tsubasa yo Ima, Sora e Kaere"
SLPM-66730,"Shounen Onmyouji: Tsubasa yo Ima, Sora e Kaere"
SLPM-66731,Black
SLPM-66732,Iinazuke
SLPM-66733,Iinazuke
SLPM-66734,Quilt: Anata to Tsumugu Yume to Koi no Dress
SLPM-66735,Quilt Anata to tsugumu yume to koi no dress
SLPM-66736,Rogue Hearts Dungeon
SLPM-66737,Ouran Koukou Host Club
SLPM-66738,Ouran Koukou Host Club
SLPM-66739,Burnout Dominator
SLPM-66740,Phase of Combat: Sentou Kokka Kai Legend
SLPM-66741,Phase of Combat: Sentou Kokka Kai Legend
SLPM-66742,Pop'n Music 14: Fever!
SLPM-66743,Shinkyoku Soukai Polyphonica
SLPM-66744,Killer7
SLPM-66745,Shadow of Rome
SLPM-66746,Guilty Gear XX Accent Core
SLPM-66747,Baroque
SLPM-66748,Mana-Khemia: Gakuen no Renkinjutsushi-tachi
SLPM-66749,Wizardry Xth 2: Mugen no Gakuto
SLPM-66750,Final Fantasy XII International: Zodiac Job System
SLPM-66751,Mahoroba Stories: Library of Fortune
SLPM-66752,Medal of Honor: Vanguard
SLPM-66753,Getsumento Heiki Mina: Futatsu no Project M
SLPM-66754,Getsumento Heiki Mina: Futatsu no Project M
SLPM-66755,Majokko A La Mode II: Mahou to Ken no Struggle
SLPM-66756,Que: Ancient Leaf no Yousei
SLPM-66757,Que: Ancient Leaf no Yousei
SLPM-66758,Neo Angelique
SLPM-66759,Harukanaru Toki no Naka de 3: Izayoiki
SLPM-66760,Nobunaga no Yabou: Soutenroku with Power-Up Kit
SLPM-66761,Panic Palette
SLPM-66762,Panic Palette
SLPM-66763,Shin Seiki Evangelion: Battle Orchestra
SLPM-66764,Izumo Zero: Yokohama Ayakashi Emaki
SLPM-66765,Juujigen Rippoutai Cypher: Game of Survival
SLPM-66766,Juujimoto Ripputai Sypher: Game of Survival
SLPM-66767,Urban Chaos
SLPM-66768,Missing Parts Side A: The Tantei Stories
SLPM-66769,Missing Parts Side B: The Tantei Stories
SLPM-66770,Kuon no Kizuna: Sairinshou
SLPM-66771,Densha de Go! Shinkansen: Sanyou Shinkansen-hen [Eternal Hits]
SLPM-66772,Densha de Go! Final
SLPM-66773,Jet de Go! 2: Let's Go By Airliner [Eternal Hits]
SLPM-66774,Energy Airforce: Eternal Hits
SLPM-66775,Taito Memories: Joukan
SLPM-66776,Taito Memories: Gekan
SLPM-66777,Jikkyou Powerful Pro Yakyuu 14
SLPM-66778,Galaxy Angel: Eternal Lovers: Broccoli Best Quality
SLPM-66779,Galaxy Angel II: Mugen Kairou no Kagi (Disc 1)
SLPM-66780,Galaxy Angel II: Mugen Kairou no Kagi (Disc 2)
SLPM-66781,Dragon Quest: Shounen Yangus to Fushigi no Dungeon
SLPM-66782,Valkyrie Profile 2: Silmeria: Ultimate Hits
SLPM-66783,Idol Janshi Suchie-Pai IV
SLPM-66784,Idol Janshi Suchie-Pai III Remix
SLPM-66785,Idol Janshi Suchie-Pai IV
SLPM-66786,Gift: Prism
SLPM-66787,Suika A.S+: Eternal Name
SLPM-66788,Grand Theft Auto: San Andreas
SLPM-66789,Grand Theft Auto III
SLPM-66790,Grand Theft Auto: Vice City
SLPM-66791,Memories Off #5 Encore
SLPM-66792,Metal Gear Solid 2: Sons of Liberty [Metal Gear 20th Anniversary Edition] (Disc 1)
SLPM-66793,Metal Gear Solid 2: Sons of Liberty [Metal Gear 20th Anniversary Edition] (Disc 2)
SLPM-66794,Metal Gear Solid 3: Subsistence (Disc 1) (Subsistence)
SLPM-66795,Metal Gear & Metal Gear 2: Solid Snake
SLPM-66796,Metal Gear Solid 2: Sons of Liberty
SLPM-66797,The Document of Metal Gear Solid 2
SLPM-66798,Metal Gear Solid 3: Subsistence (Disc 1) (Subsistence)
SLPM-66800,Disney Pirates of the Caribbean: At World's End
SLPM-66801,Izumo Complete
SLPM-66802,Komorebi no Namikimichi: Utsurikawaru Kisetsu no Chuu de (GN Software Best)
SLPM-66803,Shikaku Tantei Sora no Sekai: Thousand Dreams
SLPM-66804,Colorful Aquarium: My Little Mermaid
SLPM-66805,Colorful Aquarium: My Little Mermaid
SLPM-66806,Shuffle! On the Stage
SLPM-66807,Disney/Pixar Remy no Oishii Restaurant
SLPM-66808,Tom Clancy's Ghost Recon: Advanced Warfighter
SLPM-66809,Saishuu Shiken Kujira: Alive
SLPM-66810,J.League Winning Eleven 2007: Club Championship
SLPM-66811,Winning Post 7
SLPM-66812,G1 Jockey 4 (Koei The Best)
SLPM-66813,Sangokushi IX
SLPM-66814,Pure x Cure Recovery
SLPM-66815,Baldr Bullet Equilibrium
SLPM-66816,Chanter: Kimi no Uta ga Todoitara#
SLPM-66817,Palais de Reine
SLPM-66818,Quiz & Variety SukuSuku Inufuku 2: Motto SukuSuku
SLPM-66819,Beat Down
SLPM-66820,Jissen Pachinko Hisshouhou! CR Sakura Taisen
SLPM-66821,Sengoku Musou 2 Mushouden
SLPM-66822,GuitarFreaks & DrumMania V3
SLPM-66823,Las Kou-rate Ura Mahjong Retsuden Mukoubuchi: Gobureit desu ne
SLPM-66824,Hisui no Shizuku: Hiiro no Kakera 2
SLPM-66825,Hisui no Shizuku: Hiiro no Kakera 2
SLPM-66826,Youki Hime Den (Limited Edition)
SLPM-66827,Youki Hiden: Ayakashi Gentouwa
SLPM-66828,Beatmania II DX 13: Distorted
SLPM-66829,Major League Baseball 2K7
SLPM-66830,Lewis to Mirai Dorobou: Wilbur no Kiken na Jikan Ryokou
SLPM-66831,Tennis no Ouji-sama: DokiDoki Survival: Sanroku no Mystic: Konami the Best
SLPM-66832,Tennis no Oujisama: Doki Doki Survival: Umibe no Secret
SLPM-66834,Kin'iro no Corda 2 Encore
SLPM-66835,Kin'iro no Corda 2 Encore
SLPM-66836,EA Sports Rugby '08
SLPM-66837,Madden NFL 08
SLPM-66838,Fantastic Fortune 2: Triple Star [Best Hit Selection]
SLPM-66839,We are* [Best Hit Selection]
SLPM-66840,Mizu no Senritsu 2: Hi no Kioku
SLPM-66841,Will O' Wisp
SLPM-66842,Will O' Wisp
SLPM-66843,Generation of Chaos Desire
SLPM-66844,Towa no Sakura
SLPM-66845,Towa no Sakura
SLPM-66846,Prism Ark: Awake
SLPM-66847,Arabians Lost: The Engagement on Desert
SLPM-66848,Sengoku Basara 2: Heroes
SLPM-66849,Iris no Atelier: Grand Fantasm
SLPM-66850,Arcana Heart
SLPM-66851,Grand Theft Auto: Liberty City Stories
SLPM-66852,Capcom Classics Collection
SLPM-66853,JoJo no Kimyou na Bouken: Ougon no Kaze [Best Price]
SLPM-66854,Street Fighter Zero: Fighter's Generation: Best Price
SLPM-66855,Togainu no Chi: True Blood: Limited Edition
SLPM-66856,Togainu no Chi: True Blood
SLPM-66857,Itsuka Todoku Ano Sora ni [Limited Edition]
SLPM-66858,"An Itsuka, Todokuo Sora ni.: You no Michi to Hi no Tasogare to"
SLPM-66859,Sengoku Basara
SLPM-66860,Nettai Teikiatsu Shoujo
SLPM-66861,Nettai Teikiatsu Shoujo
SLPM-66862,Ayakashi-bito: Gen'you Ibunroku
SLPM-66863,WWE SmackDown vs. Raw 2008
SLPM-66864,Umishou
SLPM-66865,Sengoku Basara 2
SLPM-66866,Jissen Pachi-Slot Hisshouhou! Hokuto no Ken 2: Ransei Haouden: Tenha no Shou
SLPM-66867,MotoGP 07
SLPM-66868,Tom Clancy's Splinter Cell: Nijuu Spy (UbiSoft Best)
SLPM-66869,Need for Speed: Carbon
SLPM-66870,Hoshi-iro no Okurimono
SLPM-66871,Shoukan Shoujo: Elemental Girl Calling [DX Pack]
SLPM-66872,Shoukan Shoujo: Elemental Girl Calling
SLPM-66873,Lucky Star: Ryouou Gakuen Outousai
SLPM-66874,Lucky Star: Ryouou Gakuen Outousai
SLPM-66875,Jikkyou Powerful Major League 2
SLPM-66876,Izumo 2: Takeki Tsurugi no Senki
SLPM-66877,_summer Double Sharp
SLPM-66878,Dokapon Kingdom
SLPM-66879,StarTRain: Your Past Makes Your Future
SLPM-66880,StarTRain: Your Past Makes Your Future
SLPM-66881,TOCA Race Driver 3: The Ultimate Racing Simulator
SLPM-66882,Hakarena Heart: Kimi ga Tame ni Kagayaki o
SLPM-66883,Hakarena Heart: Kimi ga Tame ni Kagayaki o
SLPM-66884,NBA Live '08
SLPM-66885,World Soccer Winning Eleven 2008
SLPM-66886,Harry Potter to Fushichou no Kishidan
SLPM-66887,Harukanaru Toki no Naka de 3: Unmei no Labyrinth
SLPM-66888,G1 Jockey 4 2007
SLPM-66889,Puri-Saga! Princess o Sagase! [Limited Edition]
SLPM-66890,Pri-Saga! Princess o Sagase!
SLPM-66891,Myself; Yourself
SLPM-66892,Myself Yourself
SLPM-66893,Final Fantasy XI: Vana'diel Collection
SLPM-66894,Final Fantasy XI: Altana no Shinpei
SLPM-66895,Money Sugoroku: Kabukoro
SLPM-66896,Pia Carrot e Youkoso!! G.O. Summer Fair
SLPM-66897,Xyanide
SLPM-66898,Spectral Gene: Genteiban Box Set
SLPM-66899,Spectral Gene
SLPM-66900,Hoshi-iro no Okurimono
SLPM-66901,12Riven: The Psi-Climinal of Integral
SLPM-66902,Disney Princess: Mahou no Sekai e
SLPM-66903,GI Jockey 4 2007
SLPM-66904,Winning Post 7 Maximum 2007
SLPM-66905,D.C.: Da Capo: The Origin
SLPM-66906,Tenshou Gakuen Gekkouroku [Asmik Shirodane Series]
SLPM-66907,Iinazuke
SLPM-66908,Izumo 2: Gakuen Kyousoukyoku Double Tact
SLPM-66909,Shinkyoku Soukai Polyphonica: 3 & 4-wa Kanketsu-hen
SLPM-66910,Stuntman: Ignition
SLPM-66911,Finalist [Princess Soft Collection]
SLPM-66912,Higurashi no Naku Koro ni: Matsuri: Kakera Asobi
SLPM-66913,Higurashi no Naku Koro ni: Matsuri: Kakera Asobi
SLPM-66914,Houkago wa Gin no Shirabe
SLPM-66915,Yu-Gi-Oh! Duel Monsters GX: Tag Force Evolution
SLPM-66916,Jikkyou Powerful Pro Yakyuu 14: Ketteiban
SLPM-66917,Grand Theft Auto: Vice City Stories
SLPM-66918,Princess Maker 5
SLPM-66919,Kyuuketsu Kitan Moonties
SLPM-66920,Hoshifuru: Hoshi no Furu Machi
SLPM-66921,H2O+: Footprints in the Sand
SLPM-66922,D.C.II P.S.: Da Capo II: Plus Situation (Disc 1)
SLPM-66923,D.C.II P.S.: Da Capo II: Plus Situation (Disc 2)
SLPM-66924,D.C.II P.S.: Da Capo II: Plus Situation (Disc 1)
SLPM-66925,D.C.II P.S.: Da Capo II: Plus Situation (Disc 2)
SLPM-66926,NiGHTS into Dreams...
SLPM-66927,Wrestle Angels Survivor
SLPM-66928,Your Memories Off: Girl's Style
SLPM-66929,Elminage: Yami no Miko to Kamigami no Yubiwa
SLPM-66930,Dance Dance Revolution SuperNova 2
SLPM-66931,Drift Nights: Juiced 2
SLPM-66932,Need for Speed: Pro Street
SLPM-66933,Kimi ga Aruji de Shitsuji ga Ore de: Otsukae Nikki
SLPM-66934,Kimi ga Aruji de Shitsuji ga Ore de: Otsukae Nikki
SLPM-66935,True Tears
SLPM-66936,Night Wizard the Video Game: Denial of the World
SLPM-66937,Jan Sangoku Musou
SLPM-66938,Angelique Étoile
SLPM-66939,Boukoku no Aegis 2035: Warship Gunner
SLPM-66940,Gundam Musou Special
SLPM-66941,Hokuto no Ken: Shinpan no Sousousei: Kengou Retsuden
SLPM-66942,Final Approach 2: 1st Priority
SLPM-66943,Final Approach 2: 1st Priority
SLPM-66944,Petit Four
SLPM-66945,Petit Four
SLPM-66946,NBA Live 07
SLPM-66947,Nobunaga no Yabou: Kakushin (with Power-Up Kit)
SLPM-66948,Nobunaga no Yabou: Kakushin (with Power-Up Kit and Sangokushi XI)
SLPM-66950,Winning Post 7 Maximum 2008
SLPM-66951,Harukanaru Toki no Naka de 4
SLPM-66952,Harukanaru Toki no Naka de 4
SLPM-66953,Musou Orochi: Maou Sairin
SLPM-66954,Nobunaga no Yabou Online: Souha no Shou
SLPM-66955,Neo Angelique Full Voice [Premium Box]
SLPM-66956,Neo Angelique: Full Voice
SLPM-66957,Shin Seiki Evangelion: Battle Orchestra
SLPM-66958,Aoi Shiro
SLPM-66959,Aoishiro
SLPM-66960,Need for Speed: Underground 2: SHA_DO
SLPM-66961,Black [EA:SY! 1980]
SLPM-66962,Burnout 3: Takedown
SLPM-66963,Medal of Honor: Shijou Saidai no Sakusen [EA:SY! 1980]
SLPM-66964,Guilty Gear XX Accent Core Plus
SLPM-66965,Guilty Gear XX Accent Core Plus
SLPM-66966,The Godfather
SLPM-66967,Aria: The Natural: Tooi Yume no Mirage
SLPM-66968,Kamiwaza [Acquire the Best]
SLPM-66969,Hoshigari Empusa
SLPM-66970,Pro Yakyuu Spirits 5
SLPM-66971,Sangokushi IX with Power-Up Kit: Koei Teiban Series
SLPM-66972,Kurogane no Houkou 2: Warship Commander
SLPM-66973,Princess Nightmare
SLPM-66974,Slotter Up Core 10: Mach GoGoGo 2
SLPM-66975,Edel Blume
SLPM-66976,Edel Blume
SLPM-66977,Shinkyoku Soukai Polyphonica: 0~4-wa Full Pack
SLPM-66978,Persona 4
SLPM-66979,Gin no eclipse [First Print Limited Edition]
SLPM-66980,Gin no Eclipse
SLPM-66981,Clannad
SLPM-66982,Air
SLPM-66984,Gakuen Heaven: Boy's Love Scramble!
SLPM-66987,Kowloon Youma Gakuenki re:charge
SLPM-66988,Memories Off 6: T-Wave
SLPM-66989,Castle Fantasia: Arihato Senki [Best Edition]
SLPM-66990,Majokko A La Mode II: Mahou to Ken no Struggle
SLPM-66991,Fuuraiki
SLPM-66992,Fuuraiki 2
SLPM-66993,Rim Runners [Nice Price!]
SLPM-66994,Mana-Khemia: Gakuen no Renkinjutsushi-tachi
SLPM-66995,Beatmania II DX 14: Gold
SLPM-66996,Shuumatsu Shoujo Gensou Alicematic: Apocalypse
SLPM-66997,Shuumatsu Shoujo Gensou Alicematic Apocalypse
SLPM-66998,Fushigi Yuugi: Suzaku Ibun
SLPM-66999,Fushigi Yuugi: Suzaku Ibun
SLPM-67000,Fushigi Yuugi: Genbu Kaiden Gaiden: Kagami no Miko
SLPM-67001,Wonder Zone
SLPM-67002,Metal Gear Solid 2: Substance
SLPM-67003,Sakura Taisen: Atsuki Chishio ni
SLPM-67004,Medal of Honor: Rising Sun
SLPM-67005,The Lord of the Rings: Futatsu no Tou
SLPM-67006,Train Simulator: Kyushu Shinkansen
SLPM-67007,"Train Simulator: Keisei, Toei Asakusa, Keikyuusen"
SLPM-67008,Metal Gear Solid 2: Substance
SLPM-67009,Sakura Taisen V: Saraba Itoshiki Hito yo
SLPM-67010,God of War
SLPM-67011,God of War
SLPM-67012,God of War [Best Price]
SLPM-67013,God of War II: Shuuen e no Jokyoku
SLPM-67014,Sengoku Musou 2: Moushouden
SLPM-67015,School Days LxH
SLPM-67017,God of War II: Shuuen No Jokyoku [Best Price]
SLPM-67212,The Lord of the Rings: The Two Towers
SLPM-67502,Devil May Cry
SLPM-67503,FIFA Football 2002
SLPM-67504,SSX Tricky
SLPM-67505,007: Agent Under Fire
SLPM-67506,Thunder Strike: Operation Phoenix
SLPM-67507,Onimusha: Warlords
SLPM-67508,Gitaroo Man
SLPM-67512,2002 FIFA World Cup
SLPM-67513,Final Fantasy X International
SLPM-67514,Gyeoljeon
SLPM-67515,Metal Gear Solid 2: Sons of Liberty
SLPM-67516,Soul Reaver 2
SLPM-67517,Capcom vs SNK 2: Mark of the Millennium 2001
SLPM-67518,Gwimuja 2
SLPM-67519,Rayman Revolution
SLPM-67520,Disney's Tarzan Untamed
SLPM-67521,E.O.E: Eve of Extinction
SLPM-67522,Samgukji Jeongi
SLPM-67523,Jin Samguk Mussang 2
SLPM-67524,Armored Core 3
SLPM-67525,Medal of Honor: Frontline
SLPM-67526,Ghost Vibration
SLPM-67527,Need for Speed: Hot Pursuit 2
SLPM-67528,Hajime-ui Ilbo: The Fighting! Victorious Boxers: Championship Version
SLPM-67529,Gun Survivor 3: Dino Crisis
SLPM-67530,NHL 2003
SLPM-67531,Gyeoljeon II
SLPM-67533,Men in Black II: Alien Escape
SLPM-67535,Memories Off
SLPM-67536,Bongsin Yeonui 2
SLPM-67537,FIFA Soccer 2003
SLPM-67538,Sidewinder F
SLPM-67540,Auto Modellista
SLPM-67541,NBA Live 2003
SLPM-67545,Project Minerva
SLPM-67546,The Lord of the Rings: The Two Towers
SLPM-67550,Jin Samguk Mussang 2: Maengjangjeon
SLPM-67552,Tomak: Save the Earth: Complete Edition
SLPM-67900,Sakura Taisen 3: Paris wa Moeteiru ka (Limited Edition)
SLPM-67906,Sakura Taisen 3: Paris wa Moeteiru ka
SLPM-68003,Formula Suzuki Hayabusa Time Attack
SLPM-68005,Harry Potter to Himitsu no Heya
SLPM-68007,Karaoke Revolution-you Mic Doukon Online Otameshi Disc
SLPM-68008,Virtua Fighter: 10th Anniversary Fukkoku-ban
SLPM-68012,Shin Sangoku Musou 3 & Moushouden Saikyou Data
SLPM-68014,Newtype Gundam Game Special Disc
SLPM-68016,Dirge of Cerberus: Final Fantasy VII
SLPM-68017,Shin Onimusha: Dawn of Dreams Saikyou Save Data
SLPM-68018,Virtua Fighter: 10th Anniversary Fukkoku-ban
SLPM-68019,Naruto Shippuuden: Narutimate Accel 2: Zen Rokujuuni-nin Soku Kaihou Disc
SLPM-68020,Suzumiya Haruhi no Tomadoi: Uchuu-hatsu! Full CG: Odoru SOS-dan (Chou Eizou-ban)
SLPM-68501,Kidou Senshi Gundam
SLPM-68502,Zeonic Front: Kidou Senshi Gundam 0079
SLPM-68503,Metal Gear Solid 2: Sons of Liberty
SLPM-68505,Gensou Suikoden III
SLPM-68509,Initial D: Special Stage
SLPM-68513,Dragon Ball Z 2V
SLPM-68514,Front Mission Online
SLPM-68516,Metal Gear Solid 3: Snake Eater
SLPM-68519,Enthusia Professional Racing: Subaru Impreza WRX STI
SLPM-68520,Armored Core: Last Raven
SLPM-68521,Dot Hack Frägment
SLPM-68523,Phantasy Star Universe (Premiere Disc)
SLPM-68524,Metal Gear Online
SLPM-68525,Keshikyun Puzzle: Atori Mahiro vs. Saitou Hajime vs. Noel vs. Hakkai
SLPM-69001,PictureParadise Club
SLPM-69002,NetFront
SLPM-69004,"EGBrowser Light for I-O Data Device, Inc."
SLPM-69006,PictureParadise Club Vol. 2
SLPM-73001,Pilot Nina Rou! 2 (Playstation 2 The Best)
SLPM-73106,Pilot Nina Rou! 2 (Playstation 2 The Best Reprint)
SLPM-73108,Phantom Brave: 2-shuume Hajimemashita (Playstation2 The Best)
SLPM-73214,Shadow Hearts II: Director's Cut [PlayStation 2 the Best] (Disc 1)
SLPM-73215,Shadow Hearts II: Director's Cut [PlayStation 2 the Best] (Disc 2)
SLPM-73234,Kidou Senshi Z Gundam: AEUG Vs. Titans (Playstation 2 The Best)
SLPM-73243,Namco x Capcom: PlayStation 2 the Best
SLPM-73262,Super Robot Taisen Original Generations (Playstation 2 The Best)
SLPM-73402,Shutokou Battle 0 (Playstation 2 The Best)
SLPM-73423,Monster Farm 4: PlayStation 2 the Best
SLPM-74001,Gungriffon Blaze
SLPM-74002,Shin Sangoku Musou
SLPM-74003,Crash Bandicoot 4: Sakuretsu! Majin Power
SLPM-74004,Maximo
SLPM-74005,Sangokushi VII
SLPM-74006,Rez
SLPM-74007,Busin: Wizardry Alternative (Playstation 2 The Best)
SLPM-74101,Bomberman Land 2: Game Shijou Saidai no Theme Park
SLPM-74102,Momotarou Dentetsu 12: Nishi Nihon-hen mo Arimasse!
SLPM-74103,Momotarou Dentetsu USA: PlayStation 2 the Best
SLPM-74104,Momotarou Dentetsu 15: Godai Bombee Toujou! no Maki
SLPM-74105,Momotarou Dentetsu 16: Hokkaido Daiidou no Maki!
SLPM-74201,BioHazard: Outbreak [PlayStation 2 the Best]
SLPM-74202,Fuuun Shinsengumi
SLPM-74204,Shutokou Battle 01: PlayStation 2 the Best
SLPM-74205,Shin Megami Tensei III: Nocturne
SLPM-74206,Onimusha [PlayStation 2 the Best]
SLPM-74208,Tengai Makyou II: Manji Maru: PlayStation 2 the Best
SLPM-74209,Samurai-dou 2: Kettouban
SLPM-74210,Puyo Puyo Fever
SLPM-74211,Shutokou Battle 0
SLPM-74212,Sengoku Musou
SLPM-74213,Gensou Suikoden IV
SLPM-74214,Densha de Go! Final
SLPM-74215,Shin Sangoku Musou 3
SLPM-74216,Shin Sangoku Musou 3: Moushouden
SLPM-74217,Shin Sangoku Musou 3
SLPM-74218,Shining Tears
SLPM-74219,Shin Sangoku Musou 3: Empires
SLPM-74220,Kengou 3
SLPM-74221,Kenka Banchou
SLPM-74222,Samurai Kanzenban [PlayStation 2 the Best Reprint]
SLPM-74223,Kessen III
SLPM-74224,Sengoku Musou: Moushouden
SLPM-74225,Nobunaga no Yabou: Tenka Sousei
SLPM-74226,Metal Saga: Sajin no Kusari
SLPM-74227,Ikusagami
SLPM-74228,Fuuun Bakumatsuden
SLPM-74229,Biohazard 4
SLPM-74230,Devil May Cry [PlayStation 2 the Best]
SLPM-74231,Kessen III
SLPM-74232,Shin Onimusha: Dawn of Dreams (Disc 1)
SLPM-74233,Shin Onimusha: Dawn of Dreams (Disc 2)
SLPM-74234,Ryuu ga Gotoku
SLPM-74235,Sengoku Musou
SLPM-74236,Shin Sangoku Musou 4
SLPM-74237,New Jinsei Game
SLPM-74238,Gensou Suikoden V
SLPM-74239,Ookami
SLPM-74240,Tengai Makyou III: Namida: PlayStation 2 the Best
SLPM-74241,God Hand
SLPM-74242,Devil May Cry 3: Special Edition
SLPM-74243,True Crime: New York City
SLPM-74244,Phantasy Star Universe
SLPM-74245,Monster Hunter 2
SLPM-74246,Capcom vs. SNK 2: Millionaire Fighting 2001
SLPM-74247,Sengoku Musou 2: PlayStation 2 the Best (SLPM-74247)
SLPM-74248,Monster Hunter G
SLPM-74249,Sengoku Musou: Moushouden
SLPM-74250,Shin Sangoku Musou 4: Moushouden
SLPM-74251,Shin Onimusha: Dawn of Dreams (Disc 1)
SLPM-74252,Shin Onimusha: Dawn of Dreams (Disc 2)
SLPM-74253,Ryuu ga Gotoku
SLPM-74254,EX Jinsei Game II
SLPM-74255,Metal Gear Solid 2: Sons of Liberty
SLPM-74256,The Document of Metal Gear Solid 2
SLPM-74257,Metal Gear Solid 3: Subsistence (Disc 1) (Subsistence)
SLPM-74258,Metal Gear & Metal Gear 2: Solid Snake
SLPM-74259,Odin Sphere
SLPM-74260,Shining Force EXA
SLPM-74261,Shining Wind
SLPM-74262,Biohazard 4
SLPM-74263,Nobunaga no Yabou: Tenka Sousei
SLPM-74264,Sengoku Basara 2: Heroes
SLPM-74265,Nobunaga no Yabou: Kakushin
SLPM-74266,Sengoku Musou 2: Empires
SLPM-74267,Gundam Musou Special
SLPM-74268,Devil May Cry 3: Special Edition
SLPM-74269,Ryuu ga Gotoku
SLPM-74270,Fate/stay night: Réalta Nua
SLPM-74271,Musou Orochi
SLPM-74272,Shin Sangoku Musou 4
SLPM-74273,New Jinsei Game
SLPM-74274,EX Jinsei Game II
SLPM-74275,Sengoku Basara 2: Heroes
SLPM-74276,Gundam Musou 2
SLPM-74277,Persona 3 FES
SLPM-74278,Persona 4
SLPM-74279,Shin Sangoku Musou 4: Moushouden
SLPM-74280,Sengoku Musou 2: PlayStation 2 the Best (SLPM-74280)
SLPM-74281,Nobunaga no Yabou: Kakushin
SLPM-74282,Musou Orochi: Maou Sairin
SLPM-74283,Shin Sangoku Musou 4: Empires
SLPM-74284,Sengoku Musou 2: Empires
SLPM-74285,Musou Orochi (Playstation 2 The Best Reprint)
SLPM-74286,Shin Sangoku Musou 5 Special (Disc 1)
SLPM-74287,Shin Sangoku Musou 5 Special (Disc 2)
SLPM-74288,Biohazard 4
SLPM-74301,Ryuu ga Gotoku 2
SLPM-74302,Ryu ga Gotoku 2: PlayStation 2 the Best
SLPM-74401,Kessen
SLPM-74402,Capcom vs. SNK 2: Millionaire Fighting 2001
SLPM-74403,Densha de Go! Shinkansen: San'you Shinkansen-hen
SLPM-74404,Space Channel 5 Part 2
SLPM-74405,Samurai Kanzenban
SLPM-74406,WRC: World Rally Championship: PlayStation 2 the Best
SLPM-74407,Jet de Go! 2
SLPM-74408,Garakuta Meisaku Gekijou: Rakugaki Oukoku
SLPM-74409,Gun Survivor 2: Biohazard: Code: Veronica
SLPM-74410,Breath of Fire V: Dragon Quarter
SLPM-74411,Culdcept II Expansion
SLPM-74412,Kengou 2
SLPM-74413,Kessen II
SLPM-74414,Energy Airforce
SLPM-74415,Shinobi
SLPM-74419,Bakusou Dekotora Densetsu: Otoko Hanamichi Yume Roman [PlayStation 2 the Best]
SLPM-74420,Initial D: Special Stage
SLPM-74421,Cyber Troopers: Virtual-On Marz [PlayStation 2 the Best]
SLPM-74901,Metal Gear Solid 2: Substance
SLPM-75276,Gundam Musou 2: PlayStation 2 the Best
SLPM-83770,Persona 3 FES: Append-ban
SLPM-84075,Anubis: Zone of the Enders: Special Edition: Konami Dendou Selection
SLPN-40001,Kidou Senshi Z Gundam: AEUG Vs. Titans (PS2 Bundle)
SLPN-40002,BioHazard: Outbreak [Network Adaptor Pack]
SLPS-12345,RoboCop
SLPS-15085,Kenran Butosai
SLPS-20000,AH-64D Apache
SLPS-20001,Ridge Racer V
SLPS-20002,Doukyuu: Billiard Master 2
SLPS-20003,Street Fighter EX3
SLPS-20004,Kakinoki Shougi IV
SLPS-20005,EX Billiards
SLPS-20006,A6: A Ressha de Ikou 6
SLPS-20007,Driving Emotion Type-S
SLPS-20008,Morita Shougi
SLPS-20009,Golf Paradise
SLPS-20010,Gekikuukan Pro Yakyuu: At the End of the Century 1999
SLPS-20011,American Arcade
SLPS-20012,Sky Surfer
SLPS-20013,Primal Image Vol. 1
SLPS-20015,Tekken Tag Tournament
SLPS-20016,Dream Audition
SLPS-20017,Street Mahjong Trance: Majin 2
SLPS-20018,Stepping Selection (Disc 1)
SLPS-20019,Stepping Selection (Disc 2)
SLPS-20020,FIFA Soccer World Championship
SLPS-20021,Wild Wild Racing
SLPS-20022,All Star Pro-Wrestling
SLPS-20023,CrossFire
SLPS-20024,Hresvelgr
SLPS-20025,X-treme Racing SSX
SLPS-20027,Aquaqua
SLPS-20028,Game Select 5: Wa
SLPS-20029,Surfroid: Densetsu no Surfer
SLPS-20030,Shanghai: The Four Elements
SLPS-20031,The MechSmith: Run=Dim
SLPS-20033,Gungriffon Blaze
SLPS-20034,Velvet File
SLPS-20035,Pro Mahjong Kiwame Next
SLPS-20036,Magical Sports 2000 Koushien
SLPS-20037,Magical Sports GoGoGolf
SLPS-20038,Grappler Baki: Baki Saikyou Retsuden
SLPS-20039,Ide Yousuke no Mahjong Kazoku 2
SLPS-20040,MotoGP
SLPS-20041,Mahjong Gokuu Taisei
SLPS-20042,F1 Racing Championship
SLPS-20043,Lake Masters EX
SLPS-20044,F1 Championship Season 2000
SLPS-20045,Jissen Pachi-Slot Hisshouhou! Juuou
SLPS-20046,Kuusen
SLPS-20047,Toudai Shogi
SLPS-20048,Theme Park 2001
SLPS-20050,Happy! Happy!! Boarders in Hokkaido Rusutsu Resort
SLPS-20051,Hissatsu Pachinko Station V: Honoo no Bakushougun
SLPS-20052,Global Folktale
SLPS-20053,Tenshi no Present: Marl Oukoku Monogatari
SLPS-20054,FIFA 2001: World Championship
SLPS-20055,Technictix
SLPS-20056,Colorio Hagaki Print
SLPS-20057,Dog of Bay
SLPS-20058,Kengou
SLPS-20059,Hresvelgr: International Edition
SLPS-20060,Dream Audition 2
SLPS-20061,Mamimume * Mogacho no Print Hour
SLPS-20062,Truck Kyousoukyoku: Ai to Kanashimi no Rodeo
SLPS-20064,Top Gear Dare Devil
SLPS-20065,Madden NFL Super Bowl 2001
SLPS-20066,Tenshi no Present: Marl Oukoku Monogatari
SLPS-20067,Crazy Bump's: Kattobi Car Battle
SLPS-20068,Midnight Club: Street Racing
SLPS-20070,Disney's Donald Duck: Rescue Daisakusen!!
SLPS-20071,Game Select 5: You
SLPS-20072,Real Robot Regiment
SLPS-20073,NBA Live 2001
SLPS-20074,Kousoku Tanigawa Shougi
SLPS-20075,Kikou Heidan J-Phoenix: Joshou-hen
SLPS-20077,Pilot ni Narou! 2
SLPS-20078,SimPeople: Ochanoma Gekijou
SLPS-20080,Typing Namidabashi: Ashita no Joe Touda
SLPS-20081,Typing Namidabashi: Ashita no Joe Touda
SLPS-20082,Saikyou Toudai Shogi 3
SLPS-20083,Air Ranger: Rescue Helicopter
SLPS-20084,Basic Studio: Powerful Game Koubou (Disc 1) (Basic Studio Disc)
SLPS-20085,Basic Studio: Powerful Game Koubou (Disc 2) (Play Disc)
SLPS-20086,Generation of Chaos
SLPS-20087,Generation of Chaos
SLPS-20090,A-Ressha de Ikou 2001 Train Kit
SLPS-20091,Gekisha Boy 2: Tokudane Taikoku Nippon
SLPS-20092,Tiger Woods PGA Tour 2001
SLPS-20093,Super Mic-chan
SLPS-20094,TVware Jouhou Kakumei Series: Shin Seiki Evangelion: Typing E Keikaku
SLPS-20095,Knockout Kings 2001
SLPS-20096,Gambler Densetsu Tetsuya
SLPS-20097,Magical Sports 2001 Koushien
SLPS-20098,Hard Hitter
SLPS-20099,Dream Audition 3
SLPS-20100,Tetsu One: Densha de Battle!
SLPS-20101,City Crisis
SLPS-20102,Sanyo Pachinko Paradise 6: Ginpani Daisuizokukan
SLPS-20103,Lake Masters EX Super
SLPS-20104,Bokujou Monogatari 3: Heart ni Hi o Tsukete
SLPS-20105,Growlanser II: The Sense of Justice
SLPS-20106,Growlanser II: The Sense of Justice
SLPS-20107,NBA Street
SLPS-20108,Quake III: Revolution
SLPS-20109,Star Wars: Starfighter
SLPS-20110,Mezase! Meimon Yakyuubu 2
SLPS-20111,Magical Sports 2001 Pro Yakyuu
SLPS-20112,Hissatsu Pachinko Station V2: Tensai Bakabon
SLPS-20113,Time Crisis II
SLPS-20114,TVware Jouhou Kakumei Series: Katei no Igaku
SLPS-20115,TVware Jouhou Kakumei Series: Gendai Yougo no Kiso Chishiki 2001
SLPS-20116,TVware Jouhou Kakumei Series: Nihongo Daijiten
SLPS-20117,Taikyoku Mahjong: Net de Ron!
SLPS-20120,F1 2001
SLPS-20121,Kanon
SLPS-20122,Time Crisis II
SLPS-20123,Initial D: Takahashi Ryousuke no Typing Saisoku Riron
SLPS-20124,Initial D: Takahashi Ryosuke no Typing Saisoku Riron
SLPS-20125,Shanghai: The Four Elements
SLPS-20126,Street Mahjong Trans-Asakami 2 (Super Value 2800)
SLPS-20127,Chou! Tanoshii Internet: Tomodachi no Wa
SLPS-20128,Marl de Jigsaw
SLPS-20129,Marl de Jigsaw
SLPS-20130,Shin Best Play Pro Yakyuu
SLPS-20131,Jissen Pachi-Slot Hisshouhou! Juuou
SLPS-20132,Chenwen no Sangokushi
SLPS-20133,Pro Mahjong Kiwame Next
SLPS-20134,Mahjong Haou: Jansou Battle
SLPS-20135,Pai Chanjong
SLPS-20136,Guilty Gear X Plus
SLPS-20137,Guilty Gear X Plus
SLPS-20138,Digital Holmes
SLPS-20139,All Star Pro-Wrestling II
SLPS-20140,Dream Audition Super Hit Disc 1
SLPS-20141,Dream Audition Super Hit Disc 2
SLPS-20143,RPG Tkool 5
SLPS-20144,The Seed
SLPS-20145,TVware Jouhou Kakumei Series: Pro Atlas for TV: Shutoken
SLPS-20146,TVware Jouhou Kakumei Series: Pro Atlas for TV: Kinki
SLPS-20147,TVware Jouhou Kakumei Series: Pro Atlas for TV: Toukai
SLPS-20149,Chou! Tanoshii Internet: Tomodachi no Wa
SLPS-20150,Akira Psycho Ball
SLPS-20151,Pachi-Slot Aruze Oukoku 6
SLPS-20152,Stunt GP
SLPS-20155,MotoGP 2
SLPS-20156,Yamasa Digi World 2: LCD Edition DX
SLPS-20157,Pachitte Chonmage Tatsujin: CR Nettou Power Pro-kun
SLPS-20158,"Yamasa Digi World 2 LCD Edition: Time Cross, Qlogos, Trigger Zone"
SLPS-20159,NBA Live 2002
SLPS-20160,Disney's Tarzan: Freeride
SLPS-20161,Saikyou Toudai Shougi Special
SLPS-20162,Typing Shinken Shoubu: Musashi no Ken (With Keyboard)
SLPS-20163,Typing Shinken Shoubu: Musashi no Ken
SLPS-20164,Plarail: Yume ga Ippai! Plarail de Ikou!
SLPS-20165,La Pucelle: Hikari no Seijo Densetsu
SLPS-20167,La Pucelle: Hikari no Seijo Densetsu
SLPS-20168,NHL 2002
SLPS-20169,Chou! Tanoshii Internet: Tomodachi no Wa
SLPS-20170,Wave Rally
SLPS-20171,Smash Court Pro Tournament
SLPS-20172,Koushien: Konpeki no Sora
SLPS-20173,Hard Hitter 2
SLPS-20174,Typing Ren'ai Hakusho: Boys Be...
SLPS-20175,Typing Ren'ai Hakusho: Boys Be...
SLPS-20177,My Home o Tsukurou! Make Your Dream Home
SLPS-20178,Samurai
SLPS-20179,Mezase! Meimon Yakyuubu 2 (Reprint)
SLPS-20180,Lake Masters EX Super
SLPS-20181,Alpine Racer 3
SLPS-20182,Real Bass Fishing: Top Angler
SLPS-20183,Motto Golful Golf
SLPS-20184,Eikan wa Kimi ni 2002: Koushien no Kodou
SLPS-20185,Wangan Midnight
SLPS-20186,Pachinko de Asobou! Fever Dodeka Saurus
SLPS-20187,Black/Matrix II
SLPS-20190,Netchuu! Pro Yakyuu 2002
SLPS-20191,Knockout Kings 2002
SLPS-20192,Hissatsu Pachinko Station V3: Shutsudou! Miniskirt Police
SLPS-20193,Jissen Pachi-Slot Hisshouhou! Sammy's Collection
SLPS-20194,U: Underwater Unit
SLPS-20195,World Fantasista
SLPS-20196,Akagawa Jirou: Tsuki no Hikari: Shizumeru Kane no Satsujin
SLPS-20197,Surfing Air Show with RatBoy
SLPS-20198,Raging Bless: Gouma Mokushiroku
SLPS-20199,F1 2002
SLPS-20200,PlayOnline Viewer: Tetra Master & Janhourou
SLPS-20201,Saikyou Toudai Shogi 4
SLPS-20202,Coloball 2002
SLPS-20203,Sanyo Pachinko Paradise 7: Edokko Gen-san
SLPS-20204,Magical Sports 2001 Koushien
SLPS-20205,Magical Sports: Hard Hitter [NewPrice]
SLPS-20206,Sanyo Pachinko Paradise 7: Edokko Gen-san
SLPS-20207,Usagi: Yasei no Touhai: Dramatic Mahjong
SLPS-20208,Boku wa Chiisai
SLPS-20209,Jissen Pachi-Slot Hisshouhou! Aladdin A
SLPS-20210,Yamasa Digi World 3 (SLPS-20210)
SLPS-20211,"Yamasa Digi World 3: Time Park, King Pulsar, Cyber Dragon"
SLPS-20212,Neppachi Gold: CR Monster Mansion
SLPS-20213,Hissatsu Pachinko Station V4: Drumtic Mahjong
SLPS-20214,3D Kakutou Tkool 2
SLPS-20215,Jissen Pachi-Slot Hisshouhou! Aladdin A
SLPS-20216,Air Ranger: Rescue Helicopter: Wakuwaku Price
SLPS-20217,Hokka Hoka Sentou
SLPS-20218,Ninja Assault
SLPS-20219,Egg Mania: Tsukande! Mawashite! Dossun Puzzle!!
SLPS-20220,Pachi-Slot Aruze Oukoku 7 (Disc 1) (Ekishou Disc)
SLPS-20221,Taiko no Tatsujin: Tatacon de Dodon ga Don
SLPS-20222,Inaka Kurashi: Minami no Shima no Monogatari
SLPS-20223,Exciting Pro Wres 4
SLPS-20224,Mahjong Haou: Dankyuu Battle
SLPS-20225,Toudai Shougi: Shiken Bisha Doujou
SLPS-20226,Yamasa Digi World SP DX: Neo Planett XX
SLPS-20227,Yamasa Digi World SP: Neo Planett XX
SLPS-20228,Daisenryaku 1941: Gyakuten no Taiheiyou
SLPS-20229,Hissatsu Pachinko Station V5: PinkLady
SLPS-20230,Chulip
SLPS-20231,Freekstyle Motocross
SLPS-20233,Hissatsu Pachinko Station V6: Yume no Chou Tokkyuu
SLPS-20234,Harry Potter to Himitsu no Heya
SLPS-20237,Saikyou Toudai Shougi 3
SLPS-20238,Train Kit for A Ressha de Ikou 2001
SLPS-20239,Jissen Pachi-Slot Hisshouhou! Moujuuou S
SLPS-20240,Jissen Pachi-Slot Hisshouhou! Moujuuou S
SLPS-20241,Shangai: Sangoku Pai Tatagi
SLPS-20242,Tomak: Save the Earth: Love Story
SLPS-20243,Magical Sports GoGoGolf
SLPS-20244,Magical Sports: 2000 Koushien (NewPrice)
SLPS-20245,LowRider: Round the World
SLPS-20246,Rally Shox
SLPS-20247,Lotus Challenge
SLPS-20248,Downforce
SLPS-20250,Makai Senki Disgaea
SLPS-20251,Makai Senki Disgaea
SLPS-20252,Shogi World Champion Gekihashi 2
SLPS-20253,Pachitte Chonmage Tatsujin 2: CR Jurassic Park
SLPS-20255,Million God
SLPS-20256,Cool Shot: Yukawa Keiko no Professional Billiard
SLPS-20257,"Yamasa Digi World 4 DX: Penguin Paradise, Crazy Shaman R, Zakzak Senryoubako R, Destroyer XX, King Pulsar"
SLPS-20258,"Yamasa Digi World 4: Penguin Paradise, Crazy Shaman R, Zakzak Senryoubako R, Destroyer XX, King Pulsar"
SLPS-20259,Kotoba no Puzzle: Mojipittan
SLPS-20260,Sakigake!! Cromartie Koukou
SLPS-20261,Sanyo Pachinko Paradise 8: Shin Umi Monogatari
SLPS-20262,Slot! Pro DX: Fujiko 2
SLPS-20263,J.League Tactics Manager: Realtime Soccer Simulation
SLPS-20264,Usagi: Yasei no Touhai: The Arcade
SLPS-20265,Fever 7: Sankyo Koushiki Pachinko Simulation
SLPS-20266,Baskelian
SLPS-20267,Jissen Pachi-Slot Hisshouhou! Salaryman Kintarou
SLPS-20268,Jissen Pachi-Slot Hisshouhou! Salaryman Kintarou
SLPS-20269,Koushien: Konpeki no Sora (New Price)
SLPS-20270,Hard Hitter 2 [New Price]
SLPS-20272,Taiko no Tatsujin: Doki! Shinkyoku Darake no Haru Matsuri
SLPS-20273,Netchuu! Pro Yakyuu 2003
SLPS-20274,Eikan wa Kimi ni 2002: Koushien no Kodou
SLPS-20275,Pachitte Chonmage Tatsujin 3: CR P-Man & CR Yawara Kids Kyoku-hen
SLPS-20276,Pachitte Chonmage Tatsujin 4: CR Hissatsu Shigotonin: Gekitou-hen (Disc 1)
SLPS-20277,Pachitte Chonmage Tatsujin 4: CR Hissatsu Shigotonin: Gekitou-hen (Disc 2)
SLPS-20278,Slotter Up Mania: Chou Oki-Slot! Pioneer Special
SLPS-20279,Hissatsu Pachinko Station V7: Tensai Bakabon 2
SLPS-20280,Mahou no Pumpkin: Ann to Greg no Daibouken
SLPS-20281,Monopoly: Mezase!! Daifugou Jinsei!!
SLPS-20282,Taiko no Tatsujin: TataKon de Dodon ga Don (SLPS-20282)
SLPS-20283,Chulip
SLPS-20284,Marl de Jigsaw [Nippon Ichi the Best]
SLPS-20285,Slotter Up Core: Enda! Kyojin no Hoshi
SLPS-20286,Slotter Up Core 2: Gouda! Minami no Teiou
SLPS-20287,Yakiniku Bugyou Bonfire!
SLPS-20288,Saikyou Toudai Shougi 2003
SLPS-20289,Yamasa Digi World SP: Umi Ichiban R
SLPS-20291,Fish Eyes 3
SLPS-20292,Jissen Pachi-Slot Hisshouhou! Savanna Park DX
SLPS-20293,Jissen Pachi-Slot Hisshouhou! Savanna Park
SLPS-20294,Hanabi Shokunin ni Narou 2
SLPS-20295,F1 Career Challenge
SLPS-20296,Pro Yakyuu Simulation Dugout '03: The Turning Point
SLPS-20297,Tsuki no Hikari: Shizumeru Kane no Satsujin [Best Collection]
SLPS-20298,Fever 8: Sankyo Koushiki Pachinko Simulation
SLPS-20299,Black/Matrix II
SLPS-20300,Kidou Senshi Gundam Seed
SLPS-20301,Gachinko Pro Yakyuu
SLPS-20302,Gokuraku-jong Premium
SLPS-20303,Inaka Kurashi: Minami no Shima no Monogatari
SLPS-20304,Boku wa Chiisai
SLPS-20305,Real Sports Pro Yakyuu
SLPS-20306,Slotter Up Mania 2: Kokuchi no Kyoku! Juggler Special
SLPS-20307,Rakushou! Pachi-Slot Sengen
SLPS-20308,Hanabi Hyakkei
SLPS-20309,Hanabi Hyakkei
SLPS-20310,Mahjong Hiryuu Densetsu: Tenpai
SLPS-20311,Primopuel: My Special Partner
SLPS-20312,Primopuel: Oshaberi Heartner
SLPS-20313,Mahjong Haou: Taikai Battle
SLPS-20314,Gold X
SLPS-20315,Yamasa Digi World SP: Neo Magic Pulsar XX
SLPS-20316,Hissatsu Pachinko Station V8: Ninja Hattori-kun
SLPS-20317,Jissen Pachi-Slot Hisshouhou! King Camel
SLPS-20318,3D Kakutou Tkool 2
SLPS-20320,Taiko no Tatsujin: Appare Sandaime
SLPS-20321,Taiko no Tatsujin: Appare Sandaime
SLPS-20322,Netchuu! Pro Yakyuu 2003: Aki no Nighter Matsuri
SLPS-20323,Pochi to Nyaa
SLPS-20324,Daisenryaku 1941: Gyakuten no Taiheiyou
SLPS-20326,Shougi World Champion: Gekisashi 2
SLPS-20327,Mahjong Haou: Jansou Battle
SLPS-20328,Otona no Gal Jan: Kimi ni Hane Man
SLPS-20329,Kamen Rider 555
SLPS-20330,Taiko no Tatsujin: Waku Waku Anime Matsuri
SLPS-20331,Fever 9: Sankyo Koushiki Pachinko Simulation
SLPS-20332,Saikyou Toudai Shougi 4
SLPS-20333,Taisen 1: Shougi
SLPS-20334,Taisen 2: Igo
SLPS-20335,Taisen 3: Mahjong
SLPS-20336,Taisen 4: Soldier: Kigyou Senshi Shougi
SLPS-20337,Slotter Up Core Alpha: Shuku Tora! Yuushou Panel! Shinka! Kyojin no Hoshi
SLPS-20338,Slotter Up Mania 3: Densetsu Fukkatsu! New Pegasus Special
SLPS-20339,Jissen Pachi-Slot Hisshouhou! Sammy's Collection 2 DX
SLPS-20340,Jissen Pachi-Slot Hisshouhou! Sammy's Collection 2
SLPS-20343,Net de Bomberman
SLPS-20344,Phantom Brave
SLPS-20345,Phantom Brave
SLPS-20347,Saikyou Toudai Shougi 2004
SLPS-20349,Mahjong Party: Idol to Mahjong Shoubu
SLPS-20350,Soccer Life! We are Challengers to Europe
SLPS-20351,Slotter Up Mania 4: Nangoku no Kou! Super Hana Hana & Shiomahal & Oase
SLPS-20352,Suki na Mono wa Suki dakara Shou ga Nai!! First Limit & Target Nights: Sukishou! Episode #01+#02 (Disc 1) (First Limit: Sukishou! Episode #01)
SLPS-20353,Suki na Mono wa Suki dakara Shou ga Nai!! First Limit & Target Nights: Sukishou! Episode #01+#02 (Disc 2) (Target Nights: Sukishou! Episode #02)
SLPS-20354,"Yamasa Digi World 3: Time Park, King Pulsar, Cyber Dragon(Best of Best)"
SLPS-20355,Yamasa Digi World SP: Neo Planett XX
SLPS-20356,"Yamasa Digi World 4: Penguin Paradise, Crazy Shaman R, Zakzak Senryoubako R, Destroyer XX, King Pulsar (Best of Best)"
SLPS-20357,Yamasa Digi World SP: Umi Ichi ban R [Best of Best]
SLPS-20361,Princess Maker
SLPS-20362,Kaiketsu Zorori: Mezase! Itazura King
SLPS-20364,Sekai Saikyou Ginsei Igo 5
SLPS-20365,Saikyou Ginsei Shougi 4
SLPS-20366,Pachitte Chonmage Tatsujin 5: CR Kamen Rider
SLPS-20367,Curry House CoCo Ichiban'ya: Kyou mo Genki da! Curry ga Umai!!
SLPS-20368,Kaiketsu Zorori: Mezase! Itazura King
SLPS-20369,Kinnikuman Generations
SLPS-20370,Slotter Up Core 3: Yuda! Doronjo ni Omakase
SLPS-20371,Mahjong Haou: Shinken Battle
SLPS-20372,Jissen Pachi-Slot Hisshouhou! Hokuto no Ken
SLPS-20373,Jissen Pachi-Slot Hisshouhou! Hokuto no Ken
SLPS-20374,Football Kingdom: Trial Edition
SLPS-20375,Sanyo Pachinko Paradise 10: Gen-san Okaeri!
SLPS-20376,Daito Giken Koushiki Pachi-Slot Simulator: Yoshimune
SLPS-20377,Fish Eyes 3 (Best Collectgion)
SLPS-20378,Slotter Up Core 4: Ton-chan Gekida! Jissen Pachi-Slot Ore-izm!!
SLPS-20379,Eikan wa Kimi ni 2004: Koushien no Kodou
SLPS-20380,Shinkon Gattai Godannar!!
SLPS-20381,Monkey Turn V
SLPS-20382,Taiko no Tatsujin: Atsumare! Matsuri da!! Yondaime
SLPS-20383,Taiko no Tatsujin: Atsumare! Matsuri da!! Yondaime
SLPS-20384,Hayarigami: Keishichou Kaii Jiken File
SLPS-20385,Hayarigami: Keishityou Kaii Jiken File
SLPS-20386,Value 2000 Series: Igo 4
SLPS-20387,Value 2000 Series: Shougi 4
SLPS-20388,Pachitte Chonmage Tatsujin 6: CR Pachinko Yellow Cab
SLPS-20389,Saikyou Toudai Shougi 2003
SLPS-20391,Saiyuuki Reload Gunlock
SLPS-20392,Toudai Shogi: Jouseki Dojo Kanketsuhen
SLPS-20393,Princess Maker 2
SLPS-20394,Suki na Mono wa Suki dakara Shou ga Nai!! Rain: Sukishou! Episode #03
SLPS-20396,Slotter Up Mania 5: Soukai Gekida! Mach GoGoGo & Daruma Neko
SLPS-20397,Pachitte Chonmage Tatsujin 7: CR Pachinko Dokaben
SLPS-20398,La Pucelle: Hikari no Seijo Densetsu: 2-shuume Hajimemashita.
SLPS-20399,Taiko no Tatsujin: Go! Go! Godaime
SLPS-20400,Taiko no Tatsujin: Go! Go! Godaime
SLPS-20401,Tecmo Hit Parade
SLPS-20402,Kamen Rider Blade
SLPS-20403,Shanghai: Sangoku-pai Tougi
SLPS-20404,"Rakushou! Pachi-Slot Sengen 2: Juujika, Deka Dan"
SLPS-20405,Slotter Up Core 5: Lupin Daisuki! Shuyaku wa Zenigata
SLPS-20406,C@M-Station (With Eye-Toy & USB Headset)
SLPS-20407,Mahjong Sangokushi
SLPS-20408,Card Captor Sakura: Sakura-chan to Asobo!
SLPS-20409,Phantom Kingdom
SLPS-20410,Phantom Kingdom
SLPS-20411,Hissatsu Pachinko Station V9: Osomatsu-kun
SLPS-20412,Hissatsu Pachinko Station V10: Rerere ni Omakase!
SLPS-20413,Taiko no Tatsujin: Taiko Drum Master
SLPS-20414,Taiko no Tatsujin: Taiko Drum Master
SLPS-20415,Tsuki no Hikari: Shizumeru Kane no Satsujin [Super Best Collection]
SLPS-20416,Onmyou Taisenki: Byakko Enbu
SLPS-20417,Onmyou Taisenki: Byakko Enbu
SLPS-20418,C@m Station
SLPS-20419,"Rakushou! Pachi-Slot Sengen 3: Rio de Carnival, Juujika 600-shiki"
SLPS-20420,Ultraman Nexus
SLPS-20421,Sekai Saikyou Ginsei Igo 6
SLPS-20422,Hayarigami Revenge: Keishichou Kaii Jiken File
SLPS-20423,LEGO Star Wars: The Video Game
SLPS-20424,Taiko no Tatsujin: Tobikkiri! Anime Special
SLPS-20425,Taiko no Tatsujin: Tobikkiri! Anime Special
SLPS-20426,DreamWorks Madagascar
SLPS-20427,Pachi-Slot Club Collection: Pachi-Slot da yo Koumon-chama
SLPS-20428,Monkey Turn V
SLPS-20429,Hissatsu Pachi-Slot Evolution: Ninja Hattori-kun V
SLPS-20430,Simple 2000 Series Vol. 91: The All Star Kakutousai
SLPS-20431,Simple 2000 Series Vol. 86: The Menkyo Shutoku Simulation: Kaisei Douro Koutsuuhou Taiou-ban
SLPS-20436,Sakigake!! Otokojuku
SLPS-20439,Simple 2000 Series Vol. 79: Akko ni Omakase! The Party Quiz
SLPS-20440,Simple 2000 Series Vol. 88: The Mini-suke Police
SLPS-20441,Simple 2000 Series Vol. 87: The Nadeshiko
SLPS-20442,Daito Giken Koushiki Pachi-Slot Simulator: Ossu! Banchou
SLPS-20443,Blokus Club with Bumpy Trot
SLPS-20444,Simple 2000 Series Vol. 90: The OneeChambara 2
SLPS-20445,Simple 2000 Series Ultimate Vol. 28: Tousou! Kenka Grand Prix: Drive to Survive
SLPS-20446,Simple 2000 Series Vol. 89: The Party Game 2
SLPS-20447,Kamen Rider Hibiki
SLPS-20448,Kamen Rider Hibiki: Taiko no Tatsujin Special Version
SLPS-20449,Kamen Rider Hibiki
SLPS-20450,Taiko no Tatsujin: Wai Wai Happy! Rokudaime
SLPS-20451,Taiko no Tatsujin: Wai Wai Happy! Rokudaime
SLPS-20452,Simple 2000 Series Ultimate Vol. 30: Kourin! Zokusha God: Butchigiri I Love You
SLPS-20453,Simple 2000 Series Ultimate Vol. 29: K-1 Premium 2005 Dynamite!!
SLPS-20454,Simple 2000 Series Vol. 93: The Unou Drill: Kodama Mitsuo Sensei Kanshuu
SLPS-20455,Simple 2000 Series Vol. 94: The Aka-Champion: Come on Baby
SLPS-20456,Simple 2000 Series Vol. 95: The Zombie vs. Kyuukyuusha
SLPS-20457,Hissatsu Pachi-Slot Evolution 2: Osomatsu-kun
SLPS-20458,Simple 2000 Series Vol. 96: The Kaizoku: Gaikotsu Ippai-rates!
SLPS-20459,Yamasa Digi World SP: Moe yo! Kung Fu Shukujo
SLPS-20460,"Rakushou! Pachi-Slot Sengen 4: Shin Mogu Mogu Fuurin Kazan, Rio de Carnival"
SLPS-20461,Simple 2000 Series Vol. 99: The Genshijin
SLPS-20462,Ougon Kishi Garo
SLPS-20463,Ougon Kishi Garo
SLPS-20464,Simple 2000 Series Vol. 105: The Maid-fuku to Kikanjuu
SLPS-20465,Simple 2000 Series Vol. 100: The Otoko-tachi no Kijuu Houza
SLPS-20466,Simple 2000 Series Vol. 101: The OneeChampon: The Nee-chan 2 Tokubetsu-hen
SLPS-20467,Simple 2000 Series Vol. 102: The Hohei: Senjou no Inu-tachi
SLPS-20468,Simple 2000 Series Vol. 106: The Block Kuzushi Quest: Dragon Kingdom
SLPS-20469,Matching Maker 2: Zoku Boku no Machi-zukuri
SLPS-20470,Simple 2000 Series Vol. 103: The Chikyuu Boueigun Tactics
SLPS-20471,Chulip
SLPS-20472,Daito Giken Koushiki Pachi-Slot Simulator: Hihouden
SLPS-20473,Simple 2000 Series Vol. 104: The Robot Tsukurou ze! Gekitou! Robot Fight
SLPS-20474,Simple 2000 Series Vol. 107: The Honoo no Kakutou Banchou
SLPS-20475,Yamasa Digi World SP: Giant Pulsar
SLPS-20476,Simple 2000 Series Vol. 108: The Nihon Tokushu Butai: Kyouaku Hanzai Rettou 24-ji
SLPS-20477,Fish Eyes 3: Kioku no Hahen-tachi
SLPS-20478,Simple 2000 Series Vol. 109: The Taxi 2: Untenshu wa Yappari Kimi da!
SLPS-20479,Sokudoku Master
SLPS-20480,Simple 2000 Series Vol. 110: The Toubou Prisoner: Los City Shinjitsu e no 10-jikan
SLPS-20481,Simple 2000 Series Vol. 112: The Tousou Highway 2: Road Warrior 2050
SLPS-20482,3D Mahjong + Janpai Tori
SLPS-20483,Kamen Rider Kabuto
SLPS-20484,Simple 2000 Series Ultimate Vol. 34: Sakigake!! Otokojuku
SLPS-20485,Taiko no Tatsujin: Doka! to Oomori Nanadaime
SLPS-20486,Taiko no Tatsujin: Doka! to Oomori Nanadaime
SLPS-20487,Pachi-Slot King! Kagaku Ninja-tai Gatchaman
SLPS-20488,Simple 2000 Series Vol. 113: The Tairyou Jigoku
SLPS-20489,Simple 2000 Series Vol. 114: The Onna Okappichi Torimonochou: Oharu-chan GoGoGo!
SLPS-20490,Pachi-Slot Club Collection: I'm Juggler EX: Juggler Selection
SLPS-20491,Simple 2000 Series Vol. 118: The Ochimusha: Doemu Samurai Toujou
SLPS-20492,Simple 2000 Series Vol. 115: The Roomshare toyuu Seikatsu.
SLPS-20493,Simple 2000 Series Vol. 116: The Neko-mura no Hitobito: Pug Daikan no Akugyou Zanmai
SLPS-20494,Simple 2000 Series Vol. 117: The Reisen
SLPS-20496,Daito Giken Koushiki Pachi-Slot Simulator: Shake II
SLPS-20497,Simple 2000 Series Vol. 119: The Survival Game 2
SLPS-20499,Inaka Kurashi: Minami no Shima no Monogatari
SLPS-20500,Simple 2000 Series Vol. 120: The Saigo no Nihonhei: Utsukushiki Kokudo Dakkan Sakusen
SLPS-20501,Hayarigami 2: Keishichou Kaii Jiken File
SLPS-20502,Zero no Tsukaima: Fantasy Force
SLPS-20503,Simple 2000 Series Vol. 121: The Boku no Machi-zukuri 2: Matching Maker 2.1
SLPS-20504,Daito Giken Koushiki Pachi-Slot Simulator: Shin Yoshimune
SLPS-20505,FIVB Volleyball World Cup: Venus Evolution
SLPS-20506,Daito Giken Koushiki Pachi-Slot Simulator: 24: Twenty Four
SLPS-20507,Zero no Tsukaima: Fantasy Force 2nd Impact
SLPS-20508,Hayarigami 2: Keishityou Kaii Jiken File [The Best Price]
SLPS-20509,81diver
SLPS-20510,Sekai Saikyou Ginsei Igo Kouza
SLPS-23350,Netsu Chu! Pro Baseball 2004
SLPS-25001,Eternal Ring
SLPS-25002,Dead or Alive 2
SLPS-25003,Evergrace
SLPS-25004,Kensetsu Juuki Kenka Battle: Buchigire Kongou!!
SLPS-25005,Rock'n Megastage
SLPS-25006,Eikan wa Kimi ni: Koushien e no Michi
SLPS-25007,Armored Core 2
SLPS-25008,Sorcerous Stabber Orphen
SLPS-25009,G-Saviour
SLPS-25010,Unison
SLPS-25011,Sunrise Eiyuutan R
SLPS-25012,Hajime no Ippo: Victorious Boxers
SLPS-25013,Kuri Kuri Mix
SLPS-25014,Choro Q HG
SLPS-25015,Choro Q: HG
SLPS-25016,Neo Atlas III
SLPS-25017,A Ressha de Ikou 2001
SLPS-25018,Sidewinder Max
SLPS-25020,Kidou Senshi Gundam
SLPS-25021,Jitsumei Jikkyou Keiba: Dream Classic 2001 Spring
SLPS-25022,Cool Boarders: Code Alien
SLPS-25023,The Bouncer
SLPS-25024,Disney's Dinosaur
SLPS-25025,7 (Seven): Molmorth no Kiheitai
SLPS-25026,DOA2: Hardcore
SLPS-25027,Golf Paradise DX
SLPS-25028,Shutokou Battle 0
SLPS-25029,Rayman Revolution
SLPS-25030,Lunatic Dawn: Tempest
SLPS-25031,Might and Magic: Day of the Destroyer
SLPS-25032,Golful Golf
SLPS-25033,Kaze no Klonoa 2: Sekai ga Nozonda Wasuremono
SLPS-25034,Hana to Taiyou to Ame to
SLPS-25035,Monster Farm
SLPS-25036,Gallop Racer 5
SLPS-25037,Velvet File Plus (SLPS-25037)
SLPS-25038,True Love Story 3
SLPS-25039,Missing Blue
SLPS-25040,Armored Core 2: Another Age
SLPS-25041,Shadow Hearts
SLPS-25042,Maken Shao
SLPS-25043,Maken Shao
SLPS-25044,Evergrace II
SLPS-25045,Lilie no Atelier: Salburg no Renkinjutsushi 3
SLPS-25046,"Golf Navigator Vol. 1: Caledonian Golf Club, Soubu Country Club: Soubu Course"
SLPS-25047,"Golf Navigator Vol. 2: Kawagoe Country Club, Shizuoka Country Hamaoka Course: Takamatsu Course"
SLPS-25048,Zeonic Front: Kidou Senshi Gundam 0079
SLPS-25050,Final Fantasy X
SLPS-25051,Missing Blue
SLPS-25052,Ace Combat 04: Shattered Skies
SLPS-25053,Eikan wa Kimi ni: Koushien no Hasha
SLPS-25054,Tamamayu Monogatari 2: Horobi no Mushi
SLPS-25055,"Golf Navigator Vol. 3: Rope Club, Taiheiyou Associates: Sherwood Course"
SLPS-25056,I Golf Navigator Vol. 4: Taiheiyou Club: Gotenba Courseshioka Golf Club
SLPS-25057,King's Field IV
SLPS-25059,Kikou Busou G-Breaker: Legend of Cloudia
SLPS-25060,Kidou Senshi Gundam: Meguriai Sora
SLPS-25061,Kidou Senshi Gundam: Ver. 1.5
SLPS-25062,Kidou Senshi Gundam: Meguriai Sora
SLPS-25064,Kindan no Pet: Seaman: Gassé Hakase no Jikken-tou
SLPS-25065,Kindan no Pet: Seaman: Gassé Hakase no Jikken-tou
SLPS-25066,Seaman: Kindan no Pet: Gaze Hakushi no Jikken Shima
SLPS-25067,TVware Jouhou Kakumei Series: Pro Atlas for TV: Zenkokuban
SLPS-25068,Jitsumei Jikkyou Keiba: Dream Classic: 2001 Autumn
SLPS-25069,FIFA 2002: Road to FIFA World Cup
SLPS-25070,Sunrise Eiyuutan 2
SLPS-25071,A Visual Mix: Ayumi Hamasaki Dome Tour 2001 A (Disc 1)
SLPS-25072,A Visual Mix: Ayumi Hamasaki Dome Tour 2001 A (Disc 2)
SLPS-25073,Cinema Surfing: Youga Taizen
SLPS-25074,Zero
SLPS-25075,Sidewinder F (With Fligh Force)
SLPS-25076,Sidewinder F
SLPS-25077,Vampire Night
SLPS-25078,SSX Tricky
SLPS-25079,Madden NFL Super Bowl 2002
SLPS-25080,Uchuu Senkan Yamato: Iscandar e no Tsuioku
SLPS-25081,Saishuu Densha
SLPS-25082,A-Ressha de Ikou 2001 Perfect Set
SLPS-25083,Exciting Pro Wres 3
SLPS-25084,Thunder Strike: Operation Phoenix
SLPS-25085,Soul Reaver 2
SLPS-25087,Exciting Pro Wres 3
SLPS-25088,Final Fantasy X International
SLPS-25089,Salt Lake 2002
SLPS-25094,Reavel Fantasia: Mariel to Yousei Monogatari
SLPS-25095,Uchuu Senkan Yamato: Iscandar he no Tsuioku
SLPS-25096,Galerians: Ash (The Last Galerians) [Ash x Rion Complete Pack]
SLPS-25097,Velvet File Plus
SLPS-25098,Air Ranger 2: Rescue Helicopter
SLPS-25099,WRC: World Rally Championship
SLPS-25100,Tekken 4
SLPS-25101,Nichibeikan Pro Yakyuu: Final League
SLPS-25102,Project Arms
SLPS-25103,Super Robot Taisen Impact
SLPS-25104,Super Robot Taisen Impact
SLPS-25105,Kingdom Hearts
SLPS-25106,America Oudan Ultra Quiz
SLPS-25107,Kengou 2
SLPS-25108,Runabout 3: Neo Age
SLPS-25110,Project FIFA World Cup: Sorenara Kimi ga Daihyou Kantoku
SLPS-25111,Higanbana
SLPS-25112,Armored Core 3
SLPS-25113,Zettai Zetsumei Toshi
SLPS-25114,Kikou Busou G-Breaker: Dai-3-Ji Cloudia Taisen
SLPS-25115,E.O.E: Eve of Extinction: Houkai no Zen'ya
SLPS-25117,Fever 6: Sankyo Koushiki Pachinko Simulation
SLPS-25118,2002 FIFA World Cup
SLPS-25119,Galerians: Ash
SLPS-25120,Kidou Senshi Gundam: Gihren no Yabou: Zeon Dokuritsu Sensouki
SLPS-25121,Dot Hack Kansen Kakudai Vol. 1
SLPS-25122,Mobile Suit Gundam: Lost War Chronicles
SLPS-25123,Mobile Suit Gundam: Lost War Chronicles
SLPS-25124,Kikou Busou G-Breaker 2: Doumei no Hangeki
SLPS-25125,Jitsumei Jikkyou Keiba: Dream Classic 2002
SLPS-25127,Air
SLPS-25128,Hajime no Ippo: Victorious Boxers: Championship Version (Limited Edition)
SLPS-25129,Hajime no Ippo: Victorious Boxers: Championship Version
SLPS-25130,Roommate Asami: Okusama wa Joshikousei
SLPS-25131,Ghost Vibration
SLPS-25132,Kamaitachi no Yoru 2: Kangoku-jima no Warabe-uta
SLPS-25135,Kamaitachi no Yoru 2: Kangoku-jima no Warabe-uta
SLPS-25136,Kuon no Kizuna: Sairinshou
SLPS-25138,Ever 17: The Out of Infinity
SLPS-25139,Baldur's Gate: Dark Alliance
SLPS-25141,Pac-Man World 2
SLPS-25142,Tiger Woods PGA Tour 2002
SLPS-25143,Dot Hack Akusei Hen'i Vol. 2
SLPS-25144,Memorial Song
SLPS-25145,Hooligan: Kimi no Naka no Yuuki [Limited Edition]
SLPS-25146,Hooligan: Kimi no Naka no Yuuki
SLPS-25147,Star Wars: Jedi Starfighter
SLPS-25148,Panel Quiz Attack 25
SLPS-25149,Ever17 The Out of Infinity
SLPS-25150,Only You: Rebel Cross
SLPS-25151,Medal of Honor: Shijou Saidai no Sakusen
SLPS-25153,Disney's Lilo and Stitch: Stitch no Daibouken
SLPS-25154,Hana to Taiyou to Ame to
SLPS-25155,Ultraman: Fighting Evolution 2
SLPS-25156,"King of Fighters 2000, The"
SLPS-25157,Madden NFL Super Bowl 2003
SLPS-25158,Dot Hack Shinshoku Osen Vol. 3
SLPS-25159,Technic Beat
SLPS-25160,Final Fantasy XI: 2002 Special Art Box
SLPS-25161,Uchuu Senkan Yamato: Ankoku Seidan Teikoku no Gyakushuu
SLPS-25162,Uchuu Senkan Yamato: Ankoku Seidan Teikoku no Gyakushuu
SLPS-25164,Uchuu Senkan Yamato: Nijuu Ginga no Houkai
SLPS-25165,Gunvari Collection + Time Crisis
SLPS-25166,Kinkoumyaku Tansa Simulation: Ingot 79
SLPS-25167,Triple Play 2002
SLPS-25168,NBA Live 2003
SLPS-25169,Armored Core 3: Silent Line
SLPS-25170,SD Gundam: GGeneration Neo
SLPS-25171,Lupin Sansei: Majutsu-ou no Isan
SLPS-25172,Tales of Destiny 2
SLPS-25173,Omoide ni Kawaru Kimi: Memories Off
SLPS-25174,Dragon Ball Z
SLPS-25175,A Ressha de Ikou 2001
SLPS-25176,Neo Atlas III
SLPS-25177,Gallop Racer 6: Revolution
SLPS-25178,Argus no Senshi
SLPS-25179,FIFA 2003: Europe Soccer
SLPS-25181,Gunvari Collection + Time Crisis (SLPS-25181)
SLPS-25182,Idol Janshi R: Janguru Project
SLPS-25184,Guilty Gear XX: The Midnight Carnival
SLPS-25185,Unlimited Saga
SLPS-25186,Kidou Shinsengumi: Moe yo Ken
SLPS-25187,Panel Quiz Attack 25
SLPS-25188,Erde: Nezu no Ki no Shita de
SLPS-25189,Toukon Inoki-michi: Puzzle de Daaa!
SLPS-25190,Sweet Legacy: Boku to Kanojo no Na mo Nai Okashi
SLPS-25191,Mizuiro
SLPS-25192,My Merry May
SLPS-25193,My Merry May
SLPS-25194,Herdy Gerdy
SLPS-25195,Venus & Braves: Majo to Megami to Horobi no Yogen
SLPS-25196,Venus & Braves: Majo to Megami to Horobi no Yogen
SLPS-25197,Kingdom Hearts: Final Mix
SLPS-25198,Kingdom Hearts: Final Mix
SLPS-25199,Unlimited Saga
SLPS-25200,Final Fantasy XI: Online
SLPS-25201,Reavel Fantasia: Mariel to Yousei Monogatari
SLPS-25202,Dot Hack Zettai Houi Vol. 4
SLPS-25203,007: Nightfire
SLPS-25204,MotoGP 3
SLPS-25205,Ys I & II: Eternal Story
SLPS-25206,Ys I & II: Eternal Story
SLPS-25207,TimeSplitter: Jikuu no Shinryakusha
SLPS-25209,Metal Slug 3
SLPS-25210,Exciting Pro Wres 4
SLPS-25212,Kidou Senshi Gundam: Gihren no Yabou: Zeon Dokuritsu Sensouki: Kouryaku Shireisho
SLPS-25213,Bass Landing 3
SLPS-25214,Guardian Angel
SLPS-25215,Iris
SLPS-25216,Iris
SLPS-25217,Shadow Tower Abyss
SLPS-25219,Canary: Kono Omoi o Uta ni Nosete
SLPS-25220,Elysion: Eien no Sanctuary
SLPS-25221,Pia Carrot e Youkoso!! 3: Round Summer
SLPS-25222,Pia Carrot e Youkoso!! 3: Round Summer
SLPS-25223,Canvas: Sepia-iro no Motif
SLPS-25224,Ai yori Aoshi
SLPS-25225,Ai yori Aoshi
SLPS-25226,Memories Off Duet: 1st & 2nd Stories
SLPS-25227,Dai-2-Ji Super Robot Taisen Alpha
SLPS-25228,Dai-2-Ji Super Robot Taisen Alpha
SLPS-25229,America Oudan Ultra Quiz [DigiCube Best Selection]
SLPS-25230,Soulcalibur II
SLPS-25231,Myst III: Exile
SLPS-25233,DoDonPachi Dai-Ou-Jou
SLPS-25234,Tenchu 3
SLPS-25235,Yumeria
SLPS-25236,Fantastic Fortune 2
SLPS-25237,Only You: Rebel Cross
SLPS-25238,My Merry Maybe
SLPS-25239,NBA Street Vol.2
SLPS-25240,Motion Gravure Series: Megumi
SLPS-25241,Motion Gravure Series: Mori Hiroko
SLPS-25242,Motion Gravure Series: Kitagawa Tomomi
SLPS-25243,Motion Gravure Series: Nemoto Harumi
SLPS-25244,Max Payne
SLPS-25245,"True Love Story: Summer Days, and Yet ..."
SLPS-25246,Lara Croft Tomb Raider: Utsukushiki Toubousha
SLPS-25247,R-Type Final
SLPS-25248,Kino no Tabi: The Beautiful World
SLPS-25249,Sanyo Pachinko Paradise 9: Shin Umi Okawari!
SLPS-25250,Final Fantasy X-2
SLPS-25251,MVP Baseball 2003
SLPS-25252,Star Wars: Jango Fett
SLPS-25253,Mezamashi TV: 10th Anniversary: Kyou no Wanko
SLPS-25254,Enter the Matrix
SLPS-25255,Sidewinder V
SLPS-25256,Never 7: The End of Infinity
SLPS-25257,Omoi no Kakera: Close to
SLPS-25258,Virtual View: R.C.T. Eizou Play
SLPS-25259,Virtual View: Nemoto Harumi Eizou Play
SLPS-25260,Virtual View: Megumi Eizou Play
SLPS-25261,Guilty Gear XX #Reload: The Midnight Carnival
SLPS-25262,Private Nurse: Maria
SLPS-25263,Monster Farm 4
SLPS-25264,RAhXEPhON: Soukyuu Gensoukyoku
SLPS-25265,Rahxephon: Soukyuu Gensoukyoku (SLPS-25265)
SLPS-25266,"King of Fighters 2001, The"
SLPS-25267,Summon Night 3
SLPS-25268,Dead to Rights
SLPS-25269,Hitman: Silent Assassin
SLPS-25270,Sunrise World War
SLPS-25271,Sidewinder V
SLPS-25272,Hulk
SLPS-25274,Aikagi
SLPS-25275,Def Jam: Vendetta
SLPS-25276,Natsu Yume Ya Wa: The Tale of a Midsummer Night's Dream
SLPS-25278,Memories Off Mix
SLPS-25279,Bouken Shounen Club Gahou
SLPS-25280,Galerians: Ash (The Last Galerians) [Enterbrain Collection]
SLPS-25281,True Love Story 3
SLPS-25282,Gakuen Heaven: Boy's Love Scramble!
SLPS-25283,Interlude
SLPS-25287,Hajime no Ippo 2: Victorious Road
SLPS-25288,D-A: Black
SLPS-25289,Time Crisis 3
SLPS-25290,Time Crisis 3
SLPS-25291,Baldur's Gate: Dark Alliance
SLPS-25292,D → A: Black
SLPS-25293,Naruto: Narutimate Hero
SLPS-25294,Uchuu no Stellvia
SLPS-25295,Kaena
SLPS-25296,Super Robot Taisen: Scramble Commander
SLPS-25297,NBA Live 2004
SLPS-25298,Tentama: 1st Sunnyside
SLPS-25299,Shin Seiki Evangelion 2: Evangelions
SLPS-25300,R:Racing Evolution: Life in the Fast Lane
SLPS-25301,Missing Parts Side A: The Tantei Stories
SLPS-25302,Kamen Rider: Seigi no Keifu
SLPS-25303,Zero: Akai Chou
SLPS-25304,Beast Sapp
SLPS-25305,Kidou Senshi Z Gundam: A.E.U.G. vs. Titans
SLPS-25307,Future GPX Cyber Formula: Road to the Infinity
SLPS-25308,"Gako Zouryuu: Crouching Tiger, Hidden Dragon"
SLPS-25309,Exciting Pro Wrestling 4 (Yuke's The Best)
SLPS-25310,Disney/Pixar Finding Nemo
SLPS-25311,Spy Fiction
SLPS-25312,Zero Pilot: Kokuu no Kiseki
SLPS-25313,Seven Samurai 20XX
SLPS-25314,Nebula: Echo Night
SLPS-25315,One Piece: Grand Battle! 3
SLPS-25316,SNK vs. Capcom: SVC Chaos
SLPS-25317,Shadow Hearts II (Disc 1)
SLPS-25318,Shadow Hearts II (Disc 2)
SLPS-25319,Kero Kero King Super DX
SLPS-25320,Inuyasha: Juso no Kamen
SLPS-25321,Derby Stallion 04
SLPS-25323,Usagi: Yasei no Touhai: Yamashiro Mahjong-hen
SLPS-25324,Nishikaze no Rhapsody: The Rhapsody of Zephyr
SLPS-25325,Nishikaze no Kyoushikyouku: The Rhapsody of Zephyr
SLPS-25326,Exciting Pro Wres 5
SLPS-25327,Exciting Pro Wres 5
SLPS-25329,Kuon
SLPS-25330,Dragon Ball Z 2
SLPS-25332,Snow
SLPS-25333,Gallop Racer: Lucky 7
SLPS-25334,Shadow Hearts II (Disc 1)
SLPS-25335,Shadow Hearts II (Disc 2)
SLPS-25336,Bass Landing 3  With Tsuricon 2+(Sammy Best)
SLPS-25337,Bass Landing 3
SLPS-25338,Armored Core: Nexus (Disc 1) (Evolution)
SLPS-25339,Armored Core: Nexus (Disc 2) (Revolution)
SLPS-25340,Missing Parts Side B: The Tantei Stories
SLPS-25341,Backyard Wrestling: Don't Try This at Home
SLPS-25342,Snow
SLPS-25343,Gunslinger Girl. Volume.I
SLPS-25344,Saiyuuki Reload
SLPS-25345,Super Robot Taisen MX
SLPS-25346,Samurai Spirits Zero
SLPS-25347,The King of Fighters 2002
SLPS-25348,Kokoro no Tobira
SLPS-25349,Kokoro no Tobira
SLPS-25350,Netchuu! Pro Yakyuu 2004
SLPS-25351,Burnout 2: Point of Impact
SLPS-25352,Espgaluda
SLPS-25353,Xenosaga Freaks
SLPS-25354,Panzer Front Ausf.B
SLPS-25355,UFC 2004
SLPS-25356,Broken Sword: Nemureru Ryuu no Densetsu
SLPS-25357,3-nen B-gumi Kinpachi Sensei: Densetsu no Kyoudan ni Tate!
SLPS-25358,Konjiki no Gashbell!! Yuujou Tag Battle
SLPS-25359,Shaman King: Funbari Spirits
SLPS-25360,Katamari Damacy
SLPS-25361,Smash Court Pro Tournament 2
SLPS-25362,Tetsujin 28-gou
SLPS-25363,Sakurazaka Shouboutai
SLPS-25364,Ultraman
SLPS-25365,Missing Blue
SLPS-25366,Xenosaga Episode II: Jenseits von Gut und Bose (Disc 1)
SLPS-25367,Xenosaga Episode II: Jenseits von Gut und Bose (Disc 2)
SLPS-25368,Xenosaga Episode II: Jenseits von Gut und Bose (Disc 1)
SLPS-25369,Xenosaga Episode II: Jenseits von Gut und Bose (Disc 2)
SLPS-25370,Spawn: Unmei no Kusari
SLPS-25371,DearS [Limited Edition]
SLPS-25372,DearS
SLPS-25373,Gunslinger Girl. Volume.II
SLPS-25374,Daidassou: The Great Escape
SLPS-25375,XIII: Daitouryou o Koroshita Otoko
SLPS-25376,Metal Slug 4
SLPS-25377,The Nightmare of Druaga: Fushigi no Dungeon
SLPS-25378,Tokyo Majin Gakuen: Gehouchou Keppuuroku
SLPS-25379,Tokyo Majin Gakuen: Gehouchou Keppuuroku
SLPS-25381,Gakuen Heaven: Boy's Love Scramble! Type B
SLPS-25382,One Piece: Round the Land!
SLPS-25383,Digimon Battle Chronicle
SLPS-25384,Tenchu Kurenai
SLPS-25385,Friends: Seishun no Kagayaki
SLPS-25386,KOF: Maximum Impact
SLPS-25387,"True Love Story: Summer Days, and Yet ..."
SLPS-25388,Gunslinger Girl. Volume.III
SLPS-25389,Kidou Senshi Gundam Seed: Owaranai Ashita e
SLPS-25390,Clover Heart's: Looking for Happiness
SLPS-25391,Clover Heart's: Looking for Happiness
SLPS-25392,Desire
SLPS-25393,Rim Runners
SLPS-25394,Another Century's Episode
SLPS-25395,Sentimental Prelude
SLPS-25396,Fantastic Fortune 2: Triple Star
SLPS-25397,Sinbad Adventure wa Eimoto Kanako Dedousesuka (Limited Edition)
SLPS-25398,Naruto: Narutimate Hero 2
SLPS-25399,Keroro Gunsou: Mero Mero Battle Royale
SLPS-25400,Tales of Symphonia
SLPS-25401,Magna Carta
SLPS-25402,Hagane no Renkinjutsushi: Dream Carnival
SLPS-25403,Hitman: Silent Assasin (Eidos The Best)
SLPS-25404,RPG Tkool
SLPS-25405,Tokyo Majin Gakuen: Gehouchou Keppuuroku
SLPS-25406,Hitman: Contracts
SLPS-25407,The King of Fighters 2003
SLPS-25408,Armored Core: Nine Breaker
SLPS-25409,Futakoi
SLPS-25410,Futakoi
SLPS-25411,ToHeart 2
SLPS-25412,ToHeart
SLPS-25413,ToHeart 2
SLPS-25414,ToHeart 2
SLPS-25415,Chuuka na Janshi: Tenhoo Painyan
SLPS-25416,Chu-Kana Janshi
SLPS-25417,Panzer Frony: Ausf. B (Enterbrain Collection)
SLPS-25418,Ace Combat 5: The Unsung War
SLPS-25419,Kidou Senshi Gundam: Gundam vs. Z Gundam
SLPS-25420,Sinbad Adventure wa Enomoto Kanako de Dou desu ka
SLPS-25421,Bokujou Monogatari: Oh! Wonderful Life
SLPS-25422,Death by Degrees: Tekken: Nina Willams
SLPS-25423,Kaitou Apricot Kanzenban
SLPS-25424,Kaitou Apricot Kanzenban
SLPS-25425,SD Gundam Force: Daikessen! Jigen Kaizoku De Scar!!
SLPS-25426,Meitantei Conan: Daiei Teikoku no Isan
SLPS-25427,Legendz: Gekitou! Saga Battle
SLPS-25428,Metal Slug 3
SLPS-25429,The King of Fighters 2000
SLPS-25430,Lupin Sansei: Columbus no Isan wa Ake ni Somaru
SLPS-25431,Bokujou Monogatari: Oh! Wonderful Life
SLPS-25432,"Majokko A La Mode: Tonaete, Koi no Mahou!"
SLPS-25433,Teikoku Sensenki
SLPS-25434,Nishikaze no Kyoushikyouku: The Rhapsody of Zephyr: Best Collection
SLPS-25435,Majokko a la Mode
SLPS-25436,Teikoku Sensenki
SLPS-25437,D-A: White
SLPS-25438,D → A: White
SLPS-25439,Hajime no Ippo All Stars
SLPS-25440,Konjiki no Gashbell!! Gekitou! Saikyou no Mamono-tachi
SLPS-25441,Ultraman Fighting Evolution 3
SLPS-25443,Kawa no Nushi Tsuri: Wonderful Journey
SLPS-25444,Cherry Blossom
SLPS-25445,Kagero II: Dark Illusion
SLPS-25447,Top o Nerae! GunBuster
SLPS-25448,The King of Fighters '94: Re-Bout
SLPS-25449,The King of Fighters '94: Re-Bout
SLPS-25450,Tales of Rebirth
SLPS-25451,Hana to Taiyou to Ame to
SLPS-25452,Kino no Tabi: The Beautiful World
SLPS-25453,Digimon World X
SLPS-25454,Yoshitsune Eiyuuden: The Story of Hero Yoshitsune
SLPS-25455,Sanyo Pachinko Paradise 11: Shin Umi to Saraba Gintama no Ookami
SLPS-25456,Gladiator: Road to Freedom
SLPS-25457,Ponkotsu Roman Daikatsugeki: Bumpy Trot
SLPS-25458,The King of Fighters 2001
SLPS-25459,Tensei: Swords of Destiny
SLPS-25460,Dragon Ball Z 3
SLPS-25461,Armored Core: Formula Front
SLPS-25462,Armored Core: Last Raven
SLPS-25463,My Home o Tsukurou! 2: Shou
SLPS-25464,Daisenryaku VII: Exceed
SLPS-25465,Azumi
SLPS-25466,Eien no Aseria: Kono Daichi no Hate De [Limited Edition]
SLPS-25467,Minna Daisuki Katamari Damacy
SLPS-25468,Eien no Aseria: Kono Daichi no Hate de
SLPS-25469,Baseball Live 2005
SLPS-25470,Bouken-ou Beet: Darkness Century
SLPS-25471,Gakkou o Tsukurou!! Happy Days
SLPS-25472,XIII: Daitouryou o Koroshita Otoko
SLPS-25473,One Piece: Grand Battle! Rush
SLPS-25474,Beck: The Game
SLPS-25476,Saint Seiya: Sanctuary Juunikyuu-hen
SLPS-25478,Kidou Senshi Gundam: Ichinen Sensou
SLPS-25479,Konjiki no Gashbell!! Yuujou Tag Battle 2
SLPS-25480,Zipang
SLPS-25481,Guts da!! Mori no Ishimatsu
SLPS-25482,Yukigatari: Renewal-ban
SLPS-25483,Sweet Season
SLPS-25484,SNK vs. Capcom: SVC Chaos
SLPS-25485,Kidou Senshi Gundam: Ver. 1.5
SLPS-25486,Mobile Suit Gundam: Lost War Chronicles
SLPS-25487,Kidou Senshi Gundam: Meguriai Sora
SLPS-25488,Zeonic Front: Kidou Senshi Gundam 0079: Gundam the Best
SLPS-25489,Kidou Senshi Gundam: Ghiren no Yabou: Zeon Dokuritsu Sensouki + Kouryaku Shireisho: Gundam the Best (Disc 1)
SLPS-25490,Kidou Senshi Gundam: Ghiren no Yabou: Zeon Dokuritsu Sensouki + Kouryaku Shireisho: Gundam the Best (Disc 2)
SLPS-25491,SD Gundam: GGeneration Neo
SLPS-25492,SD Gundam: GGeneration Seed
SLPS-25493,Backyard Wrestling 2: There Goes the Neighborhood
SLPS-25494,Fragrance Tale
SLPS-25495,Metal Slug 5
SLPS-25496,TearRingSaga Series: Berwick Saga: Lazberia Chronicle Chapter 174
SLPS-25497,TearRingSaga Series: Berwick Saga: Lazberia Chronicle Chapter 174
SLPS-25498,Jikuu Boukenki Zentrix
SLPS-25499,Yuu Yuu Hakusho Forever
SLPS-25500,Namco 50 Anniversary: namCollection
SLPS-25501,Onmyou Taisenki: Hasha no In
SLPS-25502,Steamboy
SLPS-25503,"NeoGeo Online Collection Vol. 2: Bakumatsu Roman: Gekka no Kenshi 1, 2"
SLPS-25504,Garou: Mark of the Wolves (NeoGeo Online Collection Vol.1 Limited Edition)
SLPS-25505,Namco x Capcom
SLPS-25506,For Symphony: With All One's Heart
SLPS-25507,Mai-HiME: Unmei no Keitouju [DX Pack]
SLPS-25508,Mai-HiME: Unmei no Keitouju
SLPS-25509,NeoGeo Online Collection Vol. 1: Garou: Mark of the Wolves
SLPS-25510,Tekken 5
SLPS-25511,Rasetsu: Alternative
SLPS-25513,Aoi Umi no Tristia: Nanoca Flanka Hatsumei Koubouki
SLPS-25514,Aoi Umi no Tristia: Nanoca Flanka Hatsumei Koubouki
SLPS-25515,Futakoi Alternative: Koi to Shoujo to Machine Gun
SLPS-25516,Futakoi Alternative: Koi to Shoujo to Machine Gun
SLPS-25517,Enjoy Golf!
SLPS-25518,Inuyasha: Ougi Ranbu
SLPS-25519,Sousei no Aquarion
SLPS-25520,Gundam True Odyssey: Ushinawareshi G no Densetsu
SLPS-25521,Soccer Life 2: We are Challengers to Europe
SLPS-25522,Yoshitsune-ki
SLPS-25523,Yoshitsune-ki
SLPS-25525,"King of Fighters NeoWave, The"
SLPS-25526,Medical 91
SLPS-25527,Dot Hack Frägment
SLPS-25528,Summon Night Ex-These: Yoake no Tsubasa
SLPS-25529,Ultraman: Fighting Evolution Rebirth
SLPS-25530,Garouden: Breakblow
SLPS-25531,SD Gundam: GGeneration Seed
SLPS-25532,Critical Velocity
SLPS-25533,Tales of Legendia
SLPS-25534,Twinkle Star Sprites: La Petite Princesse
SLPS-25535,NeoGeo Online Collection Vol. 3: The King of Fighters: Orochi
SLPS-25537,Dai-3-Ji Super Robot Taisen Alpha: Shuuen no Ginga e
SLPS-25538,Dai-2-Ji Super Robot Taisen Alpha
SLPS-25539,School Rumble: Neru Musume wa Sodatsu.
SLPS-25540,School Rumble: Neru Musume wa Sodatsu.
SLPS-25541,Future GPX Cyber Formula: Road to the Infinity 2
SLPS-25542,Naruto: Uzumaki Ninden
SLPS-25543,Futakoi: Koi to Mizugi no Survival
SLPS-25544,Zero: Shisei no Koe
SLPS-25545,Fighting for One Piece
SLPS-25546,Ichigo Marshmallow
SLPS-25547,Ichigo Mashimaro
SLPS-25548,Pachitte Chonmage Tatsujin 8: Pachinko Ultra Seven
SLPS-25549,Kidou Senshi Gundam Seed Destiny: Generation of C.E.
SLPS-25550,Cowboy Bebop: Tsuioku no Serenade
SLPS-25551,Cowboy Bebop: Tsuitou no Yakkyoku
SLPS-25552,Inuyasha: Juso no Kamen
SLPS-25553,Yoshitsune Eiyuuden Shura: The Story of Hero Yoshitsune Shura
SLPS-25554,Eureka Seven TR1: New Wave
SLPS-25556,Hissatsu Pachinko Station V11: CR Gyaatoruzu
SLPS-25557,Urban Reign
SLPS-25558,NeoGeo Battle Coliseum
SLPS-25559,Samurai Spirits: Tenkaichi Kenkakuden
SLPS-25560,Dragon Ball Z: Sparking!
SLPS-25561,MotoGP 4
SLPS-25564,Gallop Racer 8: Live Horse Racing
SLPS-25565,Hisshou Pachinko Kouryaku Series Vol. 1: CR Shin Seiki Evangelion
SLPS-25566,Simple 2000 Series Ultimate Vol. 27: Houkago no Love Beat
SLPS-25567,Pachitte Chonmage Tatsujin 9: Pachinko Mitokoumon
SLPS-25568,Keroro Gunsou: Mero Mero Battle Royale
SLPS-25569,Kidou Senshi Gundam Seed: Rengou vs. Z.A.F.T.
SLPS-25570,Kino no Tabi II: The Beautiful World
SLPS-25571,Metal Slug 4
SLPS-25572,Samurai Spirits Zero
SLPS-25573,The King of Fighters 2002
SLPS-25574,Pachi Para 12: Ooumi to Natsu no Omoide
SLPS-25575,Keroro Gunsou: Mero Mero Battle Royale Z
SLPS-25576,One Piece: Pirates Carnival
SLPS-25577,Soulcalibur III
SLPS-25578,K-1 World GP 2005
SLPS-25579,Little Aid
SLPS-25580,Chicken Little
SLPS-25581,Simple 2000 Series Vol. 92: The Noroi no Game
SLPS-25582,Astro Kyuudan: Kessen!! Victory Kyuudanhen
SLPS-25583,One Piece: Pirates Carnival
SLPS-25584,One Piece: Pirates Carnival
SLPS-25585,Monster Farm 5: Circus Caravan
SLPS-25586,Tales of the Abyss
SLPS-25587,Sugar² Rune: Koi mo Oshare mo Pick-Up
SLPS-25588,Meitantei Conan: Daiei Teikoku no Isan
SLPS-25589,Naruto: Narutimate Hero 3
SLPS-25590,Namco Museum Arcade Hits!
SLPS-25591,Last Escort: Shin'ya no Kokuchou Monogatari
SLPS-25592,Sunrise Eiyuutan 3
SLPS-25594,Konjiki no Gashbell!! Go! Go! Mamono Fight!!
SLPS-25595,Konjiki no Gashbell!! Go! Go! Mamono Fight!!
SLPS-25596,Konjiki no Gashbell!! Go! Go! Mamono Fight!!
SLPS-25597,Kawa no Nushi Tsuri: Wonderful Journey
SLPS-25598,Gakkou o Tsukurou!! Happy Days
SLPS-25599,Shakugan no Shana
SLPS-25600,Samurai Champloo
SLPS-25601,Ueki no Housoku: Taosu ze Roberto Juudan!!
SLPS-25602,Hisshou Pachinko Pachi-Slot Kouryaku Series Vol. 2: Bomber Powerful & Mumu World DX
SLPS-25603,Tensei: Swords of Destiny
SLPS-25604,Ar tonelico: Sekai no Owari de Utai Tsuzukeru Shoujo
SLPS-25605,NeoGeo Online Collection Vol. 3: The King of Fighters: Orochi
SLPS-25606,Zettai Zetsumei Toshi 2: Itetsuita Kioku-tachi
SLPS-25607,Makai Senki Disgaea 2
SLPS-25608,Makai Senki Disgaea 2
SLPS-25609,KOF2: Maximum Impact II
SLPS-25610,NeoGeo Online Collection Vol. 4: Ryuuko no Ken: Ten Chi Jin
SLPS-25611,Strawberry Panic!
SLPS-25612,Strawberry Panic!: Girls' School in Fullbloom
SLPS-25613,My Home o Tsukurou 2! Takumi
SLPS-25614,Mai-HiME: Unmei no Keitouju
SLPS-25615,My Home o Tsukurou 2: Juujitsu! Kantan Sekkei!!
SLPS-25616,Ski Jumping Pairs: Reloaded
SLPS-25617,Étude Prologue: Yureugoku Kokoro no Katachi
SLPS-25618,D-A: Black (Best Prize)
SLPS-25619,D-A: White
SLPS-25620,Hisshou Pachinko Pachi-Slot Kouryaku Series Vol. 3: CR Marilyn Monroe
SLPS-25621,Kashimashi: Girl Meets Girl: Hajimete no Natsu Monogatari.
SLPS-25622,Kashimashi! Girl Meets Girl
SLPS-25623,Another Century's Episode 2
SLPS-25624,Futakoi
SLPS-25625,Futakoi-jima: Koi to Mizugi no Survival
SLPS-25626,Narnia-koku Monogatari: Dai-1-shou: Lion to Majo
SLPS-25627,Mobile Suit Gundam: Climax U.C.
SLPS-25628,IGPX: Immortal Grand Prix
SLPS-25629,Ace Combat Zero: The Belkan War
SLPS-25630,Pro Yakyuu: Netsu Star 2006
SLPS-25631,Simple 2000 Series Vol. 98: The Roman Sabou: Meshimase Roman Sabou
SLPS-25632,Simple 2000 Series Vol. 97: The Koi no Engine: Darling Special Backlash: Koi no Exhaust Heat
SLPS-25633,Futakoi Alternative: Koi to Shoujo to Machine Gun
SLPS-25634,Metal Slug 5
SLPS-25635,"King of Fighters 2003, The: SNK Best Collection"
SLPS-25636,KOF: Maximum Impact: Maniax
SLPS-25638,The King of Fighters: Maximum Impact 2
SLPS-25639,Plus Plumb 2
SLPS-25640,Xenosaga Episode III: Also sprach Zarathustra (Disc 1)
SLPS-25641,Xenosaga Episode III: Also sprach Zarathustra (Disc 2)
SLPS-25642,Super Dragon Ball Z
SLPS-25643,KimiKiss
SLPS-25644,Simple 2000 Series Ultimate Vol. 31: K-1 World Max 2005: Sekai Ouja e no Michi
SLPS-25645,Hisshou Pachinko Pachi-Slot Kouryaku Series Vol. 4: CR Ashita ga Aru sa Yoshimoto World
SLPS-25646,Eureka Seven: New Vision
SLPS-25647,Simple 2000 Series Ultimate Vol. 32: Azumi
SLPS-25648,Hisshou Pachinko Pachi-Slot Kouryaku Series Vol. 5: CR Shin Seiki Evangelion 2nd Impact & Pachi-Slot Shin Seiki Evangelion
SLPS-25649,Uchuu Keiji Tamashii: The Space Sheriff Spirits
SLPS-25650,Metal Slug 3D
SLPS-25651,Dot Hack G.U. Vol. 1: Saitan
SLPS-25652,"Dot Hack G.U. Terminal Disc: The End of ""The World"""
SLPS-25653,Cluster Edge: Kimi o Matsu Mirai e no Akashi
SLPS-25654,Cluster Edge: Kimi o Matsu Mirai e no Akashi
SLPS-25655,Dot Hack G.U. Vol. 2: Kimi Omou Koe
SLPS-25656,Dot Hack G.U. Vol. 3: Aruku You na Hayasa de
SLPS-25657,Kakutou Bijin Wulong
SLPS-25658,Binchou-tan: Shiawase Goyomi
SLPS-25659,Binchotan: Shiawase Koyomi
SLPS-25660,The King of Fighters XI
SLPS-25661,NeoGeo Online Collection Vol. 7: The King of Fighters: Nests
SLPS-25662,Kyou kara Maou! Hajimari no Tabi
SLPS-25663,Kyou kara Maou! Hajimari no Tabi
SLPS-25664,NeoGeo Online Collection Vol. 5: Garou Densetsu Battle Archives 1
SLPS-25665,Pachitte Chonmage Tatsujin 10: Pachinko Fuyu no Sonata
SLPS-25666,Sakurazaka Shouboutai
SLPS-25667,Daito Giken Premium Pachi-Slot Collection: Yoshimune
SLPS-25668,Torikago no Mukougawa
SLPS-25669,School Rumble Ni-Gakki [Limited Edition]
SLPS-25670,School Rumble Ni-Gakki
SLPS-25671,School Rumble: Neru Musume wa Sodatsu.
SLPS-25672,Hisshou Pachinko Pachi-Slot Kouryaku Series Vol. 6: 7Cafe: Katashikimei Bomber Powerful 2
SLPS-25673,Last Escort: Kokuchou Special Night
SLPS-25674,Metal Slug 6
SLPS-25675,Battle Stadium D.O.N
SLPS-25676,Kinnikuman: Muscle Grand Prix Max
SLPS-25677,Blood+: One Night Kiss
SLPS-25678,Utawareru Mono: Chiri Yuku Mono e no Komori-uta
SLPS-25679,Utawareru Mono: Chiri Yuku Mono e no Komori-uta
SLPS-25680,Mai-Otome Hime: Otome Butou Shi [Limited Edition]
SLPS-25681,Mai-Otome HiME: Otome Butoushi!!
SLPS-25682,Pachi Para 13: Super Umi to Pachi Pro Fuuunroku
SLPS-25683,Ponkotsu Roman Daikatsugeki: Bumpy Trot
SLPS-25684,Mermaid Prism
SLPS-25685,Rurouni Kenshin: Meiji Kenkaku Romantan: Enjou! Kyoto Rinne
SLPS-25686,Jojo no Kimyou na Bouken: Phantom Blood
SLPS-25687,Korobot Adventure
SLPS-25688,Simoun: Ibara Sensou: Fuuin no Ri Maajon
SLPS-25689,Simoun: Ibara Sensou: Fuuin no Ri Maajon
SLPS-25690,Dragon Ball Z: Sparking! Neo
SLPS-25691,Captain Tsubasa
SLPS-25693,Princess Princess [First Print Limited Edition]
SLPS-25694,Princess Princess: Hime-tachi no Abunai Houkago
SLPS-25695,Future GPX Cyber Formula: Road to the Infinity 3
SLPS-25696,Mermaid Prism
SLPS-25697,Hisshou Pachinko Pachi-Slot Kouryaku Series Vol. 7: CR Fever Powerful Zero
SLPS-25698,Garou Densetsu: Battle Archives 2: NeoGeo Online Collection Vol. 6
SLPS-25699,Hisshou Pachinko Pachi-Slot Kouryaku Series Vol. 8: CR Matsuura Aya
SLPS-25700,Aoi Umi no Tristia: Nanoca Flanka Hatsumei Koubouki
SLPS-25701,Gallop Racer Inbreed
SLPS-25702,Amagoushi no Yakata
SLPS-25703,Simple 2000 Series Vol. 111: The Itadaki Rider: Omae no Bike wa Ore no Mono / Jacked
SLPS-25704,Summon Night 4
SLPS-25705,Eureka Seven: New Wave Graduation [Welcome Price 2800]
SLPS-25706,Eureka Seven: New Vision
SLPS-25707,Eureka Seven TR1: New Wave Graduation
SLPS-25708,Zero no Tsukaima: Koakuma to Harukaze no Concerto
SLPS-25709,Zero no Tsukaima: Koakuma to Harukaze no Concerto
SLPS-25710,K-1 World GP 2006
SLPS-25711,Kashimashi! Girl Meets Girl [Best Collection]
SLPS-25712,The King of Fighters: Neowave
SLPS-25713,Twinkle Star Sprites: La Petite Princesse
SLPS-25714,Naruto: Konoha Spirits!!
SLPS-25715,Tales of Destiny
SLPS-25716,Digimon Savers: Another Mission
SLPS-25717,Simple 2000 Series Ultimate Vol. 33: Ururun Quest: Koiyuuki
SLPS-25718,Kidou Senshi Gundam Seed Destiny: Rengou vs. Z.A.F.T. II Plus
SLPS-25719,Happiness! de Lucks
SLPS-25720,Happiness! De-Lucks
SLPS-25721,Himehibi: Princess Days
SLPS-25722,Routes PE [First Print Limited Edition]
SLPS-25723,Simple 2000 Series Vol. 123: The Office Love Jikenbo: Reijou Tantei
SLPS-25724,Pachinko Kaou: Misora Hibari
SLPS-25725,King's Field IV
SLPS-25726,SNK Slot Panic Kyuuji
SLPS-25727,Routes PE
SLPS-25728,Kujibiki Unbalance: Kaichou Onegai Smash Fight
SLPS-25729,Kujibiki Unbalance: Kaichou Onegai Smash Fight
SLPS-25730,Armored Core: Last Raven
SLPS-25731,Armored Core 2
SLPS-25732,Armored Core 3
SLPS-25733,Super Robot Taisen OG: Original Generations
SLPS-25734,The Battle of Yuu Yuu Hakusho: Shitou! Ankoku Bujutsukai: 120% (Full Power)
SLPS-25735,Dragon Shadow Spell
SLPS-25736,Samurai Spirits: Tenka-ichi Kenkakuden
SLPS-25737,NeoGeo Battle Coliseum
SLPS-25738,Soul Cradle: Sekai o Kurau Mono
SLPS-25739,Soul Cradle: Sekai o Kurau Mono
SLPS-25740,"Lupin Sansei: Lupin ni wa Shi o, Zenigata ni wa Koi o"
SLPS-25742,Aa! Megami-sama [Limited Edition]
SLPS-25743,Aa! Megami-sama
SLPS-25744,Saint Seiya: Meiou Hades Juunikyuu-hen
SLPS-25745,Hisshou Pachinko Kouryaku Series Vol. 1: CR Shin Seiki Evangelion
SLPS-25746,Hisshou Pachinko Pachi-Slot Kouryaku Series Vol. 9: CR Fever Captain Harlock
SLPS-25747,Garouden: Breakblow: Fist or Twist
SLPS-25748,Aoi Sora no Neosphere: Nanoca Flanka Hatsumei Koubouki 2
SLPS-25749,Aoi Sora no Neosphere: Nanoca Flanka Hatsumei Koubouki 2
SLPS-25750,Super Robot Taisen: Scramble Commander the 2nd
SLPS-25751,Gakuen Utopia: Manabi Straight! Kira Kira Happy Festa!
SLPS-25752,Gakuen Utopia: Manabi Straight! Kira Kira Happy Festa!
SLPS-25753,Ichigo Mashimaro [SP Series]
SLPS-25754,Kino no Tabi II: The Beautiful World
SLPS-25755,Dot Hack G.U. Vol. 1: Saitan
SLPS-25756,"Dot Hack G.U. Terminal Disc: The End of ""The World"""
SLPS-25757,Nanatsuiro Drops Pure!!
SLPS-25758,Nanatsuiro Drops Pure!!
SLPS-25759,Shijuu Hachi
SLPS-25760,Vitamin X: We are Super Supriment Boys
SLPS-25761,Vitamin X: We are Super Supriment Boys
SLPS-25762,Metal Slug Complete
SLPS-25763,Shin Bokujou Monogatari: Pure Innocent Life
SLPS-25764,Busou Renkin: Youkoso Papillon Park e
SLPS-25765,"KOF: Maximum Impact Regulation ""A"""
SLPS-25766,Orange Honey: Boku wa Kimi ni Koi shiteru
SLPS-25767,Orange Honey: Boku wa Kimi ni Koi shiteru
SLPS-25768,Naruto Shippuuden: Narutimate Accel
SLPS-25769,Pro Yakyuu: Netsu Star 2007
SLPS-25770,Rakushou! Pachi-Slot Sengen 5: Rio Paradise
SLPS-25771,GrimGrimoire
SLPS-25772,GrimGrimoire
SLPS-25773,Tales of Fandom Vol. 2: Tear Version
SLPS-25774,Tales of Fandom Vol. 2: Luke Version
SLPS-25775,The Magician's Academy
SLPS-25776,Pachitte Chonmage Tatsujin 12: Pachinko Ultraman
SLPS-25777,Sumomomo Momomo: Chijou Saikyou no Yome: Keishou Shimasho!? Koi no Hanamuko Soudatsu-sen!!
SLPS-25778,Sumomomo Momomo: Chijou Saikyou no Yome: Keishou Shimasho!? Koi no Hanamuko Soudatsu-sen!!
SLPS-25779,KOF2: Maximum Impact II
SLPS-25780,Nodame Cantabile
SLPS-25781,NeoGeo Online Collection Vol. 8: Fuuun Super Combo
SLPS-25782,World Heroes Gorgeous: NeoGeo Online Collection Vol. 9
SLPS-25783,"King of Fighters '98 Ultimate Match, The: NeoGeo Online Collection Vol. 10"
SLPS-25784,Another Century's Episode 3: The Final
SLPS-25786,Hisshou Pachinko Pachi-Slot Kouryaku Series Vol. 10: CR Shin Seiki Evangelion: Kiseki no Kachi wa
SLPS-25787,Pachi Para 14: Kaze to Kumo to Super Umi in Okinawa
SLPS-25788,Metal Slug
SLPS-25789,The King of Fighters XI
SLPS-25790,Ryuuko no Ken: Ten-Chi-Jin [SNK Best Collection]
SLPS-25791,"King of Fighters Orochi-hen, The: NeoGeo Online Collection the Best"
SLPS-25792,"NeoGeo Online Collection Vol. 2: Bakumatsu Roman: Gekka no Kenshi 1, 2"
SLPS-25793,NeoGeo Online Collection Vol. 1: Garou: Mark of the Wolves
SLPS-25794,Cluster Edge [Best Collection]
SLPS-25795,School Rumble Nigakki: Kyoufu no Natsu Gasshuku! Youkan ni Yuurei Arawaru!? Otakara o Megutte Makkou Shoubu!!! no Maki
SLPS-25796,Ore no Shita de Agake
SLPS-25797,Ikki Tousen Shining Dragon [Gentei Bakuretsu Pack]
SLPS-25798,Ikki Tousen Shining Dragon
SLPS-25799,Ultraman: Fighting Evolution 3
SLPS-25800,Ultraman Fighting Evolution Rebirth: Banpresto Best
SLPS-25801,Kyou kara Maou! Shin Makoku no Kyuujitsu
SLPS-25802,Kyou kara Maou! Shin Makoku no Kyuujitsu
SLPS-25803,xxxHOLiC: Watanuki no Izayoi Souwa
SLPS-25804,Dear My Sun!! Musuko Ikusei Capriccio
SLPS-25806,Kateikyoushi Hitman Reborn! Dream Hyper Battle!
SLPS-25807,Saint Beast: Rasen no Shou
SLPS-25808,Saint Beast: Rasen no Shou
SLPS-25809,Gintama: Gin-san to Issho! Boku no Kabuki-chou Nikki
SLPS-25810,Dear My Sun!! Musuko Ikusei Capriccio
SLPS-25811,Happiness! De-Lucks [Best Collection]
SLPS-25812,Tori no Hoshi: Aerial Planet
SLPS-25813,"Hisshou Pachinko Pachi-Slot Kouryaku Series Vol. 11: Shin Seiki Evangelion: Magokoro o, Kimi ni"
SLPS-25814,Future GPX Cyber Formula: Road to the Infinity 4
SLPS-25815,Dragon Ball Z: Sparking! Meteor
SLPS-25816,Yamasa Digi World Collaboration SP: Pachi-Slot Ridge Racer
SLPS-25817,Bakumatsu Renka: Karyuu Kenshiden
SLPS-25818,Bakumatsu Renka: Karyuu Kenshiden
SLPS-25819,Ar tonelico II: Sekai ni Hibiku Shoujo-tachi no Metafalica
SLPS-25820,Katekyoo Hitman Reborn! Let's Ansatsu!? Nerawareta 10-daime!
SLPS-25821,Suzumiya Haruhi no Tomadoi
SLPS-25822,Suzumiya Haruhi no Tomadoi
SLPS-25823,Spider-Man 3
SLPS-25825,Zero no Tsukaima: Koakuma to Harukaze no Concerto
SLPS-25826,My Home o Tsukurou 2: Juujitsu! Kantan Sekkei!!: Best Collection
SLPS-25827,Soukou Kihei Votoms
SLPS-25828,Pachitte Chonmage Tatsujin 13: Pachinko Hissatsu Shigotonin III
SLPS-25829,Another Century's Episode 2: Special Vocal Version
SLPS-25830,Zero no Tsukaima: Muma ga Tsumugu Yokaze no Fantasy
SLPS-25831,Zero no Tsukaima: Muma ga Tsumugu Yokaze no Fantasy
SLPS-25832,SD Gundam: GGeneration Spirits: G-Spirits
SLPS-25833,Simple 2000 Series Vol. 122: Onna no Ko Sen'you: The Ningyo-hime Monogatari: Mermaid Prism
SLPS-25834,Transformers: The Game
SLPS-25835,Super Robot Taisen OG Gaiden: Limited Collection Figure Box
SLPS-25836,Super Robot Taisen OG Gaiden
SLPS-25837,Naruto Shippuuden: Narutimate Accel 2
SLPS-25838,"Taiheiyou no Arashi: Senkan Yamato, Akatsuki ni Shutsugekisu"
SLPS-25839,NeoGeo Online Collection Vol. 12: Samurai Spirits: Rokuban Shoubu
SLPS-25840,Guitar Hero III: Legends of Rock
SLPS-25841,Tales of Destiny: Director's Cut
SLPS-25842,Tales of Destiny: Director's Cut
SLPS-25843,Tir-Na-Nog: Yuukyuu no Jin
SLPS-25844,Last Escort 2: Shin'ya no Amai Toge
SLPS-25845,Last Escort 2: Shin'ya no Amai Toge
SLPS-25847,"Amagoushi no Yakata: Ichiyanagi Nagomu, Saisho no Junan"
SLPS-25848,"Naraku no Shiro: Ichiyanagi Nagomu, 2-dome no Junan"
SLPS-25849,Sunsoft Collection: NeoGeo Online Collection Vol. 11
SLPS-25850,KimiKiss
SLPS-25851,Zettai Zetsumei Toshi 2: Itetsuita Kioku-tachi
SLPS-25852,PachiPara 13: Super Umi to Pachi-Pro Fuuunroku: Irem Collection
SLPS-25853,Pachitte Chonmage Tatsujin 14: Pachinko Kamen Rider: Shocker Zenmetsu Daisakusen
SLPS-25854,Poison Pink
SLPS-25855,Battle of Sunrise
SLPS-25856,Lara Croft Tomb Raider: Anniversary
SLPS-25858,Shakugan no Shana [Dengeki SP]
SLPS-25859,Orange Honey: Boku wa Kimi ni Koi shiteru
SLPS-25860,Code Geass: Hangyaku no Lelouch: Lost Colors
SLPS-25861,Hisshou Pachinko Pachi-Slot Kouryaku Series Vol. 10: CR Shinseiki Evangelion: Kiseki no Kachi: Special Price
SLPS-25862,Hisshou Pachinko Pachi-Slot Kouryaku Series Vol. 5: CR Shin Seiki Evangelion 2nd Impact & Pachi-Slot Shin Seiki Evangelion
SLPS-25863,Garou Densetsu Battle Archive 1(NeoGeo Online Collection Vol.5 The Best)
SLPS-25864,NeoGeo Online Collection Vol. 6: Garou Densetsu Battle Archives 2
SLPS-25865,NeoGeo Online Collection Vol. 7: The King of Fighters: Nests
SLPS-25866,NeoGeo Online Collection Vol. 8: Fuuun Super Combo
SLPS-25867,Hanayoi Romanesque: Ai to Kanashimi: Sore wa Kimi no Tame no Aria
SLPS-25868,Hanayoi Romanesque: Ai to Kanashimi: Sore wa Kimi no Tame no Aria
SLPS-25869,"Hisshou Pachinko Pachi-Slot Kouryaku Series Vol. 12: CR Shin Seiki Evangelion: Shito, Futatabi"
SLPS-25870,Drastic Killer
SLPS-25871,Drastic Killer
SLPS-25872,Daisenryaku: Daitoua Kouboushi: Tora Tora Tora Ware Kishuu ni Seikou Seri
SLPS-25874,Simple 2000 Series Vol. 123: The Office Love Jikenbo: Reijou Tantei
SLPS-25875,xxxHolic: Watanuki no Izayoi Souwa [Best Collection]
SLPS-25876,Shin Bokujou Monogatari: Pure: Innocent Life
SLPS-25877,Busou Renkin: Youkoso Papillon Park e
SLPS-25879,Bully
SLPS-25880,True Fortune
SLPS-25881,Kinnikuman: Muscle Grand Prix 2: Tokumori
SLPS-25882,Ikki Tousen: Shining Dragon
SLPS-25883,Katekyoo Hitman Reborn! Nerae!? Ring x Vongola Trainers
SLPS-25884,GrimGrimoire
SLPS-25886,Guitar Hero: Aerosmith on Tour [with Guitar]
SLPS-25887,Super Robot Taisen Z
SLPS-25888,Star Wars: The Force Unleashed
SLPS-25889,Guitar Hero: Aerosmith
SLPS-25890,Guitar Hero III: Legend of Rock (With Guitar)
SLPS-25891,"Nogizaka Haruka no Himitsu: Cosplay, Hajimemashita"
SLPS-25892,"Nogizaka Sunkou no Himitsu Cosplay, Hajime Mashita"
SLPS-25893,Zero no Tsukaima: Muma ga Tsumugu Yokaze no Nocturne: Best Collection
SLPS-25894,Aa Megami-sama
SLPS-25895,Soul Cradle: Sekai o Kurau Mono [The Best Price]
SLPS-25897,Zero no Tsukaima: Maigo no Period to Ikusen no Symphony
SLPS-25898,Zero no Tsukaima: Maigo no Period to Ikusen no Symphony
SLPS-25899,Katekyoo Hitman Reborn! Let's Ansatsu!? Nerawareta 10-daime!
SLPS-25900,Kidou Senshi Gundam 00: Gundam Meisters
SLPS-25901,Junjou Romantica: Koi no Doki Doki Daisakusen
SLPS-25902,Junjou Romantica: Koi no Doki Doki Daisakusen
SLPS-25903,"Magician's Academy, The: ebKore"
SLPS-25904,Katekyoo Hitman Reborn! Kindan no Yami no Delta
SLPS-25905,Dragon Ball Z: Infinite World
SLPS-25906,ADK Tamashii
SLPS-25907,Pachitte Chonmage Tatsujin 15: Pachinko Fuyu no Sonata 2
SLPS-25908,LEGO Batman: The Videogame
SLPS-25909,Hisshou Pachinko Pachi-Slot Kouryaku Series Vol. 13: Shin Seiki Evangelion: Yakusoku no Toki
SLPS-25910,Katekyoo Hitman Reborn! Dream Hyper Battle! Shinu Ki no Honoo to Kuroki Kioku
SLPS-25911,"Hisshou Pachinko Pachi-Slot Kouryaku Series Vol. 11: Shin Seiki Evangelion: Magokoro o, Kimi ni"
SLPS-25912,Soul Eater: Battle Resonance
SLPS-25913,"Naraku no Shiro: Ichiyanagi Nagomu, 2-dome no junan [The Best Price]"
SLPS-25914,Kidou Senshi Gundam Giren no Yabou: Axis no Kyoui V
SLPS-25915,The King of Fighters 2002: Unlimited Match
SLPS-25916,Shinjuku no Ookami
SLPS-25917,Sacred Blaze
SLPS-25918,Amagami
SLPS-25919,Sengoku Tenka Touitsu
SLPS-25920,Super Robot Taisen Z: Special Disc
SLPS-25921,Rakushou! Pachi-Slot Sengen 6: Rio 2 Cruising Vanadis
SLPS-25922,Vitamin Z: Welcome Our New Supplement Boys
SLPS-25923,Vitamin Z: Welcome Our New Supplement Boys
SLPS-25924,NBA 2K9
SLPS-25925,NHL 2K9
SLPS-25927,Tomb Raider: Underworld
SLPS-25928,Little Anchor
SLPS-25929,Little Anchor
SLPS-25930,Major League Baseball 2K9
SLPS-25931,Katekyoo Hitman Reborn! Nerae!? Ring x Vongola Trainers
SLPS-25932,Evangelion: Jo
SLPS-25933,World Heroes Gorgeous: NeoGeo Online Collection the Best
SLPS-25934,NeoGeo Online Collection Vol. 12: Samurai Spirits: Rokuban Shoubu
SLPS-25935,NeoGeo Online Collection Vol. 10: The King of Fighters '98: Ultimate Match
SLPS-25936,NeoGeo Online Collection Vol. 11: Sunsoft Collection
SLPS-25937,Metal Slug Complete
SLPS-25938,"KOF: Maximum Impact Regulation ""A"""
SLPS-25939,Himehibi: New Princess Days!! Zoku! Nigakki
SLPS-25940,Gendai Daisenryaku: Isshoku Sokuhatsu Gunji Balance Houkai
SLPS-25941,SD Gundam: GGeneration Wars
SLPS-25942,Hisshou Pachinko Pachi-Slot Kouryaku Series Vol. 14: CR Shin Seiki Evangelion: Saigo no Shisha
SLPS-25943,Hisshou Pachinko Pachi-Slot Kouryaku Series Vol. 14: CR Shin Seiki Evangelion: Saigo no Shisha
SLPS-25944,Kamen Rider: Climax Heroes
SLPS-25945,Lara Croft Tomb Raider: Legend
SLPS-25946,Lara Croft: Tomb Raider: Anniversary [Spike the Best]
SLPS-25947,Summon Night Granthese: Horobi no Tsurugi to Yakusoku no Kishi
SLPS-25948,Zero no Tsukaima: Maigo no Period to Ikusen no Symphony: Best Collection
SLPS-25950,Bully [Best of Bethesda]
SLPS-25952,Katekyou Hitman Reborn! Kindan no Yami no Delta: Best Collection
SLPS-25953,Daisenryaku VII: Exceed
SLPS-25954,A Taiheiyou no Arashi: Senkan Yamatokatsuki ni Shutsugeki su!
SLPS-25955,Moe Moe 2-Ji Taisen (Ryaku) 2
SLPS-25956,Moe Moe 2: Ji Daisenryaku 2
SLPS-25957,Last Escort: Club Katze
SLPS-25958,Last Escort: Club Katze
SLPS-25959,Kidou Senshi Gundam: Gihren no Yabou: Axis no Kyoui V
SLPS-25960,SD Gundam G Generation Spirits: Gundam 30th Anniversary Collection
SLPS-25961,Kidou Senshi Gundam Seed Destiny: Rengou vs. Z.A.F.T. II Plus
SLPS-25962,Kidou Senshi Gundam 00: Gundam Meisters: Gundam 30th Anniversary Collection
SLPS-25964,NeoGeo Online Collection Complete Box Gekkan
SLPS-25968,The King of Fighters: Maximum Impact Regulation A (SNK Best Collection)
SLPS-25971,"NeoGeo Online Collection Vol. 2: Bakumatsu Roman: Gekka no Kenshi 1, 2"
SLPS-25972,NeoGeo Online Collection Vol. 3: The King of Fighters: Orochi
SLPS-25973,NeoGeo Online Collection Vol. 7: The King of Fighters: Nests
SLPS-25974,NeoGeo Online Collection Vol. 8: Fuuun Super Combo
SLPS-25975,NeoGeo Online Collection Vol. 9: World Heroes Gorgeous
SLPS-25976,NeoGeo Online Collection Vol. 10: The King of Fighters '98: Ultimate Match
SLPS-25977,Moe Moe 2-Ji Taisen (Ryaku) Deluxe
SLPS-25978,"Shin Master of Monsters Final EX: Mukunaru Nageki, Tenmei no Saika"
SLPS-25979,Kaeru Batake de Tsukamaete
SLPS-25980,Pachitte Chonmage Tatsujin 16: Pachinko Hissatsu Shigotojin III: Matsuri Version
SLPS-25981,Daisenryaku: Daitoua Kouboushi: Tora Tora Tora Ware Kishuu ni Seikou Seri
SLPS-25982,Tir Na Nog: Yuukyuu no Jin
SLPS-25983,The King of Fighters 2002: Unlimited Match: Tougeki Ver.
SLPS-25986,Lara Croft: Tomb Raider: Underworld [Spike the Best]
SLPS-25987,Amagami
SLPS-25988,Kaeru Batake de Tsukamaete: Natsu Chigira Sansen!
SLPS-25989,Amagami
SLPS-26165,Gunvari Collection + Time Crisis With GunCon 2
SLPS-29001,Xenosaga Episode I: Der Wille zur Macht
SLPS-29002,Xenosaga Episode I: Der Wille zur Macht
SLPS-29003,The Lord of the Rings: Futatsu no Tou
SLPS-29004,The Lord of the Rings: Futatsu no Tou
SLPS-29005,Xenosaga Episode I Reloaded: Der Wille zur Macht
SLPS-51011,Raging Bless: Gouma Mokushiroku
SLPS-55013,Legacy of Kain: Soul Reaver 2
SLPS-62091,Ring of Red (Konami The Best)
SLPS-62118,Bomberman Kart
SLPS-62291,Bomberman Land 2: Game Shijou Saidai no Theme Park
SLPS-62311,Bomberman Kart (Hudson the Best)
SLPS-62478,Bomberman Kart DX
SLPS-62503,Bomberman Battles
SLPS-62599,Bomberman Kart DX (Hudson the Best)
SLPS-62643,Bomberman Land 3
SLPS-62763,Bomberman Land 3 (Hudson Best)
SLPS-65438,Star Ocean: Till the End of Time: Director's Cut (Disc 1)
SLPS-65439,Star Ocean: Till the End of Time: Director's Cut (Disc 2)
SLPS-65921,Pia Carrot e Youkoso!! 3: Round Summer (Best Version)
SLPS-66060,Boukoku no Aegis 2035: Warship Gunner
SLPS-66529,Boukoku no Aegis 2035: Warship Gunner (Koei The Best)
SLPS-66620,Higurashi no Naku Koro ni Matsuri
SLPS-66939,Boukoku no Aegis 2035: Warship Gunner (Koei Selection)
SLPS-71501,Tekken Tag Tournament
SLPS-71502,Ridge Racer V
SLPS-72231,.Hack Akunshou Heni Vol.2 (Playstation 2 The Best)
SLPS-72501,Final Fantasy X
SLPS-72502,Tales of Destiny 2
SLPS-73001,Pilot ni Narou! 2
SLPS-73002,Kengou
SLPS-73003,Bokujou Monogatari 3: Heart ni Hi o Tsukete
SLPS-73004,Gambler Densetsu Tetsuya
SLPS-73005,Guilty Gear X Plus
SLPS-73006,Time Crisis II: PlayStation 2 the Best
SLPS-73007,Kamaitachi no Yoru 2: Kangoku-jima no Warabe-uta: Special Eizou
SLPS-73101,Kotoba no Puzzle: Mojipittan
SLPS-73102,Bokujou Monogatari 3: Heart ni Hi o Tsukete
SLPS-73103,Makai Senki Disgaea
SLPS-73104,Tekken Tag Tournament
SLPS-73105,Kinnikuman Generations
SLPS-73106,Pilot ni Narou! 2
SLPS-73107,Taiko no Tatsujin: Go! Go! Godaime
SLPS-73108,Phantom Brave: 2-shuume Hajimemashita.
SLPS-73109,Bokujou Monogatari 3: Heart ni Hi o Tsukete
SLPS-73110,Taiko no Tatsujin: Appare Sandaime (Playstation 2 The Best)
SLPS-73111,Taiko no Tatsujin: Waku Waku Anime Matsuri
SLPS-73201,Zero: Akai Chou
SLPS-73202,Armored Core: Nexus: PlayStation 2 the Best (Disc 1)
SLPS-73203,Armored Core: Nexus: PlayStation 2 the Best (Disc 2)
SLPS-73204,Zettai Zetsumei Toshi
SLPS-73205,Ace Combat 04: Shattered Skies
SLPS-73206,Dai-2-Ji Super Robot Taisen Alpha
SLPS-73207,Dragon Ball Z
SLPS-73208,Dragon Ball Z 2
SLPS-73209,Tekken 4
SLPS-73210,Katamari Damacy
SLPS-73211,Summon Night 3
SLPS-73212,Naruto: Narutimate Hero
SLPS-73214,Shadow Hearts II: Director's Cut (Disc 1)
SLPS-73215,Shadow Hearts II: Director's Cut (Disc 2)
SLPS-73216,Magna Carta
SLPS-73217,Tales of Symphonia
SLPS-73218,Ace Combat 5: The Unsung War
SLPS-73219,Tales of Destiny 2
SLPS-73220,Ultraman
SLPS-73221,Naruto: Narutimate Hero 2
SLPS-73222,Bokujou Monogatari: Oh! Wonderful Life
SLPS-73223,Tekken 5
SLPS-73224,Xenosaga Episode II: Jenseits von Gut und Bose (Disc 1)
SLPS-73225,Xenosaga Episode II: Jenseits von Gut und Bose (Disc 2)
SLPS-73226,Tenchu Kurenai
SLPS-73227,Another Century's Episode
SLPS-73229,TearRingSaga Series: Berwick Saga: Lazberia Chronicle Chapter 174
SLPS-73230,Dot Hack Kansen Kakudai Vol. 1
SLPS-73231,Dot Hack Akusei Hen'i Vol. 2
SLPS-73232,Dot Hack Shinshoku Osen Vol. 3
SLPS-73233,Dot Hack Zettai Houi Vol. 4
SLPS-73234,Kidou Senshi Z Gundam: AEUG vs. Titans: PlayStation 2 the Best
SLPS-73235,Dragon Ball Z 3
SLPS-73236,Venus & Braves: Majo to Megami to Horobi no Yogen
SLPS-73237,Tenchu 3
SLPS-73238,Dai-3-Ji Super Robot Taisen Alpha: Shuuen no Ginga e: PlayStation 2 the Best
SLPS-73239,Yuu Yuu Hakusho Forever: PlayStation 2 the Best
SLPS-73240,Katamari Damacy
SLPS-73241,Minna Daisuki Katamari Damacy
SLPS-73242,Tales of Legendia
SLPS-73243,Namco X Capcom [PlayStation 2 the Best]
SLPS-73244,R-Type Final
SLPS-73245,Zero: Shisei no Koe
SLPS-73246,Gundam True Odyssey: Ushinawareshi G no Densetsu
SLPS-73247,Armored Core: Last Raven
SLPS-73248,Kagero II: Dark Illusion
SLPS-73249,Ar tonelico: Sekai no Owari de Utai Tsuzukeru Shoujo
SLPS-73250,Ace Combat Zero: The Belkan War
SLPS-73251,Naruto: Narutimate Hero 3
SLPS-73252,Tales of the Abyss
SLPS-73253,Rurouni Kenshin: Meiji Kenkaku Romantan: Enjou! Kyoto Rinne
SLPS-73254,Makai Senki Disgaea 2
SLPS-73255,Zero
SLPS-73256,Zero: Akai Chou
SLPS-73257,Zero: Shisei no Koe
SLPS-73258,Kenka Banchou 2: Full Throttle
SLPS-73259,Dot Hack G.U. Vol. 1: Saitan
SLPS-73262,Super Robot Taisen OG: Original Generations: PlayStation 2 the Best
SLPS-73263,Ar tonelico II: Sekai ni Hibiku Shoujo-tachi no Metafalica
SLPS-73264,Suzumiya Haruhi no Tomadoi
SLPS-73265,Kagero II: Dark Illusion
SLPS-73266,Dot Hack G.U. Vol. 2: Kimi Omou Koe
SLPS-73267,Dot Hack G.U. Vol. 3: Aruku You na Hayasa de
SLPS-73268,Kidou Senshi Gundam: Ghiren no Yabou: Axis no Kyoui V: PlayStation 2 the Best
SLPS-73269,Kidou Senshi Gundam SEED Destiny: Rengou vs. Z.A.F.T. II Plus: PlayStation 2 the Best
SLPS-73270,Super Robot Taisen Z: PlayStation 2 the Best
SLPS-73401,Hajime no Ippo: Victorious Boxers: Championship Version
SLPS-73402,Shutokou Battle 0
SLPS-73403,Armored Core 2: PlayStation 2 the Best
SLPS-73404,Kaze no Klonoa 2: Sekai ga Nozonda Wasuremono
SLPS-73405,Zero
SLPS-73406,DOA2: Hardcore
SLPS-73407,Sidewinder Max
SLPS-73408,7 (Seven): Molmorth no Kiheitai
SLPS-73409,Exciting Pro Wres 3
SLPS-73410,Ace Combat 04: Shattered Skies
SLPS-73411,Armored Core 2: Another Age
SLPS-73412,Vampire Night
SLPS-73413,Kamaitachi no Yoru 2: Kangoku-jima no Warabe-uta
SLPS-73414,Tekken 4: PlayStation 2 the Best (SLPS-73414)
SLPS-73415,Gallop Racer 6: Revolution
SLPS-73416,Super Robot Taisen Impact
SLPS-73417,Armored Core 3
SLPS-73418,Shadow Hearts
SLPS-73419,Lupin Sansei: Majutsu-ou no Isan
SLPS-73420,Armored Core 3: Silent Line
SLPS-73421,Tenchu 3
SLPS-73422,Ultraman: Fighting Evolution 2
SLPS-73423,Monster Farm 4
SLPS-73424,Guilty Gear XX: The Midnight Carnival
SLPS-73901,Xenosaga Episode I: Der Wille zur Macht
SLPS-74101,Bomberman Land 2: Game Shijou Saidai no Theme Park (Playstation 2 The Best)
SLPS-99999,Without Warning
SLSP-73220,Ultraman: PlayStation 2 the Best
SLUS-00000,Tekken 4
SLUS-12345,XIII
SLUS-20001,Tekken Tag Tournament
SLUS-20002,Ridge Racer V
SLUS-20003,Portal Runner
SLUS-20004,Army Men: Air Attack 2
SLUS-20005,World Destruction League: Thunder Tanks
SLUS-20006,Warriors of Might and Magic
SLUS-20007,World Destruction League: WarJetz
SLUS-20008,All-Star Baseball 2002
SLUS-20011,Orphen: Scion of Sorcery
SLUS-20012,Supercar Street Challenge
SLUS-20013,Tony Hawk's Pro Skater 3
SLUS-20014,Armored Core 2
SLUS-20015,Eternal Ring
SLUS-20016,Evergrace
SLUS-20017,Maximo: Ghosts to Glory
SLUS-20018,Onimusha: Warlords
SLUS-20021,Kengo: Master of Bushido
SLUS-20024,Blood Omen 2: The Legacy of Kain Series
SLUS-20028,The Operative: No One Lives Forever
SLUS-20029,Top Gear DareDevil
SLUS-20032,Real Pool
SLUS-20034,Unreal Tournament
SLUS-20035,Baldur's Gate: Dark Alliance
SLUS-20037,RLH: Run Like Hell
SLUS-20039,Top Gear Dare Devil
SLUS-20040,Gradius III and IV
SLUS-20041,ESPN International Track & Field
SLUS-20042,LEGO Racers 2
SLUS-20043,Star Wars: Super Bombad Racing
SLUS-20044,Star Wars: Starfighter
SLUS-20045,The Legend of Alon D'ar
SLUS-20047,Gauntlet: Dark Legacy
SLUS-20048,Legion: The Legend of Excalibur
SLUS-20049,MLB SlugFest 2003
SLUS-20050,NBA Hoopz
SLUS-20051,NFL Blitz 2002
SLUS-20054,Ready 2 Rumble Boxing: Round 2
SLUS-20056,SpyHunter
SLUS-20058,MotoGP
SLUS-20062,Grand Theft Auto III
SLUS-20063,Midnight Club: Street Racing
SLUS-20064,Oni
SLUS-20065,Smuggler's Run
SLUS-20066,Half-Life
SLUS-20069,The Bouncer
SLUS-20070,Q-Ball: Billiards Master
SLUS-20071,DOA2: Hardcore
SLUS-20072,MX 2002 featuring Ricky Carmichael
SLUS-20073,Red Faction
SLUS-20074,Summoner
SLUS-20075,Walt Disney's The Jungle Book: Rhythm n' Groove
SLUS-20076,Disney's Tarzan: Untamed
SLUS-20077,Disney's Donald Duck: Goin' Quackers
SLUS-20078,Silent Scope
SLUS-20079,Dynasty Warriors 2
SLUS-20080,GunGriffon Blaze (Enemy AWGS disc)
SLUS-20084,Soldier of Fortune: Gold Edition
SLUS-20085,Silpheed: The Lost Planet
SLUS-20086,Commandos 2: Men of Courage
SLUS-20087,Army Men: Green Rogue
SLUS-20088,Fur Fighters: Viggo's Revenge
SLUS-20089,ESPN Winter X Games Snowboarding
SLUS-20090,TimeSplitters
SLUS-20091,4x4 Evo
SLUS-20092,Surfing H3O
SLUS-20093,Madden NFL 2001
SLUS-20094,X Squad
SLUS-20095,SSX
SLUS-20096,Swing Away Golf
SLUS-20097,FIFA 2001
SLUS-20098,Kessen
SLUS-20099,Theme Park Roller Coaster
SLUS-20100,NHL 2001
SLUS-20101,NASCAR 2001
SLUS-20102,NBA Live 2001
SLUS-20103,F1 Championship Season 2000
SLUS-20104,Tiger Woods PGA Tour 2001
SLUS-20105,MDK2: Armageddon
SLUS-20108,Wild Wild Racing
SLUS-20109,Rune: Viking Warlord
SLUS-20111,Deus Ex: The Conspiracy
SLUS-20112,Star Trek: Shattered Universe
SLUS-20113,Driving Emotion Type-S
SLUS-20114,The Simpsons Skateboarding
SLUS-20115,Super Bust-A-Move
SLUS-20128,ESPN MLS ExtraTime
SLUS-20130,Street Fighter EX3
SLUS-20131,Dark Angel: Vampire Apocalypse
SLUS-20132,Army Men: Sarge's Heroes 2
SLUS-20133,High Heat Major League Baseball 2002
SLUS-20134,Sky Odyssey
SLUS-20136,Barbarian
SLUS-20138,Rayman 2: Revolution
SLUS-20140,NHL Hitz 2002
SLUS-20141,CART Fury: Championship Racing
SLUS-20143,ESPN NBA 2Night
SLUS-20144,Metal Gear Solid 2: Sons of Liberty
SLUS-20145,Ring of Red
SLUS-20146,Shadow of Destiny
SLUS-20147,Aliens Versus Predator: Extinction
SLUS-20148,Zone of the Enders
SLUS-20149,Tribes: Aerial Assault
SLUS-20150,Knockout Kings 2001
SLUS-20151,Klonoa 2: Lunatea's Veil
SLUS-20152,Ace Combat 04: Shattered Skies
SLUS-20153,RC Revenge Pro
SLUS-20154,NFL QB Club 2002
SLUS-20158,Heroes of Might and Magic: Quest for the DragonBone Staff
SLUS-20159,Dave Mirra Freestyle BMX 2
SLUS-20160,WinBack: Covert Operations
SLUS-20162,Aqua Aqua
SLUS-20164,Project Eden
SLUS-20165,Legacy of Kain: Soul Reaver 2
SLUS-20166,ESPN National Hockey Night
SLUS-20167,Quake III: Revolution
SLUS-20168,Triple Play Baseball
SLUS-20169,Ephemeral Fantasia
SLUS-20170,The Adventures of Cookie & Cream
SLUS-20171,Vehicular Combat League Presents: Motor Mayhem
SLUS-20172,Pryzm: Chapter One: The Dark Unicorn
SLUS-20173,Unison: Rebels of Rhythm & Dance
SLUS-20174,Rumble Racing
SLUS-20175,Mobile Suit Gundam: Journey to Jaburo
SLUS-20176,NASCAR Heat 2002
SLUS-20177,Test Drive Off-Road: Wide Open
SLUS-20178,Giants: Citizen Kabuto
SLUS-20179,The X-Files: Resist or Serve
SLUS-20181,Escape from Monkey Island
SLUS-20182,Stretch Panic
SLUS-20184,Resident Evil: Code: Veronica X
SLUS-20186,Monster Jam: Maximum Destruction
SLUS-20187,NBA Street
SLUS-20189,Tokyo Xtreme Racer: Zero
SLUS-20190,Monster Rancher 3
SLUS-20191,Defender
SLUS-20194,Grandia II
SLUS-20195,Dragon Rage
SLUS-20196,Soccer America: International Cup
SLUS-20197,Pac-Man Fever
SLUS-20198,FireBlade
SLUS-20199,Shaun Palmer's Pro Snowboarder
SLUS-20202,Crazy Taxi
SLUS-20204,Smuggler's Run 2: Hostile Territory
SLUS-20205,Casper: Spirit Dimensions
SLUS-20206,Army Men: RTS
SLUS-20207,Le Mans 24 Hours
SLUS-20208,Sunny Garcia Surfing
SLUS-20209,Midnight Club II
SLUS-20210,18 Wheeler: American Pro Trucker
SLUS-20211,Top Gun: Combat Zones
SLUS-20212,Bloody Roar 3
SLUS-20213,Test Drive
SLUS-20214,State of Emergency
SLUS-20216,Devil May Cry
SLUS-20217,Arctic Thunder
SLUS-20218,Stunt GP
SLUS-20219,Time Crisis II
SLUS-20220,Dead to Rights
SLUS-20221,Vampire Night
SLUS-20222,MTV Music Generator 2
SLUS-20223,Splashdown
SLUS-20224,Pac-Man World 2
SLUS-20225,Gadget Racers
SLUS-20226,Batman: Vengeance
SLUS-20227,Star Trek: Voyager: Elite Force
SLUS-20228,Silent Hill 2
SLUS-20229,Jonny Moseley Mad Trix
SLUS-20230,Max Payne
SLUS-20231,Herdy Gerdy
SLUS-20232,Thunderstrike: Operation Phoenix
SLUS-20233,Mobile Suit Gundam: Zeonic Front
SLUS-20234,MX Rider
SLUS-20235,Superman: Shadow of Apokolips
SLUS-20236,Taz: Wanted
SLUS-20237,ESPN X Games Skateboarding
SLUS-20238,Crash Bandicoot: The Wrath of Cortex
SLUS-20239,Driven
SLUS-20240,Conflict Zone: Modern War Strategy
SLUS-20241,NCAA Football 2002
SLUS-20242,Legends of Wrestling
SLUS-20243,Silent Scope 2: Dark Silhouette
SLUS-20244,Robotech: Battlecry
SLUS-20245,Jeremy McGrath Supercross World
SLUS-20246,Capcom vs. SNK 2: Mark of the Millennium 2001
SLUS-20247,Tetris Worlds
SLUS-20249,Armored Core 2: Another Age
SLUS-20250,Stuntman
SLUS-20251,Harvest Moon: Save the Homeland
SLUS-20252,UFC: Throwdown
SLUS-20253,The Mummy Returns
SLUS-20255,Gallop Racer 2001
SLUS-20257,Frogger: The Great Quest
SLUS-20259,Wizardry: Tale of the Forsaken Land
SLUS-20261,ESPN NBA 2Night 2002
SLUS-20262,Rugby
SLUS-20263,Madden NFL 2002
SLUS-20264,F1 2001
SLUS-20265,007: Agent Under Fire
SLUS-20266,NASCAR Thunder 2002
SLUS-20267,Dot Hack Part 1: Infection
SLUS-20268,Star Wars: Racer Revenge
SLUS-20270,E.O.E: Eve of Extinction
SLUS-20271,Shifters
SLUS-20272,Rayman Arena
SLUS-20273,Namco Museum
SLUS-20274,City Crisis
SLUS-20275,Kessen II
SLUS-20277,Dynasty Warriors 3
SLUS-20278,Yanya Caballista: City Skater
SLUS-20279,X-Men: Next Dimension
SLUS-20280,FIFA Soccer 2002
SLUS-20281,NHL 2002
SLUS-20282,Victorious Boxers: Ippo's Road to Glory
SLUS-20283,World of Outlaws: Sprint Cars 2002
SLUS-20284,Freaky Flyers
SLUS-20285,MotoGP 2
SLUS-20286,Smash Court Tennis: Pro Tournament
SLUS-20287,Guilty Gear X
SLUS-20288,GoDai: Elemental Force
SLUS-20291,Big Mutha Truckers
SLUS-20292,Tsugunai: Atonement
SLUS-20293,Star Wars: Jedi Starfighter
SLUS-20294,Gitaroo Man
SLUS-20296,Kao the Kangaroo: Round 2
SLUS-20297,Return to Castle Wolfenstein: Operation Resurrection
SLUS-20298,High Heat Major League Baseball 2003
SLUS-20299,Street Hoops
SLUS-20300,Dark Summit
SLUS-20301,Hidden Invasion
SLUS-20302,XGIII: Extreme G Racing
SLUS-20303,NBA Live 2002
SLUS-20305,The Simpsons: Road Rage
SLUS-20306,Contra: Shattered Soldier
SLUS-20307,Burnout
SLUS-20308,ESPN NFL PrimeTime 2002
SLUS-20309,Jade Cocoon 2
SLUS-20310,Gravity Games Bike: Street. Vert. Dirt.
SLUS-20311,All-Star Baseball 2003 featuring Derek Jeter
SLUS-20312,Final Fantasy X
SLUS-20313,Wave Rally
SLUS-20314,TimeSplitters 2
SLUS-20315,Spyro: Enter the Dragonfly
SLUS-20316,WWF SmackDown! Just Bring It
SLUS-20318,King's Field: The Ancient City
SLUS-20319,Romance of the Three Kingdoms VII
SLUS-20320,ESPN International Winter Sports 2002
SLUS-20321,Winter X Games Snowboarding 2002
SLUS-20322,NFL 2K2
SLUS-20323,Virtua Fighter 4
SLUS-20324,Paris-Dakar Rally
SLUS-20325,Bass Strike
SLUS-20326,SSX Tricky
SLUS-20327,Aggressive Inline
SLUS-20328,Tekken 4
SLUS-20329,Pro Race Driver
SLUS-20330,NBA 2K2
SLUS-20331,Minority Report: Everybody Runs
SLUS-20332,NCAA March Madness 2002
SLUS-20333,Turok: Evolution
SLUS-20334,Kelly Slater's Pro Surfer
SLUS-20335,Mat Hoffman's Pro BMX 2
SLUS-20336,Spider-Man
SLUS-20337,X2: Wolverine's Revenge
SLUS-20339,Sega Bass Fishing Duel
SLUS-20340,RPG Maker II
SLUS-20341,Woody Woodpecker
SLUS-20342,Top Angler: Real Bass Fishing
SLUS-20343,Forever Kingdom
SLUS-20344,Rez
SLUS-20345,Mike Tyson Heavyweight Boxing
SLUS-20346,AirBlade
SLUS-20347,Shadow Hearts
SLUS-20348,Monopoly Party
SLUS-20349,Scooby-Doo! Night of 100 Frights
SLUS-20352,Looney Tunes: Space Race
SLUS-20354,RedCard 20-03
SLUS-20355,Tom and Jerry in War of the Whiskers
SLUS-20356,TransWorld Surf
SLUS-20357,WTA Tour Tennis
SLUS-20358,Malice
SLUS-20360,Blade II
SLUS-20361,Rally Fusion: Race of Champions
SLUS-20362,Need for Speed: Hot Pursuit 2
SLUS-20363,Sled Storm
SLUS-20364,Tiger Woods PGA Tour 2002
SLUS-20365,Pirates: The Legend of Black Kat
SLUS-20366,Triple Play 2002
SLUS-20367,Freekstyle
SLUS-20368,Medal of Honor: Frontline
SLUS-20369,Knockout Kings 2002
SLUS-20370,Kingdom Hearts
SLUS-20371,The Thing
SLUS-20373,Men in Black II: Alien Escape
SLUS-20374,Hitman 2: Silent Assassin
SLUS-20375,Mister Mosquito
SLUS-20376,Mad Maestro!
SLUS-20377,Metropolismania
SLUS-20378,Salt Lake 2002
SLUS-20379,James Cameron's Dark Angel
SLUS-20380,Jurassic Park: Operation Genesis
SLUS-20381,MX SuperFly
SLUS-20382,Mobile Suit Gundam: Federation vs. Zeon
SLUS-20383,Vexx
SLUS-20384,SkyGunner
SLUS-20385,WWE Crush Hour
SLUS-20386,Lethal Skies: Elite Pilot: Team SW
SLUS-20387,Suikoden III
SLUS-20388,Fatal Frame
SLUS-20389,Endgame
SLUS-20390,Risk: Global Domination
SLUS-20391,The Terminator: Dawn of Fate
SLUS-20392,Antz Extreme Racing
SLUS-20393,Onimusha 2: Samurai's Destiny
SLUS-20394,Ecco the Dolphin: Defender of the Future
SLUS-20395,Global Touring Challenge: Africa
SLUS-20397,Tenchu: Wrath of Heaven
SLUS-20398,Road Trip
SLUS-20399,MTX Mototrax
SLUS-20400,Mission: Impossible: Operation Surma
SLUS-20402,Britney's Dance Beat
SLUS-20403,Evil Dead: A Fistful of Boomstick
SLUS-20404,2002 FIFA World Cup
SLUS-20405,Downforce
SLUS-20406,Pride FC: Fighting Championships
SLUS-20407,Way of the Samurai
SLUS-20408,Pitfall: The Lost Expedition
SLUS-20409,Total Immersion Racing
SLUS-20412,Hot Wheels: Velocity X: Maximum Justice
SLUS-20413,Shadow Man: 2econd Coming
SLUS-20414,Legaia 2: Duel Saga
SLUS-20415,BMX XXX
SLUS-20416,Headhunter
SLUS-20417,Grandia Xtreme
SLUS-20418,Wakeboarding Unleashed featuring Shaun Murray
SLUS-20419,WRC: World Rally Championship
SLUS-20420,Star Wars: Bounty Hunter
SLUS-20421,Battlestar Galactica
SLUS-20422,Hulk
SLUS-20423,Mortal Kombat: Deadly Alliance
SLUS-20424,The Scorpion King: Rise of the Akkadian
SLUS-20425,Nickelodeon SpongeBob SquarePants: Revenge of the Flying Dutchman
SLUS-20428,Fisherman's Bass Club
SLUS-20429,RS: Riding Spirits
SLUS-20430,Savage Skies
SLUS-20431,Wreckless: The Yakuza Missions
SLUS-20433,SWAT: Global Strike Team
SLUS-20434,Myst III: Exile
SLUS-20435,Armored Core 3
SLUS-20436,Guilty Gear X2
SLUS-20437,DDRMAX: Dance Dance Revolution
SLUS-20438,NHL Hitz 2003
SLUS-20439,Futurama
SLUS-20440,Kya: Dark Lineage
SLUS-20441,NASCAR: Dirt to Daytona
SLUS-20442,Red Faction II
SLUS-20443,Nickelodeon Rugrats: Royal Ransom
SLUS-20445,Robot Alchemic Drive
SLUS-20446,Agassi Tennis Generation
SLUS-20448,Summoner 2
SLUS-20452,Egg Mania: Eggstreme Madness
SLUS-20453,NCAA College Football 2K3
SLUS-20454,Enter the Matrix
SLUS-20455,F1 2002
SLUS-20456,Soccer Mania
SLUS-20457,NFL 2K3
SLUS-20458,Dr. Muto
SLUS-20459,Shinobi
SLUS-20460,Super Bust-A-Move 2
SLUS-20461,BloodRayne
SLUS-20462,WipEout Fusion
SLUS-20463,Dropship: United Peace Force
SLUS-20464,Fugitive Hunter: War on Terror
SLUS-20465,Alter Echo
SLUS-20466,Gravenville: Ghost Master Chronicles
SLUS-20467,Lara Croft Tomb Raider: The Angel of Darkness
SLUS-20468,Dynasty Tactics
SLUS-20469,Xenosaga Episode I: Der Wille zur Macht
SLUS-20470,EverQuest: Online Adventures
SLUS-20471,Rygar: The Legendary Adventure
SLUS-20472,Micro Machines
SLUS-20473,Nickelodeon Rocket Power: Beach Bandits
SLUS-20474,NFL Blitz 2003
SLUS-20475,Dual Hearts
SLUS-20476,NBA 2K3
SLUS-20477,NHL 2K3
SLUS-20478,Disney's PK: Out of the Shadows
SLUS-20480,Sega Sports Tennis
SLUS-20482,Sphinx and the Cursed Mummy
SLUS-20483,WWE SmackDown! Shut Your Mouth
SLUS-20484,Devil May Cry 2 (Disc 1)
SLUS-20485,Dino Stalker
SLUS-20486,Marvel vs. Capcom 2: New Age of Heroes
SLUS-20487,Mega Man X7
SLUS-20488,Star Ocean: Till the End of Time (Disc 1)
SLUS-20489,Whirl Tour
SLUS-20490,Gladius
SLUS-20491,RTX: Red Rock
SLUS-20492,Ninja Assault
SLUS-20493,Gungrave
SLUS-20494,Freestyle Metal X
SLUS-20495,Battle Engine Aquila
SLUS-20496,V-Rally 3
SLUS-20497,Burnout 2: Point of Impact
SLUS-20498,Auto Modellista
SLUS-20499,Breath of Fire: Dragon Quarter
SLUS-20500,Red Dead Revolver
SLUS-20502,Colin McRae Rally 3
SLUS-20504,Tony Hawk's Pro Skater 4
SLUS-20505,Mace Griffin: Bounty Hunter
SLUS-20506,Black & Bruised
SLUS-20507,Legends of Wrestling II
SLUS-20508,Indiana Jones and the Emperor's Tomb
SLUS-20509,Sega Soccer Slam
SLUS-20510,Star Wars: The Clone Wars
SLUS-20511,Hunter: The Reckoning: Wayward
SLUS-20513,NBA Starting Five
SLUS-20514,Silent Scope 3
SLUS-20515,Yu-Gi-Oh! The Duelists of the Roses
SLUS-20516,Shrek Super Party
SLUS-20517,Haven: Call of the King
SLUS-20519,Tak and the Power of Juju
SLUS-20520,The Lord of the Rings: The Fellowship of the Ring
SLUS-20521,Mystic Heroes
SLUS-20522,The King of Route 66
SLUS-20523,"Crouching Tiger, Hidden Dragon"
SLUS-20524,Fighter Maker 2
SLUS-20525,eJay Clubworld: The Music Making Experience
SLUS-20527,Butt-Ugly Martians: Zoom or Doom!
SLUS-20528,Zapper: One Wicked Cricket
SLUS-20529,Madden NFL 2003
SLUS-20530,NCAA Football 2003
SLUS-20531,NHL 2003
SLUS-20532,Disney Golf
SLUS-20533,Shox
SLUS-20534,Cabela's Big Game Hunter
SLUS-20535,NASCAR Thunder 2003
SLUS-20536,NBA Live 2003
SLUS-20537,Nickelodeon Jimmy Neutron: Boy Genius
SLUS-20538,NCAA College Basketball 2K3
SLUS-20539,Fallout: Brotherhood of Steel
SLUS-20540,Evolution Skateboarding
SLUS-20541,NBA Ballers
SLUS-20543,The Document of Metal Gear Solid 2
SLUS-20545,Zone of the Enders: The 2nd Runner
SLUS-20546,Evolution Snowboarding
SLUS-20547,Cubix Robots for Everyone: Showdown
SLUS-20548,Sub Rebellion
SLUS-20549,Conflict: Desert Storm
SLUS-20550,True Crime: Streets of LA
SLUS-20552,Grand Theft Auto: Vice City
SLUS-20553,Fisherman's Challenge
SLUS-20554,Metal Gear Solid 2: Substance
SLUS-20555,Reel Fishing III
SLUS-20556,Reign of Fire
SLUS-20558,Ferrari F355 Challenge
SLUS-20559,Rocky
SLUS-20560,Galerians: Ash
SLUS-20561,Disaster Report
SLUS-20562,Dot Hack Part 2: Mutation
SLUS-20563,Dot Hack Part 3: Outbreak
SLUS-20564,Dot Hack Part 4: Quarantine
SLUS-20565,Champions of Norrath
SLUS-20566,Buffy the Vampire Slayer: Chaos Bleeds
SLUS-20567,P.T.O. IV: Pacific Theater of Operations
SLUS-20568,Hard Hitter Tennis
SLUS-20569,All-Star Baseball 2004 featuring Derek Jeter
SLUS-20570,ATV: Quad Power Racing 2
SLUS-20571,TY the Tasmanian Tiger
SLUS-20572,Tiger Woods PGA Tour 2003
SLUS-20573,The Sims
SLUS-20574,NCAA March Madness 2003
SLUS-20575,LEGO Island Xtreme Stunts
SLUS-20576,Harry Potter and the Chamber of Secrets
SLUS-20577,Drome Racers
SLUS-20578,The Lord of the Rings: The Two Towers
SLUS-20579,007: Nightfire
SLUS-20580,FIFA Soccer 2003
SLUS-20582,SRS: Street Racing Syndicate
SLUS-20584,Speed Kings
SLUS-20585,The Powerpuff Girls: Relish Rampage
SLUS-20586,IHRA Drag Racing 2
SLUS-20587,Driv3r
SLUS-20588,Activision Anthology
SLUS-20590,SpyHunter 2
SLUS-20591,Dragon Ball Z: Budokai
SLUS-20592,HSX: HyperSonic.Xtreme
SLUS-20593,Magic Pengel: The Quest for Color
SLUS-20595,Area 51
SLUS-20596,UFC: Ultimate Fighting Championship: Sudden Impact
SLUS-20597,"Warhammer 40,000: Fire Warrior"
SLUS-20598,Everblue 2
SLUS-20599,Whiteout
SLUS-20600,SX Superstar
SLUS-20601,Rayman 3: Hoodlum Havoc
SLUS-20602,High Heat Major League Baseball 2004
SLUS-20603,Mary-Kate and Ashley: Sweet 16: Licensed to Drive
SLUS-20604,MTV Celebrity Deathmatch
SLUS-20605,Big Mutha Truckers
SLUS-20606,Seek and Destroy
SLUS-20607,Disney's Extreme Skate Adventure
SLUS-20608,Mobile Light Force 2
SLUS-20609,MAGIX Music Maker: Rocks Your Console
SLUS-20611,World Series Baseball 2K3
SLUS-20613,Tom Clancy's Ghost Recon
SLUS-20614,Aero Elite: Combat Academy
SLUS-20615,Fantastic 4
SLUS-20616,Virtua Fighter 4: Evolution [Greatest Hits]
SLUS-20617,Dynasty Warriors 3: Xtreme Legends
SLUS-20618,MLB SlugFest 2004
SLUS-20619,Starsky & Hutch
SLUS-20620,Smash Cars
SLUS-20621,Seven Samurai 20XX
SLUS-20622,Silent Hill 3
SLUS-20623,World Soccer Winning Eleven 6: International
SLUS-20624,The Simpsons: Hit & Run
SLUS-20625,MotoGP 3
SLUS-20626,Deer Hunter
SLUS-20627,Devil May Cry 2 (Disc 2)
SLUS-20628,Disney/Pixar Finding Nemo
SLUS-20630,Grand Prix Challenge
SLUS-20631,NFL Blitz Pro
SLUS-20632,XGRA: Extreme G Racing Association
SLUS-20633,Clock Tower 3
SLUS-20634,Summer Heat Beach Volleyball
SLUS-20635,Jim Henson's Muppets Party Cruise
SLUS-20636,The Suffering
SLUS-20637,Chessmaster
SLUS-20638,Backyard Wrestling: Don't Try This at Home
SLUS-20639,Def Jam: Vendetta
SLUS-20640,Saturday Night Speedway
SLUS-20641,IndyCar Series featuring the Indianapolis 500
SLUS-20642,Auto Modellista
SLUS-20643,Soulcalibur II
SLUS-20644,Silent Line: Armored Core
SLUS-20645,Time Crisis 3
SLUS-20646,Mark Davis Pro Bass Challenge
SLUS-20647,Wallace & Gromit in Project Zoo
SLUS-20648,NBA Jam
SLUS-20649,Crash Nitro Kart
SLUS-20650,MVP Baseball 2003
SLUS-20651,NBA Street Vol. 2
SLUS-20652,Tom Clancy's Splinter Cell
SLUS-20653,Dynasty Warriors 4
SLUS-20655,The Hobbit: The Prelude to the Lord of the Rings
SLUS-20656,X-Men Legends
SLUS-20657,McFarlane's Evil Prophecy
SLUS-20658,Freedom Fighters
SLUS-20659,Disney Presents Piglet's Big Game
SLUS-20661,The Fairly OddParents: Breakin' da Rules
SLUS-20662,Gallop Racer 2003: A New Breed
SLUS-20663,Naval Ops: Warship Gunner
SLUS-20664,Barbie Horse Adventures: Wild Horse Rescue
SLUS-20665,Cabela's Deer Hunt: 2004 Season
SLUS-20666,Disgaea: Hour of Darkness
SLUS-20668,Transformers
SLUS-20669,Resident Evil: Dead Aim
SLUS-20670,The Great Escape
SLUS-20671,Mafia
SLUS-20672,Final Fantasy X-2
SLUS-20673,Alias
SLUS-20674,Cyber Troopers: Virtual-On Marz
SLUS-20675,Baldur's Gate: Dark Alliance II
SLUS-20676,Lowrider
SLUS-20677,XIII
SLUS-20678,Unlimited Saga
SLUS-20680,Nickelodeon SpongeBob SquarePants: Battle for Bikini Bottom
SLUS-20681,Disney's The Haunted Mansion
SLUS-20682,K-1 World Grand Prix
SLUS-20683,Lupin the 3rd: Treasure of the Sorcerer King
SLUS-20684,Whiplash
SLUS-20685,Ape Escape 2
SLUS-20686,Splashdown: Rides Gone Wild
SLUS-20687,RoadKill
SLUS-20688,Psi-Ops: The Mindgate Conspiracy
SLUS-20689,Conflict: Desert Storm II: Back to Baghdad
SLUS-20690,G1 Jockey 3
SLUS-20691,NHL Hitz Pro
SLUS-20693,F1 Career Challenge
SLUS-20694,Onimusha 3: Demon Siege
SLUS-20695,Chaos Legion
SLUS-20696,Nickelodeon Jimmy Neutron: Boy Genius: Jet Fusion
SLUS-20697,Cy Girls (Disc 1) (Ice)
SLUS-20698,SD Gundam Force: Showdown!
SLUS-20701,Scooby-Doo! Mystery Mayhem
SLUS-20702,Monster Rancher 4
SLUS-20703,AirForce Delta Strike
SLUS-20704,Backyard Basketball
SLUS-20705,I-Ninja
SLUS-20706,kill.switch
SLUS-20707,Spawn: Armageddon
SLUS-20709,Batman: Rise of Sin Tzu
SLUS-20710,Onimusha: Blade Warriors
SLUS-20711,DDRMAX2: Dance Dance Revolution
SLUS-20712,Gradius V
SLUS-20714,Red Ninja: End of Honor
SLUS-20715,Combat Elite: WWII Paratroopers
SLUS-20716,Teenage Mutant Ninja Turtles
SLUS-20718,Sonic Heroes
SLUS-20719,NCAA Football 2004
SLUS-20720,Romance of the Three Kingdoms VIII
SLUS-20721,R:Racing Evolution
SLUS-20722,Maximo vs Army of Zin
SLUS-20723,Robin Hood: Defender of the Crown
SLUS-20724,Firefighter F.D.18
SLUS-20725,Call of Duty: Finest Hour
SLUS-20726,ESPN NBA Basketball
SLUS-20727,ESPN NFL Football
SLUS-20728,ESPN NHL Hockey
SLUS-20729,ESPN College Hoops
SLUS-20730,Narc
SLUS-20731,Tony Hawk's Underground
SLUS-20732,Drakengard
SLUS-20733,Castlevania: Lament of Innocence
SLUS-20734,Frogger's Adventures: The Rescue
SLUS-20735,Lethal Skies II
SLUS-20736,Cabela's Dangerous Hunts
SLUS-20737,Hot Wheels: World Race
SLUS-20738,Van Helsing
SLUS-20740,Mobile Suit Gundam: Encounters in Space
SLUS-20741,Mojo!
SLUS-20742,Chulip
SLUS-20743,Prince of Persia: The Sands of Time
SLUS-20744,EverQuest: Online Adventures: Frontiers
SLUS-20745,Shrek 2 (80603.206.US)
SLUS-20746,Rogue Ops
SLUS-20748,Super Trucks Racing
SLUS-20749,Rugby 2004
SLUS-20750,FIFA Soccer 2004
SLUS-20751,007: Everything or Nothing
SLUS-20752,Madden NFL 2004
SLUS-20753,Medal of Honor: Rising Sun
SLUS-20755,NBA Live 2004
SLUS-20756,NHL 2004
SLUS-20757,Tiger Woods PGA Tour 2004
SLUS-20758,Growlanser: Generations
SLUS-20759,Growlanser: Generations
SLUS-20760,World Championship Pool 2004
SLUS-20761,Dynasty Tactics 2
SLUS-20762,Secret Weapons over Normandy
SLUS-20763,Beyond Good & Evil
SLUS-20764,Bombastic
SLUS-20765,Resident Evil: Outbreak
SLUS-20766,Fatal Frame II: Crimson Butterfly
SLUS-20767,MX Unleashed
SLUS-20769,Harry Potter: Quidditch World Cup
SLUS-20770,The Lord of the Rings: The Return of the King
SLUS-20771,NCAA March Madness 2004
SLUS-20772,SSX 3
SLUS-20773,Legacy of Kain: Defiance
SLUS-20774,Culdcept
SLUS-20776,Spider-Man 2
SLUS-20777,ObsCure
SLUS-20779,Dragon Ball Z: Budokai 2
SLUS-20780,R-Type Final
SLUS-20781,Karaoke Revolution
SLUS-20782,Blood Will Tell: Tezuka Osamu's Dororo
SLUS-20784,The Italian Job
SLUS-20785,Digital Hitz Factory
SLUS-20786,Metal Arms: Glitch in the System
SLUS-20787,WWE SmackDown! Here Comes the Pain
SLUS-20788,Ford Racing 2
SLUS-20789,Jeopardy!
SLUS-20790,Wheel of Fortune
SLUS-20791,Trivial Pursuit: Unhinged
SLUS-20792,Goblin Commander: Unleash the Horde
SLUS-20793,Gladiator: Sword of Vengeance
SLUS-20794,ESPN Major League Baseball
SLUS-20795,Bloody Roar 4
SLUS-20796,Monster 4x4: Masters of Metal
SLUS-20797,Dr. Seuss' The Cat in the Hat
SLUS-20799,Terminator 3: Rise of the Machines
SLUS-20800,Taiko Drum Master
SLUS-20801,Midway Arcade Treasures
SLUS-20803,The Bard's Tale
SLUS-20804,Forgotten Realms: Demon Stone
SLUS-20805,Yu Yu Hakusho: Dark Tournament
SLUS-20806,Space Channel 5: Special Edition (Disc 1)
SLUS-20807,Space Channel 5: Special Edition (Disc 2)
SLUS-20809,Godzilla: Save the Earth
SLUS-20810,Nightshade
SLUS-20811,Need for Speed: Underground
SLUS-20812,Dynasty Warriors 4: Xtreme Legends
SLUS-20814,Max Payne 2: The Fall of Max Payne
SLUS-20816,American Idol
SLUS-20817,Headhunter: Redemption
SLUS-20818,Bionicle
SLUS-20820,Tom Clancy's Ghost Recon: Jungle Storm
SLUS-20821,Mobile Suit Gundam: Gundam vs. Zeta Gundam
SLUS-20822,Galactic Wrestling featuring Ultimate Muscle: The Kinnikuman Legacy
SLUS-20823,Robotech: Invasion
SLUS-20824,NASCAR Thunder 2004
SLUS-20826,Harry Potter and the Sorcerer's Stone
SLUS-20827,Manhunt
SLUS-20828,ShellShock: Nam '67
SLUS-20830,Intellivision Lives!
SLUS-20831,Tokyo Xtreme Racer 3
SLUS-20833,Mega Man Anniversary Collection
SLUS-20834,The King of Fighters 2000
SLUS-20836,Digimon World 4
SLUS-20837,Ribbit King
SLUS-20838,All-Star Baseball 2005 featuring Derek Jeter
SLUS-20839,The King of Fighters 2001
SLUS-20840,Wrath Unleashed
SLUS-20841,NFL Street
SLUS-20842,The Sims: Bustin' Out
SLUS-20843,Dead to Rights II
SLUS-20845,Cold Winter
SLUS-20846,Strike Force Bowling
SLUS-20847,La Pucelle: Tactics
SLUS-20848,Life Line
SLUS-20849,Carmen Sandiego: The Secret of the Stolen Drums
SLUS-20850,Blowout
SLUS-20851,Ace Combat 5: The Unsung War
SLUS-20852,Terminator 3: The Redemption
SLUS-20853,Looney Tunes: Back in Action
SLUS-20854,Cy Girls (Disc 2) (Aska)
SLUS-20855,Destruction Derby Arenas
SLUS-20856,Spy Fiction
SLUS-20857,Fight Club
SLUS-20858,Corvette
SLUS-20859,Future Tactics: The Uprising
SLUS-20860,Tim Burton's The Nightmare Before Christmas: Oogie's Revenge
SLUS-20861,MTV Music Generator 3: This Is the Remix
SLUS-20862,BloodRayne 2
SLUS-20863,World Soccer Winning Eleven 7: International
SLUS-20864,The Punisher
SLUS-20865,Backyard Baseball
SLUS-20866,Asterix & Obelix: Kick Buttix
SLUS-20867,Astro Boy
SLUS-20868,MVP Baseball 2004
SLUS-20869,Judge Dredd: Dredd vs. Death
SLUS-20870,Ultimate Spider-Man
SLUS-20871,Naval Ops: Commander
SLUS-20872,Juiced
SLUS-20873,Silent Hill 4: The Room
SLUS-20874,Dragon Ball Z: Sagas
SLUS-20875,Predator: Concrete Jungle
SLUS-20876,Backyard Football 2006
SLUS-20877,Crimson Sea 2
SLUS-20878,Samurai Warriors
SLUS-20879,Romance of the Three Kingdoms IX
SLUS-20880,The Fairly OddParents: Shadow Showdown
SLUS-20881,Mortal Kombat: Deception
SLUS-20882,Hitman: Contracts
SLUS-20883,Tom Clancy's Rainbow Six 3
SLUS-20884,Spyro: A Hero's Tail
SLUS-20885,The Red Star
SLUS-20886,Sitting Ducks
SLUS-20887,Nickelodeon Jimmy Neutron: Boy Genius: Attack of the Twonkies
SLUS-20888,Front Mission 4
SLUS-20889,MLB SlugFest: Loaded
SLUS-20890,Rocky Legends
SLUS-20891,Star Ocean: Till the End of Time (Disc 2)
SLUS-20892,Xenosaga Episode II: Jenseits von Gut und Böse (Disc 1)
SLUS-20893,Way of the Samurai 2
SLUS-20894,Worms 3D
SLUS-20895,Bujingai: The Forsaken City
SLUS-20896,Monster Hunter
SLUS-20898,Star Wars: Battlefront
SLUS-20899,Samurai Jack: The Shadow of Aku
SLUS-20901,FlatOut
SLUS-20902,Shadow of Rome
SLUS-20903,Mega Man X: Command Mission
SLUS-20904,Nickelodeon SpongeBob SquarePants: The Movie
SLUS-20905,Disney/Pixar The Incredibles
SLUS-20906,Fight Night 2004
SLUS-20907,Serious Sam: Next Encounter
SLUS-20908,Guilty Gear Isuka
SLUS-20909,Crash Twinsanity
SLUS-20910,Test Drive: Eve of Destruction
SLUS-20911,Shin Megami Tensei: Nocturne
SLUS-20912,Suzuki TT Superbikes: Real Road Racing
SLUS-20913,Inuyasha: The Secret of the Cursed Mask
SLUS-20914,Ribbit King Plus! (Bonus Disc)
SLUS-20915,Metal Gear Solid 3: Snake Eater
SLUS-20916,Dance Dance Revolution Extreme
SLUS-20917,Sonic Mega Collection Plus
SLUS-20918,Super Monkey Ball Deluxe
SLUS-20919,ESPN NFL 2K5
SLUS-20920,ESPN NBA 2K5
SLUS-20921,ESPN NHL 2K5
SLUS-20922,ESPN College Hoops 2K5
SLUS-20923,KOF: Maximum Impact
SLUS-20924,Duel Masters
SLUS-20925,DreamWorks Shark Tale
SLUS-20926,Harry Potter and the Prisoner of Azkaban
SLUS-20927,Time Crisis: Crisis Zone
SLUS-20928,Echo Night: Beyond
SLUS-20929,Battle Assault 3 featuring Gundam Seed
SLUS-20930,Choro Q
SLUS-20931,Trigger Man
SLUS-20932,Mercenaries
SLUS-20933,Smash Court Tennis: Pro Tournament 2
SLUS-20934,Death by Degrees
SLUS-20935,IHRA Professional Drag Racing 2005
SLUS-20936,UEFA Euro 2004: Portugal
SLUS-20937,Wild Arms: Alter Code: F
SLUS-20938,Dynasty Warriors 4: Empires
SLUS-20939,Viewtiful Joe 2
SLUS-20940,Yu-Gi-Oh! Capsule Monster Coliseum
SLUS-20941,The Incredible Hulk: Ultimate Destruction
SLUS-20942,Robots
SLUS-20943,Heroes of the Pacific
SLUS-20944,Power Rangers: Dino Thunder
SLUS-20945,Destroy All Humans!
SLUS-20946,Grand Theft Auto: San Andreas
SLUS-20947,WinBack 2: Project Poseidon
SLUS-20948,Crimson Tears
SLUS-20949,Street Fighter Anniversary Collection
SLUS-20950,Capcom Fighting Evolution
SLUS-20951,Viewtiful Joe
SLUS-20952,Nickelodeon Tak 2: The Staff of Dreams
SLUS-20953,Shonen Jump's Shaman King: Power of Spirit
SLUS-20954,Hot Wheels: Stunt Track Challenge
SLUS-20955,Phantom Brave
SLUS-20956,Leisure Suit Larry: Magna Cum Laude
SLUS-20957,Scaler
SLUS-20958,Tom Clancy's Splinter Cell: Pandora Tomorrow
SLUS-20959,The Dukes of Hazzard: Return of the General Lee
SLUS-20960,Mega Man X8
SLUS-20961,Neo Contra
SLUS-20962,Castle Shikigami 2
SLUS-20963,Final Fantasy XII
SLUS-20964,Devil May Cry 3: Dante's Awakening
SLUS-20965,Tony Hawk's Underground 2
SLUS-20966,State of Emergency 2
SLUS-20967,Enthusia: Professional Racing
SLUS-20968,Karaoke Revolution Volume 2
SLUS-20969,S.L.A.I.: Steel Lancer Arena International
SLUS-20970,Rumble Roses
SLUS-20971,Metal Slug 4
SLUS-20973,Champions: Return to Arms
SLUS-20974,Shin Megami Tensei: Digital Devil Saga
SLUS-20975,Shonen Jump's One Piece: Grand Battle
SLUS-20976,Ford Racing 3
SLUS-20977,Virtua Quest
SLUS-20978,Power Drome
SLUS-20979,Suikoden IV
SLUS-20980,Ys: The Ark of Napishtim
SLUS-20981,Teenage Mutant Ninja Turtles 2: Battle Nexus
SLUS-20982,Bad Boys: Miami Takedown
SLUS-20983,Musashi: Samurai Legend
SLUS-20984,Resident Evil: Outbreak: File #2
SLUS-20985,Under the Skin
SLUS-20986,Armored Core: Nexus (Disc 1) (Evolution)
SLUS-20987,Pool Paradise
SLUS-20988,Playboy: The Mansion
SLUS-20989,The Polar Express
SLUS-20990,Metal Slug 5
SLUS-20991,NCAA Football 2005
SLUS-20992,Catwoman
SLUS-20993,Ghosthunter
SLUS-20994,Fullmetal Alchemist and the Broken Angel
SLUS-20995,The King of Fighters 2002: Challenge to Ultimate Battle
SLUS-20996,The King of Fighters 2003
SLUS-20997,Midway Arcade Treasures 2
SLUS-20998,Dragon Ball Z: Budokai 3
SLUS-20999,Sega Superstars
SLUS-21000,Madden NFL 2005
SLUS-21001,NHL 2005
SLUS-21002,Tiger Woods PGA Tour 2005
SLUS-21003,NASCAR 2005: Chase for the Cup
SLUS-21004,Def Jam: Fight for NY
SLUS-21005,Kingdom Hearts II
SLUS-21006,Ghost in the Shell: Stand Alone Complex
SLUS-21007,Kuon
SLUS-21008,Katamari Damacy
SLUS-21009,Sega Classics Collection
SLUS-21010,Nanobreaker
SLUS-21011,Cabela's Deer Hunt: 2005 Season
SLUS-21012,Rapala Pro Fishing
SLUS-21013,Crash 'n' Burn
SLUS-21014,High Rollers Casino
SLUS-21015,DreamWorks Madagascar
SLUS-21016,25 to Life
SLUS-21017,Showdown: Legends of Wrestling
SLUS-21018,Dog's Life
SLUS-21019,Technic Beat
SLUS-21020,Gungrave: Overdose
SLUS-21021,Cabela's Big Game Hunter 2005 Adventures
SLUS-21022,Prince of Persia: Warrior Within
SLUS-21025,Madden NFL 2005
SLUS-21026,Battlefield 2: Modern Combat
SLUS-21027,The Lord of the Rings: The Third Age
SLUS-21028,World Championship Poker
SLUS-21029,Midnight Club 3: DUB Edition
SLUS-21030,Outlaw Golf 2
SLUS-21031,Gallop Racer 2004
SLUS-21032,Marc Ecko's Getting Up: Contents Under Pressure
SLUS-21033,Second Sight
SLUS-21034,MAGIX Music Maker
SLUS-21035,Major League Baseball 2K5
SLUS-21036,Get on da Mic
SLUS-21037,Project: Snowblind
SLUS-21038,Pinball Hall of Fame: The Gottlieb Collection
SLUS-21039,TOCA Race Driver 2
SLUS-21040,The Shield: The Game
SLUS-21041,Shadow Hearts: Covenant (Disc 1)
SLUS-21042,Darkwatch
SLUS-21043,Backyard Wrestling 2: There Goes the Neighborhood
SLUS-21044,Shadow Hearts: Covenant (Disc 2)
SLUS-21045,Conflict: Vietnam
SLUS-21046,King Arthur
SLUS-21047,Cold Fear
SLUS-21048,Evil Dead: Regeneration
SLUS-21049,Outlaw Volleyball Remixed
SLUS-21050,Burnout 3: Takedown
SLUS-21051,FIFA Soccer 2005
SLUS-21052,"Disney's Pixar: Monsters, Inc.: Scare Island [Disney / Pixar Classics]"
SLUS-21053,Disney's Stitch: Experiment 626
SLUS-21054,Disney's Treasure Planet (Classics)
SLUS-21057,TY the Tasmanian Tiger 2: Bush Rescue
SLUS-21058,NBA Live 2005
SLUS-21059,Tekken 5
SLUS-21060,WWE SmackDown! vs. Raw
SLUS-21062,Jaws Unleashed
SLUS-21063,Shining Tears
SLUS-21064,GoldenEye: Rogue Agent
SLUS-21065,Need for Speed: Underground 2
SLUS-21066,The Urbz: Sims in the City
SLUS-21067,Digimon Rumble Arena 2
SLUS-21068,Vietcong: Purple Haze
SLUS-21069,American Chopper
SLUS-21070,Final Fantasy XI: Online: Chains of Promathia
SLUS-21071,The Nightmare of Druaga: Fushigino Dungeon
SLUS-21072,Finny the Fish & the Seven Waters
SLUS-21073,Nicktoons Movin'
SLUS-21074,The Guy Game
SLUS-21075,Haunting Ground
SLUS-21076,Atari Anthology
SLUS-21077,Gauntlet: Seven Sorrows
SLUS-21078,Lemony Snicket's A Series of Unfortunate Events
SLUS-21079,Armored Core: Nexus (Disc 2) (Revolution)
SLUS-21080,Samurai Warriors: Xtreme Legends
SLUS-21081,Mortal Kombat: Deception (Premium Pack Bonus Disc)
SLUS-21082,"The Chronicles of Narnia: The Lion, the Witch and the Wardrobe"
SLUS-21083,LEGO Star Wars: The Video Game
SLUS-21084,Disney's Winnie the Pooh's Rumbly Tumbly Adventure
SLUS-21086,Big Mutha Truckers 2
SLUS-21087,Mortal Kombat: Shaolin Monks
SLUS-21088,Disney's Chicken Little
SLUS-21089,Karaoke Revolution Volume 3
SLUS-21090,Alien Hominid
SLUS-21091,Scooby-Doo! Unmasked
SLUS-21093,Worms Forts: Under Siege
SLUS-21094,Midway Arcade Treasures 3
SLUS-21095,DT Racer
SLUS-21096,Ape Escape: Pumped & Primed
SLUS-21097,MX World Tour featuring Jamie Little
SLUS-21098,Frogger: Ancient Shadow
SLUS-21099,Stolen
SLUS-21100,NCAA March Madness 2005
SLUS-21101,Mortal Kombat: Deception: Premium Pack
SLUS-21102,Hard Rock Casino
SLUS-21103,Commandos: Strike Force
SLUS-21104,MX vs. ATV Unleashed
SLUS-21105,Tom Clancy's Ghost Recon 2
SLUS-21106,True Crime: New York City
SLUS-21107,X-Men: The Official Game
SLUS-21108,Hitman: Blood Money
SLUS-21109,Drive to Survive
SLUS-21110,Pirates of the Caribbean: The Legend of Jack Sparrow
SLUS-21111,Scarface: The World Is Yours
SLUS-21112,L.A. Rush
SLUS-21113,Atelier Iris: Eternal Mana
SLUS-21114,NHRA Championship Drag Racing
SLUS-21115,Ōkami
SLUS-21116,187: Ride or Die
SLUS-21117,World Soccer Winning Eleven 8: International
SLUS-21118,NFL Street 2
SLUS-21119,Kessen III
SLUS-21120,Psychonauts
SLUS-21122,Taito Legends
SLUS-21123,Dragon Ball Z: Budokai 3: Limited Edition
SLUS-21124,Delta Force: Black Hawk Down
SLUS-21125,Airborne Troops: Countdown to D-Day
SLUS-21126,NBA Street V3
SLUS-21127,Brave: The Search for Spirit Dancer
SLUS-21128,Blitz: The League
SLUS-21129,Tenchu: Fatal Shadows
SLUS-21130,SnoCross 2 featuring Blair Morgan
SLUS-21131,Pump It Up: Exceed
SLUS-21132,Stella Deus: The Gate of Eternity
SLUS-21133,Xenosaga Episode II: Jenseits von Gut und Böse (Disc 2)
SLUS-21134,Resident Evil 4
SLUS-21135,MVP Baseball 2005
SLUS-21136,Graffiti Kingdom
SLUS-21137,Tom Clancy's Splinter Cell: Chaos Theory
SLUS-21138,X-Men Legends II: Rise of Apocalypse
SLUS-21139,Gun
SLUS-21140,Mobile Suit Gundam Seed: Never Ending Tomorrow
SLUS-21142,Constantine
SLUS-21143,Star Wars: Episode III: Revenge of the Sith
SLUS-21144,Tom Clancy's Rainbow Six: Lockdown
SLUS-21145,Full Spectrum Warrior
SLUS-21147,FIFA Street
SLUS-21148,TimeSplitters: Future Perfect
SLUS-21149,Yourself!Fitness
SLUS-21150,Beat Down: Fists of Vengeance
SLUS-21151,Disney's Pixar: Cars
SLUS-21152,Shin Megami Tensei: Digital Devil Saga 2
SLUS-21153,Dynasty Warriors 5
SLUS-21154,Killer7
SLUS-21155,Codename: Kids Next Door: Operation: V.I.D.E.O.G.A.M.E.
SLUS-21156,Without Warning
SLUS-21157,Flipnic: Ultimate Pinball
SLUS-21158,Rugby 2005
SLUS-21159,MotoGP 4
SLUS-21160,Tekken 5
SLUS-21161,Fight Night Round 2
SLUS-21162,Ford Mustang: The Legend Lives
SLUS-21163,Brothers in Arms: Road to Hill 30
SLUS-21164,Namco Museum -50th Anniversary Greatest Hits
SLUS-21165,Arc the Lad: End of Darkness
SLUS-21166,Fullmetal Alchemist 2: Curse of the Crimson Elixir
SLUS-21168,Castlevania: Curse of Darkness
SLUS-21170,Makai Kingdom: Chronicles of the Sacred Tome
SLUS-21171,Harvest Moon: A Wonderful Life: Special Edition
SLUS-21172,Conflict: Global Terror
SLUS-21173,Nick Jr. Dora the Explorer: Journey to the Purple Planet
SLUS-21174,Dance Dance Revolution Extreme 2
SLUS-21175,The Bible Game
SLUS-21176,World Championship Poker 2 featuring Howard Lederer
SLUS-21177,In the Groove
SLUS-21178,RPG Maker 3
SLUS-21179,Colosseum: Road to Freedom
SLUS-21180,Onimusha: Dawn of Dreams (Disc 1)
SLUS-21181,DICE: DNA Integrated Cybernetic Enterprises
SLUS-21182,TOCA Race Driver 3: The Ultimate Racing Simulator
SLUS-21183,Teen Titans
SLUS-21184,Teenage Mutant Ninja Turtles 3: Mutant Nightmare
SLUS-21186,NBA Ballers: Phenom
SLUS-21187,Samurai Western
SLUS-21189,The Suffering: Ties That Bind
SLUS-21190,Outlaw Tennis
SLUS-21191,Crash Tag Team Racing
SLUS-21192,Cabela's Outdoor Adventures
SLUS-21193,Inuyasha: Feudal Combat
SLUS-21194,Phantasy Star Universe
SLUS-21195,Breeders' Cup: World Thoroughbred Championships
SLUS-21196,Indigo Prophecy
SLUS-21197,DreamWorks Shrek: SuperSlam
SLUS-21198,Batman Begins
SLUS-21199,Medal of Honor: European Assault
SLUS-21200,Armored Core: Nine Breaker
SLUS-21201,Tales of Legendia
SLUS-21202,Romance of the Three Kingdoms X
SLUS-21203,Lara Croft Tomb Raider: Legend
SLUS-21204,Victorious Boxers 2: Fighting Spirit
SLUS-21205,Aeon Flux
SLUS-21206,Shining Force Neo
SLUS-21207,Dragon Quest VIII: Journey of the Cursed King
SLUS-21208,Tony Hawk's American Wasteland
SLUS-21209,Urban Reign
SLUS-21212,Spartan: Total Warrior
SLUS-21213,Madden NFL 06
SLUS-21214,NCAA Football 06
SLUS-21215,The Warriors
SLUS-21216,Soulcalibur III
SLUS-21217,Disney/Pixar The Incredibles: Rise of the Underminer
SLUS-21218,Nickelodeon Tak: The Great Juju Challenge
SLUS-21219,Pac-Man World 3
SLUS-21220,World Soccer Winning Eleven 9
SLUS-21221,Magna Carta: Tears of Blood
SLUS-21222,Top Spin
SLUS-21223,Karaoke Revolution Party
SLUS-21224,Guitar Hero
SLUS-21225,Bratz: Rock Angelz
SLUS-21227,Dragon Ball Z: Budokai Tenkaichi
SLUS-21228,Call of Duty 2: Big Red One
SLUS-21229,Motocross Mania 3
SLUS-21230,We Love Katamari
SLUS-21231,Sniper Elite
SLUS-21232,College Hoops 2K6
SLUS-21233,NBA 2K6
SLUS-21234,NHL 2K6
SLUS-21235,Major League Baseball 2K6
SLUS-21236,Tokyo Xtreme Racer: Drift
SLUS-21237,AND 1 Streetball
SLUS-21238,Final Fight: Streetwise
SLUS-21239,Beatmania
SLUS-21240,Star Wars: Battlefront II
SLUS-21241,NHL 06
SLUS-21242,Burnout Revenge
SLUS-21243,Metal Gear Solid 3: Subsistence (Disc 2) (Persistence)
SLUS-21244,Fatal Frame III: The Tormented
SLUS-21245,Suikoden Tactics
SLUS-21246,Charlie and the Chocolate Factory
SLUS-21248,Legend of Kay
SLUS-21250,Full Spectrum Warrior: Ten Hammers
SLUS-21251,FlatOut 2
SLUS-21252,"Nickelodeon SpongeBob SquarePants: Lights, Camera, Pants!"
SLUS-21253,TY the Tasmanian Tiger: Night of the Quinkan
SLUS-21254,Zatch Bell! Mamodo Battles
SLUS-21255,Trapt
SLUS-21256,IHRA Drag Racing: Sportsman Edition
SLUS-21257,Need for Speed: Most Wanted
SLUS-21258,Dot Hack G.U. Vol. 1: Rebirth
SLUS-21259,Stacked with Daniel Negreanu
SLUS-21260,"Ed, Edd n Eddy: The Mis-Edventures"
SLUS-21261,Shadow the Hedgehog
SLUS-21262,Radiata Stories
SLUS-21263,Romancing SaGa
SLUS-21264,Tiger Woods PGA Tour 06
SLUS-21265,The Sims 2
SLUS-21266,NASCAR 06: Total Team Control
SLUS-21267,Need for Speed: Most Wanted
SLUS-21268,24: The Game
SLUS-21269,Bully
SLUS-21270,MS Saga: A New Dawn
SLUS-21271,Driver: Parallel Lines
SLUS-21272,Super Monkey Ball Adventure
SLUS-21273,The Matrix: Path of Neo
SLUS-21274,OutRun 2006: Coast 2 Coast
SLUS-21275,River King: A Wonderful Journey
SLUS-21276,Ford vs. Chevy
SLUS-21277,Nickelodeon Barnyard
SLUS-21278,SSX on Tour
SLUS-21279,NBA Live 06
SLUS-21280,FIFA Soccer 06
SLUS-21281,Marvel Nemesis: Rise of the Imperfects
SLUS-21282,007: From Russia with Love
SLUS-21283,Total Overdose: A Gunslinger's Tale in Mexico
SLUS-21284,Nicktoons Unite!
SLUS-21285,Ultimate Spider-Man
SLUS-21286,WWE SmackDown! vs. Raw 2006
SLUS-21287,Prince of Persia: The Two Thrones
SLUS-21288,American Chopper 2: Full Throttle
SLUS-21289,SeaWorld Adventure Parks: Shamu's Deep Sea Adventures
SLUS-21290,Ford Bold Moves Street Racing
SLUS-21291,Suikoden V
SLUS-21292,Wild Arms 4
SLUS-21293,Metal Saga
SLUS-21294,Marc Ecko's Getting Up: Content Under Pressure [Limited Edition]
SLUS-21295,Tony Hawk's American Wasteland
SLUS-21296,Dance Factory
SLUS-21297,Devil Kings
SLUS-21298,NCAA March Madness 06
SLUS-21299,Dynasty Warriors 5: Xtreme Legends
SLUS-21300,Over the Hedge
SLUS-21301,World Series of Poker
SLUS-21303,Rebel Raiders: Operation Nighthawk
SLUS-21304,Justice League Heroes
SLUS-21305,Arthur and the Invisibles: The Game
SLUS-21306,Ghost Rider
SLUS-21307,Ice Age 2: The Meltdown
SLUS-21309,Let's Ride! Silver Buckle Stables
SLUS-21310,Brothers in Arms: Earned in Blood
SLUS-21311,Peter Jackson's King Kong: The Official Game of the Movie
SLUS-21312,Wallace & Gromit: The Curse of the Were-Rabbit
SLUS-21313,Friends: The One with All the Trivia
SLUS-21314,Ruff Trigger: The Vanocore Conspiracy
SLUS-21315,50 Cent: Bulletproof
SLUS-21316,Capcom Classics Collection Vol. 1
SLUS-21317,Street Fighter Alpha Anthology
SLUS-21318,Call of Duty 2: Big Red One
SLUS-21319,Flow: Urban Dance Uprising
SLUS-21320,Rogue Trooper
SLUS-21321,Alfa Romeo Racing Italiano
SLUS-21322,Eragon
SLUS-21323,Rampage: Total Destruction
SLUS-21324,Major League Baseball 2K5: World Series Edition
SLUS-21325,Harry Potter and the Goblet of Fire
SLUS-21326,Shadow Hearts: From the New World
SLUS-21327,Atelier Iris 2: The Azoth of Destiny
SLUS-21328,Pac-Man World Rally
SLUS-21329,CMT Presents: Karaoke Revolution: Country
SLUS-21330,Monster Rancher Evo
SLUS-21331,Sonic Riders
SLUS-21332,Real World Golf
SLUS-21333,World Poker Tour
SLUS-21334,Grandia III (Disc 1)
SLUS-21335,The Hustle: Detroit Streets
SLUS-21336,Zathura
SLUS-21337,Arena Football
SLUS-21338,Armored Core: Last Raven
SLUS-21339,Puzzle Challenge: Crosswords and More!
SLUS-21340,World Championship Cards
SLUS-21341,Stuart Little 3: Big Photo Adventure
SLUS-21342,MLB SlugFest 2006
SLUS-21343,Samurai Champloo: Sidetracked
SLUS-21344,Steambot Chronicles
SLUS-21345,Grandia III (Disc 2)
SLUS-21346,Ace Combat Zero: The Belkan War
SLUS-21347,AMF Xtreme Bowling
SLUS-21348,Yakuza
SLUS-21349,Taito Legends 2
SLUS-21350,Cabela's Dangerous Hunts 2
SLUS-21351,Need for Speed: Most Wanted: Black Edition
SLUS-21352,Dai Senryaku VII: Modern Military Tactics Exceed
SLUS-21353,Eureka Seven Vol. 1: The New Wave
SLUS-21354,Curious George
SLUS-21355,Midnight Club 3: DUB Edition Remix Greatest Hits
SLUS-21356,Tom Clancy's Splinter Cell: Double Agent
SLUS-21357,Hummer Badlands
SLUS-21358,Naruto: Ultimate Ninja
SLUS-21359,Metal Gear Solid 3: Subsistence (Disc 1) (Subsistence)
SLUS-21360,Metal Gear Solid 3: Subsistence (Disc 3) (Existence)
SLUS-21361,Devil May Cry 3: Dante's Awakening
SLUS-21362,Onimusha: Dawn of Dreams (Disc 2)
SLUS-21363,Zatch Bell! Mamodo Fury
SLUS-21364,Shonen Jump's One Piece: Pirates' Carnival
SLUS-21365,The King of Fighters 2006
SLUS-21366,Ultimate Board Game Collection
SLUS-21367,MVP 06 NCAA Baseball
SLUS-21368,Rugby 06
SLUS-21369,FIFA Street 2
SLUS-21370,Mega Man X Collection
SLUS-21372,The Legend of Spyro: A New Beginning
SLUS-21373,Drakengard 2
SLUS-21374,Marvel: Ultimate Alliance
SLUS-21375,Torino 2006
SLUS-21376,Black
SLUS-21377,Dance Dance Revolution SuperNova
SLUS-21379,Cabela's African Safari
SLUS-21380,Snoopy vs. the Red Baron
SLUS-21381,Bode Miller Alpine Skiing
SLUS-21382,Franklin the Turtle: A Birthday Surprise
SLUS-21383,Fight Night Round 3
SLUS-21384,Cabela's Alaskan Adventures
SLUS-21385,The Godfather: The Game
SLUS-21386,Tales of the Abyss
SLUS-21387,Warship Gunner 2
SLUS-21388,The Sopranos: Road to Respect
SLUS-21389,Xenosaga Episode III: Also sprach Zarathustra (Disc 1)
SLUS-21390,Urban Chaos: Riot Response
SLUS-21391,Nickelodeon SpongeBob SquarePants: Creature from the Krusty Krab
SLUS-21392,DreamWorks Shrek: Smash n' Crash Racing
SLUS-21393,Gallop Racer 2006
SLUS-21394,Tokyo Xtreme Racer: Drift 2
SLUS-21395,Nickelodeon Avatar: The Last Airbender
SLUS-21396,Star Trek: Encounters
SLUS-21397,Disgaea 2: Cursed Memories
SLUS-21398,Dynasty Warriors 5: Empires
SLUS-21399,Driver: Parallel Lines
SLUS-21400,Monster House
SLUS-21401,Lucinda Green's Equestrian Challenge
SLUS-21402,Micro Machines V4
SLUS-21403,Backyard Sports: Baseball 2007
SLUS-21404,Final Fantasy XI: Online: Treasures of Aht Urhgan
SLUS-21405,Xiaolin Showdown
SLUS-21406,The Godfather: The Game
SLUS-21407,NFL Head Coach
SLUS-21408,FIFA World Cup Germany 2006
SLUS-21409,LEGO Star Wars II: The Original Trilogy
SLUS-21410,Mortal Kombat: Armageddon
SLUS-21412,World Championship Poker featuring Howard Lederer: All In
SLUS-21413,Thrillville
SLUS-21414,Delta Force: Black Hawk Down: Team Sabre
SLUS-21415,The Ant Bully
SLUS-21416,Professional Drift: D1 Grand Prix Series
SLUS-21417,Xenosaga Episode III: Also sprach Zarathustra (Disc 2)
SLUS-21418,Sprint Cars: Road to Knoxville
SLUS-21419,Dirge of Cerberus: Final Fantasy VII
SLUS-21420,Disney's Chicken Little: Ace in Action
SLUS-21421,SpyHunter: Nowhere to Run
SLUS-21422,Tom Clancy's Ghost Recon: Advanced Warfighter
SLUS-21423,Grand Theft Auto: Liberty City Stories
SLUS-21424,NBA 2K7
SLUS-21425,NHL 2K7
SLUS-21426,Call of Duty 3
SLUS-21427,WWE SmackDown vs. Raw 2007
SLUS-21428,Bionicle Heroes
SLUS-21430,IGPX: Immortal Grand Prix
SLUS-21431,Shin Megami Tensei: Devil Summoner: Raidou Kuzunoha vs. the Soulless Army
SLUS-21432,NRA Gun Club
SLUS-21433,FIFA Soccer 07
SLUS-21434,Superman Returns
SLUS-21435,Shonen Jump's One Piece: Grand Adventure
SLUS-21436,Just Cause
SLUS-21437,Disney's Kim Possible: What's the Switch?
SLUS-21438,Cartoon Network Racing
SLUS-21439,Destroy All Humans! 2
SLUS-21440,Big Idea's VeggieTales: LarryBoy and the Bad Apple
SLUS-21441,Dragon Ball Z: Budokai Tenkaichi 2
SLUS-21442,Super Dragon Ball Z
SLUS-21443,The Da Vinci Code
SLUS-21444,Tony Hawk's Project 8
SLUS-21445,Ar tonelico: Melody of Elemia
SLUS-21446,Family Feud
SLUS-21447,Guitar Hero II
SLUS-21448,Rule of Rose
SLUS-21449,The Fast and the Furious
SLUS-21450,Super PickUps
SLUS-21451,The Grim Adventures of Billy & Mandy
SLUS-21452,Valkyrie Profile 2: Silmeria
SLUS-21453,Walt Disney Pictures Presents Meet the Robinsons
SLUS-21454,DreamWorks Shrek the Third
SLUS-21455,Happy Feet
SLUS-21456,Tony Hawk's Downhill Jam
SLUS-21457,World Championship Paintball
SLUS-21458,NHL 07
SLUS-21459,NCAA Football 07
SLUS-21460,NBA Live 07
SLUS-21461,NASCAR 07
SLUS-21462,Samurai Warriors 2
SLUS-21463,College Hoops 2K7
SLUS-21464,Winning Eleven: Pro Evolution Soccer 2007
SLUS-21465,Raiden III
SLUS-21466,The Plan
SLUS-21467,Open Season
SLUS-21469,Nicktoons: Battle for Volcano Island
SLUS-21470,Bratz: Forever Diamondz
SLUS-21471,Tokobot Plus: Mysteries of the Karakuri
SLUS-21473,Capcom Classics Collection Vol. 2
SLUS-21474,The History Channel: Civil War: A Nation Divided
SLUS-21475,Final Fantasy XII
SLUS-21476,Madden NFL 07
SLUS-21477,Madden NFL 07
SLUS-21478,Pirates: Legend of the Black Buccaneer
SLUS-21479,Reservoir Dogs
SLUS-21480,Dot Hack G.U. Vol. 1: Rebirth: Terminal Disc
SLUS-21481,NCAA March Madness 07
SLUS-21482,NFL Street 3
SLUS-21483,Tiger Woods PGA Tour 07
SLUS-21484,DreamWorks & Aardman Flushed Away
SLUS-21485,Backyard Sports: Basketball 2007
SLUS-21486,Eagle Eye Golf
SLUS-21487,Art of Fighting Anthology
SLUS-21488,Dot Hack G.U. Vol. 2: Reminisce
SLUS-21489,Dot Hack G.U. Vol. 3: Redemption
SLUS-21490,Test Drive Unlimited
SLUS-21491,World Series of Poker: Tournament of Champions: 2007 Edition
SLUS-21492,Scarface: The World Is Yours
SLUS-21493,Need for Speed: Carbon
SLUS-21494,Need for Speed: Carbon: Collector's Edition
SLUS-21495,Carol Vorderman's Sudoku
SLUS-21496,ProStroke Golf: World Tour 2007
SLUS-21497,Strawberry Shortcake: The Sweet Dreams Game
SLUS-21498,Naruto: Uzumaki Chronicles
SLUS-21499,Corvette Evolution GT
SLUS-21500,Suzuki Super-Bikes II: Riding Challenge
SLUS-21501,Raw Danger
SLUS-21503,God Hand
SLUS-21536,The Sims 2: Pets
SLUS-21537,Fatal Fury: Battle Archives Volume 1
SLUS-21538,Eureka Seven Vol. 2: The New Vision
SLUS-21539,Greg Hastings' Tournament Paintball Max'd
SLUS-21540,Karaoke Revolution Presents: American Idol
SLUS-21541,Disney/Pixar Ratatouille
SLUS-21542,Sega Genesis Collection
SLUS-21543,Mortal Kombat: Armageddon
SLUS-21544,Fantastic Four: Rise of the Silver Surfer
SLUS-21545,Disney Pirates of the Caribbean: At World's End
SLUS-21547,NHRA Drag Racing: Countdown to the Championship
SLUS-21548,Mercury Meltdown Remix
SLUS-21549,The Sopranos: Road to Respect
SLUS-21550,Metal Slug Anthology
SLUS-21551,Artlist Collection: The Dog Island
SLUS-21552,Spider-Man 3
SLUS-21553,Lumines Plus
SLUS-21554,The King of Fighters Collection: The Orochi Saga
SLUS-21555,Lara Croft Tomb Raider: Anniversary
SLUS-21556,Konami Kids Playground: Dinosaurs: Shapes & Colors
SLUS-21557,"Konami Kids Playground: Frogger: Hop, Skip & Jumpin' Fun"
SLUS-21558,Konami Kids Playground: Toy Pals Fun with Numbers
SLUS-21559,Konami Kids Playground: Alphabet Circus
SLUS-21560,Family Guy: Video Game!
SLUS-21561,Major League Baseball 2K7
SLUS-21563,Horsez
SLUS-21564,Atelier Iris 3: Grand Phantasm
SLUS-21566,Brunswick Pro Bowling
SLUS-21567,Shining Force EXA
SLUS-21568,Arena Football: Road To Glory
SLUS-21569,Shin Megami Tensei: Persona 3
SLUS-21570,Heatseeker
SLUS-21571,Growlanser: Heritage of War
SLUS-21572,Surf's Up
SLUS-21573,Harley-Davidson Motorcycles: Race to the Rally
SLUS-21574,Dawn of Mana
SLUS-21575,Naruto: Ultimate Ninja 2
SLUS-21576,Rayman: Raving Rabbids
SLUS-21577,Odin Sphere
SLUS-21578,Biker Mice from Mars
SLUS-21579,Barbie in the 12 Dancing Princesses
SLUS-21580,MTV Pimp My Ride
SLUS-21581,UEFA Champions League 2006-2007
SLUS-21582,MVP 07 NCAA Baseball
SLUS-21583,Crash of the Titans
SLUS-21584,Romance of the Three Kingdoms XI
SLUS-21585,Samurai Warriors 2: Empires
SLUS-21586,Guitar Hero Encore: Rocks the 80s
SLUS-21587,Made Man: Confessions of the Family Blood
SLUS-21588,Nickelodeon Avatar: The Last Airbender: The Burning Earth
SLUS-21589,Pinball Hall of Fame: The Williams Collection
SLUS-21590,Grand Theft Auto: Vice City Stories
SLUS-21591,Ski-Doo Snow X Racing
SLUS-21592,The Adventures of Darwin
SLUS-21593,Juiced 2: Hot Import Nights
SLUS-21594,Naruto: Uzumaki Chronicles 2
SLUS-21595,TMNT
SLUS-21596,Burnout Dominator
SLUS-21597,Medal of Honor: Vanguard
SLUS-21598,Digimon World: Data Squad
SLUS-21599,Disney High School Musical: Sing It!
SLUS-21600,Spider-Man: Friend or Foe
SLUS-21601,Sprint Cars 2: Showdown at Eldora
SLUS-21602,Transformers: The Game
SLUS-21603,Soul Nomad & the World Eaters
SLUS-21604,GrimGrimoire
SLUS-21605,Nicktoons: Attack of the Toybots
SLUS-21606,Metropolismania 2
SLUS-21607,The Legend of Spyro: The Eternal Night
SLUS-21608,Dance Dance Revolution SuperNova 2
SLUS-21609,Dance Dance Revolution: Disney Channel Edition
SLUS-21611,Thrillville: Off the Rails
SLUS-21612,Legend of the Dragon
SLUS-21613,Manhunt 2
SLUS-21614,Star Wars: The Force Unleashed
SLUS-21615,Wild Arms 5
SLUS-21616,Tony Hawk's Proving Ground
SLUS-21617,Spider-Man 3
SLUS-21618,The Plan
SLUS-21619,Harry Potter and the Order of the Phoenix
SLUS-21620,NCAA Football 08
SLUS-21621,Shin Megami Tensei: Persona 3 FES
SLUS-21622,DreamWorks Bee Movie Game
SLUS-21623,The Bigs
SLUS-21624,Cabela's Trophy Bucks
SLUS-21625,Cabela's Big Game Hunter 2008
SLUS-21626,Stuntman: Ignition
SLUS-21627,Jackass: The Game
SLUS-21628,Hot Wheels: Beat That!
SLUS-21629,Samurai Shodown Anthology
SLUS-21630,Star Trek: Conquest
SLUS-21631,Phantasy Star Universe: Ambition of the Illuminus
SLUS-21632,NHL 2K8
SLUS-21633,Aqua Teen Hunger Force: Zombie Ninja Pro-Am
SLUS-21634,Crazy Frog Arcade Racer
SLUS-21635,Monster Jam
SLUS-21636,Looney Tunes: Acme Arsenal
SLUS-21637,Disney/Pixar Cars: Mater-National Championship
SLUS-21638,Madden NFL 08
SLUS-21639,NASCAR 08
SLUS-21640,Rugby 08
SLUS-21641,Innocent Life: A Futuristic Harvest Moon: Special Edition
SLUS-21642,Sonic Riders: Zero Gravity
SLUS-21643,Bratz: The Movie
SLUS-21644,Nickelodeon SpongeBob's Atlantis SquarePantis
SLUS-21645,WWE SmackDown vs. Raw 2008
SLUS-21646,Tiger Woods PGA Tour 08
SLUS-21647,NHL 08
SLUS-21648,FIFA Soccer 08
SLUS-21649,NBA Live 08
SLUS-21650,Mercenaries 2: World in Flames
SLUS-21652,Guilty Gear XX Accent Core
SLUS-21653,Heavenly Guardian
SLUS-21654,Kane & Lynch: Dead Men (Sneak Preview)
SLUS-21655,CSI: Crime Scene Investigation: 3 Dimensions of Murder
SLUS-21656,Hannspree Ten Kate Honda SBK: Superbike World Championship
SLUS-21658,Need for Speed: ProStreet
SLUS-21660,Disney Princess: Enchanted Journey
SLUS-21661,Ben 10: Protector of Earth
SLUS-21662,Warriors Orochi
SLUS-21663,Cocoto Fishing Master
SLUS-21664,The Sims 2: Castaway
SLUS-21665,The Simpsons Game
SLUS-21666,Mountain Bike Adrenaline
SLUS-21668,George of the Jungle and the Search for the Secret
SLUS-21669,NBA 2K8
SLUS-21670,Backyard Football '08
SLUS-21671,MLB Power Pros
SLUS-21672,Guitar Hero III: Legends of Rock
SLUS-21673,College Hoops 2K8
SLUS-21674,Petz: Dogz 2
SLUS-21675,Petz: Catz 2
SLUS-21676,Dancing with the Stars
SLUS-21677,The Golden Compass
SLUS-21678,Dragon Ball Z: Budokai Tenkaichi 3
SLUS-21679,Power Rangers: Super Legends: 15th Anniversary
SLUS-21680,Harvey Birdman: Attorney at Law
SLUS-21681,Boogie
SLUS-21682,Rock Band
SLUS-21683,Yu-Gi-Oh! GX: The Beginning of Destiny
SLUS-21684,Barbie as the Island Princess
SLUS-21685,PES 2008: Pro Evolution Soccer
SLUS-21686,World Series of Poker 2008: Battle for the Bracelets
SLUS-21687,The King of Fighters XI
SLUS-21688,MotoGP 07
SLUS-21689,Petz: Horsez 2
SLUS-21690,Alone in the Dark
SLUS-21691,Swashbucklers: Blue vs. Grey
SLUS-21692,Puzzle Quest: Challenge of the Warlords
SLUS-21693,7 Wonders of the Ancient World
SLUS-21694,Final Fantasy XI: Online: Wings of the Goddess Expansion Pack
SLUS-21696,Ford Racing: Off Road
SLUS-21697,Iridium Runners
SLUS-21698,NCAA March Madness 08
SLUS-21699,UEFA Euro 2008: Austria-Switzerland
SLUS-21701,MX vs. ATV Untamed
SLUS-21702,Fire Pro Wrestling Returns
SLUS-21703,Luxor: Pharaoh's Challenge
SLUS-21704,Final Fantasy XI: Online: Vana'diel Collection 2008
SLUS-21705,Madden NFL 08 en Español
SLUS-21706,Alvin and the Chipmunks
SLUS-21707,Godzilla: Unleashed
SLUS-21708,NeoGeo Battle Coliseum
SLUS-21709,ObsCure: The Aftermath
SLUS-21710,PopCap Hits! Vol. 1
SLUS-21711,RTL Biathlon 2008
SLUS-21712,The History Channel: Battle for the Pacific
SLUS-21713,Winter Sports 2008: The Ultimate Challenge
SLUS-21714,Baroque
SLUS-21715,Cabela's Monster Bass
SLUS-21716,The Spiderwick Chronicles
SLUS-21717,Nick Jr. Dora the Explorer: Dora Saves the Mermaids
SLUS-21718,Nick Jr. Go Diego Go! Safari Rescue
SLUS-21719,Karaoke Revolution Presents: American Idol Encore
SLUS-21720,Arcana Heart
SLUS-21721,Nobunaga's Ambition: Rise to Power
SLUS-21722,Chaos Wars
SLUS-21723,Fatal Fury: Battle Archives Volume 2
SLUS-21724,SNK Arcade Classics Vol. 1
SLUS-21725,World Heroes Anthology
SLUS-21726,Samurai Warriors 2: Xtreme Legends
SLUS-21727,Naruto: Ultimate Ninja 3
SLUS-21728,Crash: Mind over Mutant
SLUS-21729,Major League Baseball 2K8
SLUS-21730,Jumper: Griffin's Story
SLUS-21731,Silent Hill Origins
SLUS-21732,Nickelodeon El Tigre: The Adventures of Manny Rivera
SLUS-21733,Sega Superstars Tennis
SLUS-21734,Falling Stars
SLUS-21735,Mana Khemia: Alchemists of Al-Revis
SLUS-21736,Disney/Pixar WALL-E
SLUS-21737,Riding Star
SLUS-21738,Nitrobike
SLUS-21739,Iron Man
SLUS-21740,Guitar Hero: Aerosmith
SLUS-21741,Sea Monsters: A Prehistoric Adventure
SLUS-21742,Women's Volleyball Championship
SLUS-21743,Code Lyoko: Quest for Infinity
SLUS-21744,NASCAR 09
SLUS-21745,NBA 2K9
SLUS-21746,Call of Duty: World at War: Final Fronts
SLUS-21748,MLB Power Pros 2008
SLUS-21749,Garfield: Lasagna World Tour
SLUS-21750,Disney Hannah Montana: Spotlight World Tour
SLUS-21751,Backyard Baseball '09
SLUS-21752,NCAA Football 09
SLUS-21753,Monopoly
SLUS-21754,CID the Dummy
SLUS-21755,Are You Smarter than a 5th Grader? Make the Grade
SLUS-21756,The Chronicles of Narnia: Prince Caspian
SLUS-21757,DreamWorks Kung Fu Panda
SLUS-21758,Rock Band: Track Pack Volume 1
SLUS-21759,LEGO Indiana Jones: The Original Adventures
SLUS-21760,Jeep Thrills
SLUS-21761,B-Boy
SLUS-21763,NHL 2K9
SLUS-21764,Cake Mania: Baker's Challenge
SLUS-21765,The Incredible Hulk
SLUS-21766,Pipe Mania
SLUS-21767,Dance Dance Revolution X
SLUS-21768,PopCap Hits! Vol. 2
SLUS-21769,Yakuza 2
SLUS-21770,Madden NFL 09
SLUS-21771,NHL 09
SLUS-21772,Tiger Woods PGA Tour 09
SLUS-21773,PDC World Championship Darts
SLUS-21774,Dynasty Warriors 6
SLUS-21775,The Mummy: Tomb of the Dragon Emperor
SLUS-21776,FIFA Soccer 09
SLUS-21777,NBA Live 09
SLUS-21778,Dokapon Kingdom
SLUS-21779,Eternal Poison
SLUS-21780,Ferrari Challenge: Trofeo Pirelli
SLUS-21781,Guitar Hero World Tour
SLUS-21782,Shin Megami Tensei: Persona 4
SLUS-21783,Space Chimps
SLUS-21785,LEGO Batman: The Videogame
SLUS-21786,Summer Athletics: The Ultimate Challenge
SLUS-21787,TNA Impact! Total Nonstop Action Wrestling
SLUS-21788,Ar tonelico II: Melody of Metafalica
SLUS-21789,Cabela's Legendary Adventures
SLUS-21790,DreamWorks Shrek's Carnival Craze: Party Games
SLUS-21791,Bratz: Girlz Really Rock
SLUS-21792,Mercenaries 2: L'Enfer Des Favelas
SLUS-21793,DT Carnage
SLUS-21794,Nickelodeon Go Diego Go! Great Dinosaur Rescue
SLUS-21795,Totally Spies! Totally Party
SLUS-21796,Nickelodeon Dora the Explorer: Dora Saves the Snow Princess
SLUS-21797,Nickelodeon Tak and the Guardians of Gross
SLUS-21798,Shepherd's Crossing
SLUS-21799,Kingdom Hearts: Re:Chain of Memories
SLUS-21800,Rock Band 2
SLUS-21801,Need for Speed: Undercover
SLUS-21802,Nickelodeon The Naked Brothers Band: The Video Game
SLUS-21803,Warriors Orochi 2
SLUS-21804,Nickelodeon Avatar: The Last Airbender: Into the Inferno
SLUS-21805,Hasbro Family Game Night
SLUS-21806,Barbie Horse Adventures: Riding Camp
SLUS-21807,Monster Jam: Urban Assault
SLUS-21808,Harry Potter and the Half-Blood Prince
SLUS-21809,Backyard Football '09
SLUS-21810,WWE SmackDown vs. Raw 2009
SLUS-21811,MotoGP 08
SLUS-21812,Speed Racer
SLUS-21813,007: Quantum of Solace
SLUS-21814,Disney Think Fast
SLUS-21815,Ben 10: Alien Force
SLUS-21816,The King of Fighters '98: Ultimate Match
SLUS-21817,SBK: Superbike World Championship
SLUS-21818,Nickelodeon SpongeBob SquarePants featuring Nicktoons: Globs of Doom
SLUS-21819,Disney High School Musical 3: Senior Year Dance!
SLUS-21820,The Legend of Spyro: Dawn of the Dragon
SLUS-21821,PES 2009: Pro Evolution Soccer
SLUS-21822,Spider-Man: Web of Shadows: Amazing Allies Edition
SLUS-21824,TNA Impact! (Includes Bonus Disc)
SLUS-21825,Pro Bull Riding: Out of the Chute
SLUS-21826,Disney Sing It
SLUS-21827,PopStar Guitar
SLUS-21830,Rock Band: Track Pack Volume 2
SLUS-21831,Army Men: Soldiers of Misfortune
SLUS-21834,Goosebumps HorrorLand
SLUS-21835,History Civil War: Secret Missions
SLUS-21836,Secret Service
SLUS-21838,Monster Lab
SLUS-21839,Ski and Shoot
SLUS-21840,DreamWorks Madagascar: Escape 2 Africa
SLUS-21841,Cabela's Dangerous Hunts 2009
SLUS-21842,Dragon Ball Z: Infinite World
SLUS-21843,Guitar Hero: Metallica
SLUS-21844,Walt Disney Pictures Bolt
SLUS-21845,Shin Megami Tensei: Devil Summoner 2: Raidou Kuzunoha vs. King Abaddon
SLUS-21846,Sonic Unleashed
SLUS-21847,Guilty Gear XX Accent Core Plus
SLUS-21848,AC/DC Live: Rock Band Track Pack
SLUS-21849,Winter Sports 2: The Next Challenge
SLUS-21850,Score International Baja 1000: The Official Game
SLUS-21851,NCAA Basketball 09
SLUS-21852,The Tale of Despereaux
SLUS-21853,Shaun White Snowboarding
SLUS-21854,Coraline
SLUS-21855,NPPL Championship Paintball 2009
SLUS-21857,Short Track Racing: Trading Paint
SLUS-21858,Tomb Raider: Underworld
SLUS-21860,The Bigs 2
SLUS-21861,Disney Sing It: High School Musical 3: Senior Year
SLUS-21862,Naruto Shippuden: Ultimate Ninja 4
SLUS-21863,Suzuki TT Superbikes: Real Road Racing Championship
SLUS-21864,Disney/Pixar Up
SLUS-21865,Guitar Hero 5
SLUS-21866,Guitar Hero: Smash Hits
SLUS-21867,Guitar Hero: Van Halen
SLUS-21868,Nobunaga's Ambition: Iron Triangle
SLUS-21869,Trivial Pursuit
SLUS-21870,DreamWorks Monsters vs. Aliens
SLUS-21871,Major League Baseball 2K9
SLUS-21872,MTV Pimp My Ride: Street Racing
SLUS-21873,Dynasty Warriors: Gundam 2
SLUS-21876,Rock Band Track Pack: Classic Rock
SLUS-21877,Tiger Woods PGA Tour 10
SLUS-21878,Ice Age: Dawn of the Dinosaurs
SLUS-21879,Marvel: Ultimate Alliance 2
SLUS-21880,X-Men Origins: Wolverine
SLUS-21881,Transformers: Revenge of the Fallen
SLUS-21882,Ghostbusters: The Video Game
SLUS-21883,Disney/Pixar Cars: Race-O-Rama
SLUS-21884,Backyard Baseball '10
SLUS-21885,Indiana Jones and the Staff of Kings
SLUS-21886,G.I. Joe: The Rise of Cobra
SLUS-21888,Rock Band: Country Track Pack
SLUS-21889,Rock Band: Metal Track Pack
SLUS-21890,Mana Khemia 2: Fall of Alchemy
SLUS-21891,Disney G-Force
SLUS-21892,NCAA Football 10
SLUS-21893,Madden NFL 10
SLUS-21895,Astro Boy: The Video Game
SLUS-21896,The Secret Saturdays: Beasts of the 5th Sun
SLUS-21897,Shin Megami Tensei: Devil Summoner 2: Raidou Kuzunoha vs. King Abaddon
SLUS-21898,Band Hero
SLUS-21899,Silent Hill: Shattered Memories
SLUS-21900,Scooby-Doo! First Frights
SLUS-21901,WWE SmackDown vs. Raw 2010
SLUS-21902,Bakugan: Battle Brawlers
SLUS-21904,Teenage Mutant Ninja Turtles: Smash-Up
SLUS-21905,FIFA Soccer 10
SLUS-21906,Cabela's Outdoor Adventures 2010
SLUS-21907,Jurassic: The Hunted
SLUS-21908,NBA 2K10
SLUS-21909,DJ Hero
SLUS-21910,Marvel Super Hero Squad
SLUS-21913,Star Wars: The Clone Wars: Republic Heroes
SLUS-21914,NHL 2K10
SLUS-21915,The Lord of the Rings: Aragorn's Quest
SLUS-21917,Dance Dance Revolution X2
SLUS-21918,PES 2010: Pro Evolution Soccer
SLUS-21919,Backyard Football '10
SLUS-21920,Disney Sing It: Pop Hits
SLUS-21921,Ben 10: Alien Force: Vilgax Attacks
SLUS-21923,Nickelodeon Dora the Explorer: Dora Saves the Crystal Kingdom
SLUS-21924,Guitar Hero: Van Halen
SLUS-21926,"Nickelodeon Ni Hao, Kai-Lan: Super Game Day"
SLUS-21927,"Sakura Wars: So Long, My Love (Disc 1) (English Voice Over)"
SLUS-21928,Scooby-Doo! and the Spooky Swamp
SLUS-21929,Major League Baseball 2K10
SLUS-21930,"Sakura Wars: So Long, My Love (Disc 2) (Japanese Voice Over)"
SLUS-21931,Disney/Pixar Toy Story 3
SLUS-21932,NCAA Football 11
SLUS-21933,Despicable Me: The Game
SLUS-21934,Rapala Pro Bass Fishing
SLUS-21935,Cabela's North American Adventures
SLUS-21936,NBA 2K11
SLUS-21937,Madden NFL 11
SLUS-21938,Ben 10: Ultimate Alien: Cosmic Destruction
SLUS-21939,WWE SmackDown vs. Raw 2011
SLUS-21940,WWE All Stars
SLUS-21941,FIFA Soccer 11
SLUS-21942,PES 2011: Pro Evolution Soccer
SLUS-21944,Nickelodeon Dora's Big Birthday Adventure
SLUS-21945,Major League Baseball 2K11
SLUS-21946,Madden NFL 12
SLUS-21947,FIFA Soccer 12
SLUS-21948,PES 2012: Pro Evolution Soccer
SLUS-21949,Netflix Streaming Disc
SLUS-21950,NBA 2K12
SLUS-21951,Major League Baseball 2K12
SLUS-21954,FIFA 13
SLUS-21955,PES 2013: Pro Evolution Soccer
SLUS-22145,Suikoden Tactics
SLUS-26138,Madden NFL 08
SLUS-27003,Grand Theft Auto: Vice City
SLUS-27004,Devil May Cry: 5th Anniversary Collection (dark cover)
SLUS-27005,Need for Speed: Collector's Series
SLUS-27006,Grand Theft Auto: The Trilogy
SLUS-27008,Crash Bandicoot: Action Pack
SLUS-27009,Harry Potter Collection
SLUS-27010,Hitman Trilogy
SLUS-27011,Resident Evil: The Essentials (Capcom Entertainment Inc.)
SLUS-27013,Burnout Anthology
SLUS-27015,Metal Gear Solid: The Essential Collection
SLUS-27019,Naruto: Ultimate Collection
SLUS-27021,Onimusha Essentials
SLUS-27025,Guitar Hero 3-Disc Set
SLUS-27026,Rock University Presents: The Naked Brothers Band: The Video Game: Microphone Pack
SLUS-27030,Disney High School Musical 3: Senior Year Dance! (Dance Pad inside!)
SLUS-27035,Grand Theft Auto Double Pack: Liberty City Stories / Vice City Stories
SLUS-27037,"Sakura Wars: So Long, My Love: Premium Box"
SLUS-27093,FIFA 14
SLUS-28002,Red Faction
SLUS-28004,Klonoa 2: Lunatea's Veil
SLUS-28006,Burnout
SLUS-28007,All-Star Baseball 2003 featuring Derek Jeter
SLUS-28008,SkyGunner
SLUS-28009,UFC: Throwdown
SLUS-28010,Star Wars: Jedi Starfighter
SLUS-28012,Tekken 4
SLUS-28013,Dual Hearts
SLUS-28014,Mat Hoffman's Pro BMX 2
SLUS-28015,Gungrave
SLUS-28016,Shinobi
SLUS-28019,Haven: Call of the King
SLUS-28020,EverQuest: Online Adventures
SLUS-28021,EverQuest: Online Adventures
SLUS-28023,Dot Hack Part 1: Infection
SLUS-28025,Disaster Report
SLUS-28026,EverQuest: Online Adventures
SLUS-28027,Black & Bruised
SLUS-28029,High Heat Major League Baseball 2004
SLUS-28031,Auto Modellista
SLUS-28032,Dot Hack Part 2: Mutation
SLUS-28034,Disgaea: Hour of Darkness
SLUS-28037,Kya: Dark Lineage
SLUS-28039,Rogue Ops
SLUS-28040,Transformers
SLUS-28043,Test Drive: Eve of Destruction
SLUS-28044,Choro Q
SLUS-28045,Shin Megami Tensei: Nocturne
SLUS-28046,Guilty Gear Isuka
SLUS-28049,Shin Megami Tensei: Digital Devil Saga
SLUS-28050,Stella Deus: The Gate of Eternity
SLUS-28051,Samurai Western
SLUS-28052,Shin Megami Tensei: Digital Devil Saga 2
SLUS-28053,Magna Carta: Tears of Blood
SLUS-28054,Combat Elite: WWII Paratroopers
SLUS-28056,State of Emergency 2
SLUS-28059,Metal Saga
SLUS-28061,Steambot Chronicles
SLUS-28062,Dance Factory
SLUS-28063,Rule of Rose
SLUS-28064,Shin Megami Tensei: Devil Summoner: Raidou Kuzunoha vs. the Soulless Army
SLUS-28065,Odin Sphere
SLUS-28067,Shin Megami Tensei: Persona 3
SLUS-28068,Shin Megami Tensei: Persona 3 FES
SLUS-28069,Shin Megami Tensei: Persona 4
SLUS-29001,ESPN Winter X Games Snowboarding
SLUS-29003,Metal Gear Solid 2: Sons of Liberty: Trial Edition
SLUS-29004,Unison: Rebels of Rhythm & Dance / DOA2: Hardcore
SLUS-29005,Red Faction
SLUS-29006,MX 2002 featuring Ricky Carmichael
SLUS-29007,Arctic Thunder
SLUS-29008,ESPN X Games Skateboarding
SLUS-29009,Devil May Cry
SLUS-29010,Crash Bandicoot: The Wrath of Cortex
SLUS-29011,WWF SmackDown! Just Bring It
SLUS-29012,Top Gun: Combat Zones
SLUS-29013,Victorious Boxers: Ippo's Road to Glory
SLUS-29014,Half-Life
SLUS-29015,Dark Summit
SLUS-29016,X-Games Winter SnoCross + ESPN International Winter Sports 2002 + Winter X Games Snowboarding 2002
SLUS-29017,AirBlade
SLUS-29019,High Heat Major League Baseball 2003
SLUS-29020,SkyGunner
SLUS-29021,Aggressive Inline
SLUS-29022,UFC: Throwdown
SLUS-29025,Robot Alchemic Drive
SLUS-29026,MX SuperFly
SLUS-29027,Red Faction II
SLUS-29029,Summoner 2
SLUS-29030,FireBlade
SLUS-29032,Egg Mania: Eggstreme Madness
SLUS-29033,Dual Hearts
SLUS-29034,Tekken 4
SLUS-29035,Eidos Demo Disc
SLUS-29036,The Scorpion King: Rise of the Akkadian
SLUS-29037,DDRMAX: Dance Dance Revolution
SLUS-29038,Haven: Call of the King
SLUS-29040,Dr. Muto
SLUS-29042,Dot Hack Part 1: Infection
SLUS-29044,Pride FC: Fighting Championships
SLUS-29045,Black & Bruised
SLUS-29047,Def Jam: Vendetta
SLUS-29048,Tom Clancy's Splinter Cell
SLUS-29049,"Warhammer 40,000: Fire Warrior"
SLUS-29050,EverQuest: Online Adventures
SLUS-29053,NBA Street Vol. 2
SLUS-29054,Splashdown: Rides Gone Wild
SLUS-29055,Dot Hack Part 2: Mutation
SLUS-29056,Alter Echo
SLUS-29057,Sphinx and the Shadow of Set
SLUS-29058,Soulcalibur II
SLUS-29059,Hunter: The Reckoning: Wayward
SLUS-29060,Gladius
SLUS-29061,Freaky Flyers
SLUS-29063,EverQuest: Online Adventures: Frontiers
SLUS-29065,Dot Hack Part 3: Outbreak
SLUS-29067,Tak and the Power of Juju
SLUS-29068,Crash Nitro Kart
SLUS-29069,Prince of Persia: The Sands of Time
SLUS-29070,XIII
SLUS-29071,Namco Transmission v1.03
SLUS-29073,Need for Speed: Underground
SLUS-29074,DDRMAX2: Dance Dance Revolution
SLUS-29077,I-Ninja
SLUS-29079,NCAA March Madness 2004
SLUS-29080,Whiplash
SLUS-29081,Metal Arms: Glitch in the System
SLUS-29082,Beyond Good & Evil
SLUS-29083,Maximo vs Army of Zin
SLUS-29084,Dot Hack Part 4: Quarantine
SLUS-29085,Champions of Norrath: Realms of Everquest
SLUS-29087,Square Enix Sampler Disc Volume One: Drakengard Playable Demo
SLUS-29088,Champions of Norrath
SLUS-29089,Resident Evil: Outbreak
SLUS-29091,MX Unleashed
SLUS-29093,NFL Street
SLUS-29095,007: Everything or Nothing
SLUS-29096,Fight Night 2004
SLUS-29098,Square Enix Sampler Disc Volume Two: Front Mission 4 Playable Demo
SLUS-29100,Ribbit King
SLUS-29101,Crash Twinsanity / Spyro: A Hero's Tail
SLUS-29104,Galactic Wrestling featuring Ultimate Muscle: The Kinnikuman Legacy
SLUS-29107,Transformers
SLUS-29108,Def Jam: Fight for NY
SLUS-29110,Monster Hunter
SLUS-29111,Asterix & Obelix: Kick Buttix
SLUS-29113,Burnout 3: Takedown
SLUS-29116,WWE SmackDown! vs. Raw
SLUS-29117,Battlefield 2: Modern Combat
SLUS-29118,Need for Speed: Underground 2
SLUS-29123,Ghost in the Shell: Stand Alone Complex
SLUS-29124,Fight Club
SLUS-29125,Konami Preview Disc
SLUS-29126,Champions: Return to Arms
SLUS-29127,FIFA Soccer 2005
SLUS-29129,25 to Life
SLUS-29130,Crash 'n' Burn
SLUS-29131,Project: Snowblind
SLUS-29132,S.L.A.I.: Steel Lancer Arena International
SLUS-29133,Namco Transmission v2
SLUS-29134,Namco Transmission Vol. 2
SLUS-29135,NCAA March Madness 2005
SLUS-29137,Mercenaries
SLUS-29138,The Punisher
SLUS-29139,Shadow of Rome
SLUS-29140,MX vs. ATV Unleashed
SLUS-29141,NBA Street V3
SLUS-29145,Fight Night Round 2
SLUS-29147,Juiced
SLUS-29148,The Incredible Hulk: Ultimate Destruction
SLUS-29149,Flipnic: Ultimate Pinball
SLUS-29150,Destroy All Humans!
SLUS-29151,Enthusia: Professional Racing
SLUS-29152,Battlefield 2: Modern Combat
SLUS-29153,Burnout Revenge
SLUS-29154,NHL 06
SLUS-29155,Need for Speed: Most Wanted
SLUS-29156,Marvel Nemesis: Rise of the Imperfects
SLUS-29157,Dragon Quest VIII: Journey of the Cursed King
SLUS-29159,Shonen Jump's One Piece: Grand Battle
SLUS-29160,FIFA 06
SLUS-29161,SSX on Tour
SLUS-29162,NBA Live 06
SLUS-29163,NCAA March Madness 06
SLUS-29164,Star Wars: Battlefront II
SLUS-29167,EA Demo Disc: From Russia with Love + Need for Speed: Most Wanted + SSX on Tour
SLUS-29168,007: From Russia with Love
SLUS-29169,Resident Evil 4
SLUS-29170,Total Overdose: A Gunslinger's Tale in Mexico
SLUS-29171,Final Fantasy XII
SLUS-29172,Battlefield 2: Modern Combat
SLUS-29173,The Sims 2
SLUS-29174,Namco Transmission v3.1
SLUS-29175,Namco Transmission v3.2
SLUS-29178,TOCA Race Driver 3
SLUS-29179,Sonic Riders
SLUS-29180,Black
SLUS-29183,Fight Night Round 3
SLUS-29185,Driver: Parallel Lines
SLUS-29188,Steambot Chronicles
SLUS-29189,FIFA World Cup Germany 2006
SLUS-29191,Hitman: Blood Money / Urban Chaos: Riot Response
SLUS-29192,Test Drive Unlimited
SLUS-29193,Need for Speed: Carbon
SLUS-29194,FIFA Soccer 07
SLUS-29195,Yakuza
SLUS-29196,Destroy All Humans! 2
SLUS-29197,DreamWorks & Aardman Flushed Away
SLUS-29198,Guitar Hero II
SLUS-29199,Dot Hack G.U. Vol. 1: Rebirth
SLUS-29200,Konami Kids Playground
SLUS-29201,FIFA Soccer 08
SLUS-97124,Jak and Daxter: The Precursor Legacy: Greatest Hits
SLUS-97142,Primal
SLUS-97203,Wild Arms 3
SLUS-97405,ATV Offroad Fury 3
SLUS-97414,EyeToy: AntiGrav
SNS-P-M4,Super Bomberman 2
SRPM-70201,Space Venus Starring Morning Musume.
TCES-10001,Mirage
TCES-51613,This Is Football 2004
TCES-51904,SOCOM II: U.S. Navy SEALs
TCES-52004,Killzone
TCES-52033,Syphon Filter: The Omega Strain
TCES-52042,Formula One 04
TCES-52154,EyeToy: Chat
TCES-52389,WRC 4: The Official Game of the FIA World Rally Championship
TCES-52426,This Is Football 2005
TCES-52456,Ratchet & Clank 3
TCES-52582,Everybody's Golf
TCES-53033,Formula One 05
TCES-53247,WRC 5 WT
TCES-53286,Jak X
TCPS-10051,Shikigami no Shiro (Limited Edition)
TCPS-10054,Combat Queen
TCPS-10058,Densha de Go! Shinkansen: Sanyou Shinkansen-hen [PlayStation 2 the Best with Controller]
TCPS-10074,Space Invaders Anniversary: Kyoutai-gata Controller Doukon Set
TCPS-10081,Shikigami no Shiro II (Limited Edition)
TCPS-10084,Zero Shikikan Josentoki (Limited Edition)
TCPS-10085,Densha de Go! Final [Limited Edition]
TCPS-10091,Densha de Go! Professional 2 [Taito Best]
TCPS-10099,Densha de Go! Ryojou-Hen [Taito Best]
TCPS-10109,Ys III: Wanderer from Ys (Limited Edition)
TCPS-10117,Mushihimesama (Limited Edition)
TCPS-10133,Psychic Force Complete [with Wong Figurine]
TCPS-10134,Psychic Force Complete [with Emilio Figurine]
TCPS-10135,Psychic Force Complete [with Wendy Figurine]
TCPS-10136,Psychic Force Complete [Limited Box]
TCPS-10148,Zero Shikikan Josentoki Ni (Limited Edition)
TCPS-10153,Rozen Maiden: Duellwalzer [Limited Edition]
TCPS-10180,Zero Shikikan Josentoki Ni (Taito The Best)
TCPS-10181,Rozen Maiden ~ Gebetgarten
TLES-52149,Tom Clancy's Splinter Cell: Pandora Tomorrow
TLES-52339,Crash 'n' Burn
TLES-52707,Monster Hunter
TLES-52768,Commandos: Strike Force
TLES-52781,WWE SmackDown! vs. Raw
TLES-52940,S.L.A.I.: Steel Lancer Arena International
TLES-53544,Pro Evolution Soccer 5
TLES-54240,FIFA 07
TLES-82043,Metal Gear Solid 3: Subsistence
TOKIGS2SP,Tokimeki Memorial Girl's Side 2nd Kiss [Special Edition]
ULKS-25470,Zone of the Enders: The 2nd Runner (BigHit Series)
USG-001,Nintendo DS Lite (Jet Black)
VUGJ-10001,Ice Age 2: The Meltdown (with DVD)
WLFD-00810,Will O' Wisp: Easter no Kiseki [Twin Pack]
WMP2-00201,Wand of fortune: Twin Pack
YET-004,Shin Koihime Musou: Otome Ryouran Sangokushi Engi: Shokai Genteiban
