SCES_020.66;Ace Combat 3 - Electrosphere (Europe) (En,Fr,De,Es,It);
"SLPM_867.70
SLPS_002.22";Bio Hazard (Japan) (Rev 1);
SLPS_023.00;Biohazard 3 - Last Escape (Japan);
SLUS_006.63;Bushido Blade 2 (USA);
"SLUS_010.41
SLUS_010.41GH
SLUS_010.41GH_F";Chrono Cross (USA, Canada) (Disc 1);
"SLUS_010.80
SLUS_010.80GH
SLUS_010.80GH_F";Chrono Cross (USA, Canada) (Disc 2);
SLUS_005.39;Clock Tower (USA);
SLUS_006.95;Clock Tower II - The Struggle Within (USA);
SLUS_006.65;Command & Conquer - Red Alert - Retaliation (USA) (Disc 1) (Allies);
SLUS_006.67;Command & Conquer - Red Alert - Retaliation (USA) (Disc 2) (Soviet);
SLES_027.93;Crisis Beat (Europe);
SLUS_006.19;Diablo (USA) (En,Fr,De,Sv);
"SLUS_008.42
SLUS_008.42GH";Driver - You Are the Wheelman (USA) (Rev 1);
"SLES_034.28
SLES_034.28_GER";Evil Dead - Hail to the King (Europe) (Disc 1);
"SLES_134.28
SLES_134.28_GER";Evil Dead - Hail to the King (Europe) (Disc 2);
SLUS_010.72;Evil Dead - Hail to the King (USA) (Disc 1);
SLUS_013.26;Evil Dead - Hail to the King (USA) (Disc 2);
SLES_000.97;Exhumed (Europe) (En,Fr,De,Es);
SLUS_005.33;Felony 11-79 (USA);
"SCES_038.40
SCES_038.40_ANZ";Final Fantasy Anthology - European Edition - Final Fantasy IV (Europe, Australia);
"SCES_138.40
SCES_138.40_ANZ";Final Fantasy Anthology - European Edition - Final Fantasy V (Europe, Australia);
SLUS_008.79;Final Fantasy Anthology - Final Fantasy V (USA);
SLUS_009.00;Final Fantasy Anthology - Final Fantasy VI (USA);
SLUS_013.60;Final Fantasy Chronicles - Final Fantasy IV (USA, Canada);
SLUS_013.63;Final Fantasy Chronicles - Chrono Trigger (USA, Canada);
SLUS_015.41;Final Fantasy Origins (USA);
"SLUS_015.41
SLUS_015.41F
SLUS_015.41GH";Final Fantasy Origins (USA, Canada) (Rev 1);
SCUS_942.21;Final Fantasy Tactics (USA);
"SCES_038.28
SCES_038.28_ANZ";Final Fantasy VI (Europe, Australia);
SLPS_007.00;Final Fantasy VII (Japan) (Disc 1);
SLPS_007.01;Final Fantasy VII (Japan) (Disc 2);
SLPS_007.02;Final Fantasy VII (Japan) (Disc 3);
SCES_008.67;Final Fantasy VII (Europe) (Disc 1);
SCES_108.67;Final Fantasy VII (Europe) (Disc 2);
SCES_208.67;Final Fantasy VII (Europe) (Disc 3);
SCUS_941.63;Final Fantasy VII (USA) (Disc 1);
SCUS_941.63;Final Fantasy VII (USA) (Disc 2);
SCUS_941.63;Final Fantasy VII (USA) (Disc 3);
"SLUS_008.92
SLUS_008.92GH";Final Fantasy VIII (USA) (Disc 1);
"SLUS_009.08
SLUS_009.08GH";Final Fantasy VIII (USA) (Disc 2);
"SLUS_009.09
SLUS_009.09GH";Final Fantasy VIII (USA) (Disc 3);
"SLUS_009.10
SLUS_009.10GH";Final Fantasy VIII (USA) (Disc 4);
"SLUS_012.51
SLUS_012.51GH
SLUS_012.51GH_F";Final Fantasy IX (USA, Canada) (Disc 1);
"SLUS_012.95
SLUS_012.95GH
SLUS_012.95GH_F";Final Fantasy IX (USA, Canada) (Disc 2);
"SLUS_012.96
SLUS_012.96GH
SLUS_012.96GH_F";Final Fantasy IX (USA, Canada) (Disc 3);
"SLUS_012.97
SLUS_012.97GH
SLUS_012.97GH_F";Final Fantasy IX (USA, Canada) (Disc 4);
SLUS_010.11;Front Mission 3 (USA);
"SCES_009.84
SCES_009.84#";Gran Turismo (Europe) (En,Fr,De,Es,It);
SCES_023.80;Gran Turismo 2 (Europe) (En,Fr,De,Es,It) (Disc 1) (Arcade Mode);
SCES_123.80;Gran Turismo 2 (Europe) (En,Fr,De,Es,It) (Disc 2) (Gran Turismo Mode);
SCUS_944.55;Gran Turismo 2 (USA) (Arcade Mode);
SCUS_944.88;Gran Turismo 2 (USA) (Simulation Mode);
SLUS_011.15;Harvest Moon - Back to Nature (USA);
"SCES_021.49
SCES_021.49_RUS
SCES_021.49/T1";In Cold Blood (Europe) (Disc 1);
"SCES_121.49
SCES_121.49_RUS
SCES_121.49/T2";In Cold Blood (Europe) (Disc 2);
SLUS_008.54;Jade Cocoon - Story of the Tamamayu (USA);
SLUS_001.58;King's Field (USA);
SCUS_942.54;Legend of Legaia (USA);
SLUS_010.13;Legend of Mana (USA);
"SLUS_010.71
SLUS_010.71A
SLUS_010.71B";Lunar 2 - Eternal Blue Complete (USA) (Disc 1);
"SLUS_012.39
SLUS_012.39A
SLUS_012.39B";Lunar 2 - Eternal Blue Complete (USA) (Disc 2);
"SLUS_012.40
SLUS_012.40A
SLUS_012.40B";Lunar 2 - Eternal Blue Complete (USA) (Disc 3);
SLES_015.08;Metal Gear Solid (Italy) (Disc 1);
SLES_115.08;Metal Gear Solid (Italy) (Disc 2);
"SLUS_005.94
SLUS_805.94";Metal Gear Solid (USA) (Disc 1);
SLUS_007.76;Metal Gear Solid (USA) (Disc 2);
"SLUS_005.94
SLUS_005.94P3";Metal Gear Solid (USA) (Disc 1) (Rev 1);
"SLUS_007.76
SLUS_007.76P3";Metal Gear Solid (USA) (Disc 2) (Rev 1);
SLUS_009.17;Monster Rancher 2 (USA);
SLES_013.56;Music - Music Creation for the PlayStation (Europe) (En,Fr,De,Es,It);
"SLUS_006.20
SLUS_006.20CE";Need for Speed III - Hot Pursuit (USA);
"SLUS_008.26
SLUS_008.26GH";Need for Speed - High Stakes (USA);
SLES_017.88;Need for Speed - Road Challenge (Europe) (En,Sv);
SLUS_006.62;Parasite Eve (USA) (Disc 1);
SLUS_006.68;Parasite Eve (USA) (Disc 2);
SLES_025.58;Parasite Eve II (Europe) (Disc 1);
SLES_125.58;Parasite Eve II (Europe) (Disc 2);
SLUS_003.39;Persona (USA);
"SCPS_453.56
SLPS_018.00";R4 - Ridge Racer Type 4 (Japan, Asia);
SLUS_001.70;Resident Evil (USA);
SLUS_005.51;Resident Evil - Director's Cut (USA);
SLUS_007.47;Resident Evil - Director's Cut - Dual Shock Ver. (USA);
"SLUS_009.23D
SLUS_009.23GH";Resident Evil 3 - Nemesis (USA, Canada);
SCUS_942.30;SaGa Frontier (USA);
SLPM_861.92;Silent Hill (Japan);
"SLES_015.14
SLES_015.14_P";Silent Hill (Europe) (En,Fr,De,Es,It);
"SLUS_007.07
SLUS_007.07GHA";Silent Hill (USA);
SLED_017.35;Silent Hill (Europe) (Demo);
SLES_004.71;SimCity 2000 (Europe) (En,Fr,De,Es);
SLUS_009.58;Suikoden II (USA);
SCUS_942.40;Syphon Filter (USA);
"SLPS_017.70
SLPS_912.10";Tales of Phantasia (Japan);
SCUS_944.91;Legend of Dragoon, The (USA, Canada) (Disc 1);
SCUS_945.84;Legend of Dragoon, The (USA, Canada) (Disc 2);
SCUS_945.85;Legend of Dragoon, The (USA, Canada) (Disc 3);
SCUS_945.86;Legend of Dragoon, The (USA, Canada) (Disc 4);
SLUS_010.19;Threads of Fate (USA, Canada);
SLUS_006.91;Tomb Raider III - Adventures of Lara Croft (USA);
SLES_033.31;Tomb Raider Chronicles (Europe);
SCUS_946.42;Twisted Metal - Small Brawl (USA);
"SLUS_010.40
SLUS_010.40GH";Vagrant Story (USA);
SLUS_004.47;Vandal Hearts (USA);
SLUS_004.80;WarCraft II - The Dark Saga (USA) (En,Fr,De,Es,It);
SCES_003.21;Wild Arms (Europe);
SCUS_946.08;Wild Arms (USA);
SCUS_944.84;Wild Arms 2 (USA) (Disc 1);
SCUS_944.98;Wild Arms 2 (USA) (Disc 2);
"SLUS_006.64
SLUS_006.64GH";Xenogears (USA) (Disc 1);
"SLUS_006.69
SLUS_006.69GH";Xenogears (USA) (Disc 2);
SLES_013.74;Tenchu - Stealth Assassins (Europe) (En,Fr,It);
SLES_032.84;Prism Land Story (Europe);
SLUS_004.22;Breath of Fire III (USA);
SLES_022.40_GER;Tomb Raider IV - The Last Revelation (Germany) (EDC);
SLES_023.40;Thrasher - Skate and Destroy (Europe) (En,Fr,De,Es,It);
SLES_023.15;FIFA 2000 (Europe) (En,De,Es,Nl,Sv);
SLES_014.04#;Grand Theft Auto 2 (Europe) (En,Fr,De,Es,It) (Rev 1);
SLES_002.46;Alien Trilogy (Germany);
SCED_008.25;Euro Demo 29 (Europe);
"SLES_022.03
SLES_022.03#";Jade Cocoon - Die Tamamayu Legende (Germany);
"SLUS_008.85
SLUS_008.85GH";Tomb Raider - The Last Revelation (USA) (Rev 1);
SCES_021.80;Point Blank 2 (Europe, Australia) (En,Fr,De,Es,It);
SLES_000.51;Raiden Project, The (Europe);
"SLUS_009.39
SLUS_009.39GH";Tenchu 2 - Birth of the Stealth Assassins (USA);
SLUS_007.53;R-Types (USA);
SCES_014.20;Crash Bandicoot 3 - Warped (Europe, Australia) (En,Fr,De,Es,It);
SLES_009.27;Constructor (Europe) (En,Fr,De,Es);
SLUS_010.51;Koudelka (USA) (Disc 1);
SLUS_011.00;Koudelka (USA) (Disc 2);
SLUS_011.01;Koudelka (USA) (Disc 3);
SLUS_011.02;Koudelka (USA) (Disc 4);
SLPS_008.30;Ace Combat 2 (Japan);
SLES_021.12;SaGa Frontier 2 (Europe);
SCED_018.29;Euro Demo 55 (Europe);
SCED_026.39;Euro Demo 65 (Europe, Australia);
SCED_026.40;Euro Demo 66 (Europe);
SCED_026.41;Euro Demo 67 (Europe);
SCED_026.38;Euro Demo 64 (Europe, Australia);
SCED_026.44;Euro Demo 70 (Europe);
SCED_026.45;Euro Demo 71 (Europe);
SCED_026.46;Euro Demo 72 (Europe);
SCES_008.92;Disney Jeu d'Action Disney Presente Hercule (France);
SCED_018.23;Euro Demo 49 (Europe, Australia);
SCED_008.26;Euro Demo 30 (Europe, Australia);
SCED_011.51;Euro Demo 41 (Europe, Australia);
SCED_011.52;Euro Demo 42 (Europe, Australia);
SCED_011.53;Euro Demo 43 (Europe);
SCED_018.18;Euro Demo 44 (Europe, Australia);
SCED_018.19;Euro Demo 45 (Europe);
SCED_018.20;Euro Demo 46 (Europe);
SCED_018.21;Euro Demo 47 (Europe);
SCED_018.22;Euro Demo 48 (Europe, Australia);
SCED_018.24;Euro Demo 50 (Europe);
SCUS_943.07;Bogey Dead 6 (USA);
"SCED_018.26
SCED_018.26#";Euro Demo 52 (Europe);
SCED_018.25;Euro Demo 51 (Europe);
SCED_018.27;Euro Demo 53 (Europe, Australia);
SCED_018.28;Euro Demo 54 (Europe);
SCED_018.30;Euro Demo 56 (Europe);
SCED_018.31;Euro Demo 57 (Europe);
SCED_026.32;Euro Demo 58 (Europe, Australia);
SCED_026.33;Euro Demo 59 (Europe);
SCED_026.34;Euro Demo 60 (Europe, Australia);
SCED_026.35;Euro Demo 61 (Europe);
SCED_026.36;Euro Demo 62 (Europe) (EDC);
SCED_026.37;Euro Demo 63 (Europe, Australia);
SCED_026.43;Euro Demo 69 (Europe);
SCED_002.87;Point Blank (Europe) (Demo);
SLES_010.07;Command & Conquer - Alarmstufe Rot (Germany) (Disc 1);
SLES_110.07;Command & Conquer - Alarmstufe Rot (Germany) (Disc 2);
SLUS_010.87;Resident Evil - Survivor (USA);
"PBPX_950.01
PBPX_950.01
SCED_008.16";Demo One (Version 5) (Europe);
SLES_039.86;CT Special Forces (Europe) (En,Fr,De,Es,It,Nl);
SLES_003.75;MechWarrior 2 - Kampfspiel des 31. Jahrhunderts - Arcade Combat Edition (Germany);
SCED_008.24;Euro Demo 28 (Europe);
SCED_008.29;Euro Demo 33 (Europe);
SCES_005.63;Samurai Shodown III (Europe);
SLES_003.52;Top Gun - Fire at Will! (Europe) (En,Fr,De,Es,It);
SLES_002.70;Adidas Power Soccer International '97 (Europe) (En,Fr,De,Es,It,Nl);
"PBPX_950.07
SCED_008.16";Demo One (Version 6) (Europe, Australia) (En,Fr,De,Es,It);
SCUS_941.56;Cardinal Syn (USA);
SLUS_004.21;Resident Evil 2 (USA) (Disc 1);
SLUS_005.92;Resident Evil 2 (USA) (Disc 2);
SLUS_007.48;Resident Evil 2 - Dual Shock Ver. (USA) (Disc 1);
SLUS_007.56;Resident Evil 2 - Dual Shock Ver. (USA) (Disc 2);
SCED_008.28;Euro Demo 32 (Europe, Australia);
SCED_011.45;Euro Demo 35 (Europe, Australia);
SLES_004.87;Final Doom (Europe);
SLES_001.12;Johnny Bazookatone (Europe);
SCED_008.27;Euro Demo 31 (Europe, Australia);
SLES_000.27;Gunship (Europe) (En,Fr,De,Es,It);
SCES_000.10;Wipeout (Europe);
SCED_011.44;Euro Demo 34 (Europe, Australia);
SCES_019.09;Wip3out (Europe) (En,Fr,De,Es,It);
SCUS_944.51;Syphon Filter 2 (USA) (Disc 1);
"SCUS_944.51
SCUS_944.92";Syphon Filter 2 (USA) (Disc 2);
SCED_004.56;Demo One (Version 4) (Europe);
SLES_013.33;Wild 9 (Europe) (En,Fr,De,Es,It);
SLES_006.58;Need for Speed II (Europe) (En,Fr,De,Es,It,Sv);
SLUS_012.57;Lunar 2 - Eternal Blue Complete (USA) (The Making of);
SLES_036.25;Spider-Man 2 - Enter - Electro (Germany);
SLES_022.82;Shadow Man - Rette deine Seele (Germany);
SLES_037.36;Dragon Ball Z - Ultimate Battle 22 (Europe);
"SLES_023.72
SLES_023.72#";Tom Clancy's Rainbow Six (Germany);
SLES_035.76;Pajama Sam - You Are What You Eat from Your Head to Your Feet (Europe);
SLES_022.40;Tomb Raider IV - The Last Revelation (Germany);
SLUS_008.66;Colony Wars - Red Sun (USA);
SCES_002.55;Tekken 2 (Europe);
"SLES_022.38
SLES_022.38_T
SLES_022.38/ANZ";Tomb Raider - The Last Revelation (Europe, Australia);
SCES_038.21/GER_P;Stuart Little 2 (Germany);
SLUS_010.60;JoJo's Bizarre Adventure (USA);
SLUS_005.43;Colony Wars (USA) (Disc 1);
SLUS_005.54;Colony Wars (USA) (Disc 2);
SCED_008.23;Euro Demo 27 (Europe);
SLES_020.25;Legacy of Kain - Soul Reaver (Germany);
PBPX_950.08;Demo One (Version 7) (Europe) (En,Fr,De,Es,It);
SCES_038.84;Firebugs (Europe) (En,Fr,De,Es,It,Nl,Pt,Sv,No,Da,Fi);
SLPM_866.56;Raiden DX (Japan) (Major Wave);
"SLPS_016.88
SLPS_033.11";R-Type Delta (Japan);
"SCPS_454.12
SLPM_862.47
SLPM_864.70
SLPM_873.24";Metal Gear Solid - Integral (Japan, Asia) (En,Ja) (Disc 1);
"SCPS_454.13
SLPM_862.48
SLPM_864.71
SLPM_873.25";Metal Gear Solid - Integral (Japan, Asia) (En,Ja) (Disc 2);
"SCPS_454.14
SLPM_862.49
SLPM_864.72
SLPM_873.26";Metal Gear Solid - Integral (Japan, Asia) (Disc 3) (VR-Disc);
SLUS_003.13;Gunship (USA);
SCES_007.43;PaRappa the Rapper - The Hip Hop Hero (Europe) (En,Fr,De,Es,It);
SCES_001.11;Jumping Flash! 2 (Europe);
SLES_029.93;Driver 2 - Back on the Streets (Europe) (Disc 1);
SLES_129.93;Driver 2 - Back on the Streets (Europe) (Disc 2);
SLUS_002.42;Crow, The - City of Angels (USA);
SCES_017.36;NHL FaceOff 99 (Europe);
SLES_001.32;Doom (Europe);
SCES_012.37;Tekken 3 (Europe) (Alt);
SLUS_008.77;R-Type Delta (USA);
SLUS_009.22;Dino Crisis (USA);
SLUS_012.79;Dino Crisis 2 (USA);
SCES_002.43;Namco Museum Vol. 1 (Europe);
SCES_004.41;Carnage Heart (Europe) (En,Fr,De,Es,It);
SLES_035.15;Spec Ops - Covert Assault (Europe) (En,Fr,De,Es,It);
SLES_109.74;Resident Evil 2 (Germany) (Disc 2);
"SCES_020.60#
SCES_020.60_RUS
SCES_020.60/P
SCES_020.60/T";Destruction Derby Raw (Europe) (En,Fr,De,Es,It);
SLUS_003.30;Mortal Kombat Trilogy (USA) (Rev 1);
SLUS_009.22GH;Dino Crisis (USA) (Rev 1);
"SLES_021.93
SLES_021.93#";WCW Mayhem (Europe);
SLES_005.28;Mortal Kombat Trilogy (Europe);
SLES_017.21;Street Fighter Collection 2 (Europe);
SCES_000.61;Twisted Metal (Europe);
SLES_007.31;Fighting Force (Europe) (En,Fr,De);
SLES_001.36;Critical Depth (Europe);
SCES_012.37;Tekken 3 (Europe, Australia);
SLES_000.37;Alone in the Dark - Jack Is Back (Europe) (En,Fr,De,Es,It);
SLES_003.23;Williams Arcade's Greatest Hits (Europe);
SCES_028.35;Spyro - Year of the Dragon (Europe) (En,Fr,De,Es,It);
SLES_021.62;Vigilante 8 - 2nd Offense (Europe);
SLES_023.38;Mortal Kombat - Special Forces (Europe) (En,Fr,De);
SLES_022.65;Xena - Warrior Princess (Europe);
SLES_025.29;Resident Evil 3 - Nemesis (Europe);
SLES_002.86;WWF In Your House (Europe);
SCES_000.63;ESPN Extreme Games (Europe);
SCES_000.62;Warhawk - The Red Mercury Missions (Europe);
SCED_016.40;Racing Special (Europe);
SCED_024.92;OPSM Best Racing Game Ever (Europe);
SCES_004.00;2Xtreme (Europe);
SLES_020.88;Croc 2 (Europe) (En,Fr,De,Es,It,Nl,Sv);
"SCUS_943.50
SCUS_943.50_C";Destruction Derby 2 (USA, Canada);
SLES_002.00;Resident Evil (Europe);
"SLUS_008.21
SLUS_008.21GH";Street Fighter Alpha 3 (USA);
SLES_009.74;Resident Evil 2 (Germany) (Disc 1);
"SCUS_945.70
SCUS_945.70CE";Crash Bash (USA);
SCUS_945.97;Cool Boarders 2001 (USA);
"SLES_002.65
SLES_002.65#";Actua Tennis (Europe);
SLUS_001.52;Tomb Raider (USA) (Rev 3);
SLUS_005.06;Frogger (USA);
SCUS_944.96;PlayStation Demo Disc - Shock Your System! (USA) (SCUS-94496);
"SLUS_001.06
SLUS_001.06
SLUS_001.06CE
SLUS_001.06GH";Grand Theft Auto (USA);
"SLUS_007.89
SLUS_007.89CE
SLUS_007.89GH";Grand Theft Auto 2 (USA);
SLUS_900.28;Squaresoft on PlayStation 1998 Collector's CD Vol. 1 (USA);
SCES_001.20;Demo One (Version 2) (Europe, Australia);
"SLUS_008.46
SLUS_008.46CE";Grand Theft Auto - Mission Pack 1 - London 1969 (USA);
"SCED_036.75
SCED_036.75#";PS One Demo Disc 02 (Europe) (En,Fr,De,Es,It);
SCED_039.93;Magical World of Disney on PlayStation, The (Europe);
SCES_000.48;Demo One (Version 1) (Europe);
SCED_020.43;Exclusive PlayStation Racing Demos (Europe);
SLES_001.07;Tomb Raider II - Starring Lara Croft (Italy);
SLUS_008.93;Disney-Pixar Toy Story 2 - Buzz Lightyear to the Rescue! (USA);
SLES_027.46;Die Hard Trilogy 2 - Viva Las Vegas (Europe);
SLUS_011.47;Ready 2 Rumble Boxing - Round 2 (USA);
SLUS_011.83;Star Wars - Demolition (USA);
SLUS_008.89;Pong - The Next Level (USA);
SCUS_947.99;PSone - Wherever, Whenever, Forever. (USA) (EDC);
SLES_011.35;Alundra (Europe);
SLES_023.78;Army Men 3D (Europe) (En,Fr,De);
SLES_027.56;Vagrant Story (Germany);
SLES_035.52;Breath of Fire IV (Europe);
SLES_018.93;Bomberman (Europe);
"SLES_040.93
SLES_040.93_GER";Beyblade (Europe) (En,Fr,De,Es,It);
SLES_017.12;Bomberman Fantasy Race (Europe) (En,Fr,De,Es);
SLUS_011.38;Vampire Hunter D (USA);
SLES_027.01;Ballistic (Europe) (En,Fr,De);
SLES_006.63;Darklight Conflict (Europe) (En,Fr,De,Es,It,Sv);
SLES_004.77;Colin McRae Rally (Europe) (En,Fr,De,Es) (Rev 1);
SLUS_002.18;V-Tennis (USA);
SLES_027.57;Dracula - The Resurrection (Europe) (Disc 1);
SLES_127.57;Dracula - The Resurrection (Europe) (Disc 2);
"SLES_023.15
SLES_023.15#";FIFA 2000 (Europe) (En,De,Es,Nl,Sv) (Rev 1);
SLES_004.78;Excalibur 2555 A.D. (Europe) (En,Fr,De,Es) (Rev 1);
SLES_006.86;Perfect Weapon (Germany);
SCES_019.10;Syphon Filter (Europe, Australia);
SLES_033.86;Fear Effect 2 - Retro Helix (Europe) (En,Fr,De) (Disc 1);
SLES_133.86;Fear Effect 2 - Retro Helix (Europe) (En,Fr,De) (Disc 2);
SLES_233.86;Fear Effect 2 - Retro Helix (Europe) (En,Fr,De) (Disc 3);
SLES_333.86;Fear Effect 2 - Retro Helix (Europe) (En,Fr,De) (Disc 4);
SLES_008.87;F1 World Grand Prix - 1999 Season (Europe) (En,Fr,De,Es,It);
SCED_026.36;Euro Demo 62 (Europe, Australia);
SCES_000.60;Mortal Kombat 3 (Europe);
"SCUS_942.28
SCUS_942.28CE";Spyro the Dragon (USA);
SLES_009.63;Riven - The Sequel to Myst (Europe) (Disc 1);
SLES_109.63;Riven - The Sequel to Myst (Europe) (Disc 2);
SLES_209.63;Riven - The Sequel to Myst (Europe) (Disc 3);
SLES_309.63;Riven - The Sequel to Myst (Europe) (Disc 4);
SLES_409.63;Riven - The Sequel to Myst (Europe) (Disc 5);
"SCPS_453.97
SLPS_020.20";Ace Combat 3 - Electrosphere (Japan, Asia) (Disc 1) (Rev 1);
SLUS_008.74;40 Winks (USA);
"SCPS_453.98
SLPS_020.21";Ace Combat 3 - Electrosphere (Japan, Asia) (Disc 2) (Rev 1);
SLES_005.31;Command & Conquer (France) (Disc 1) (GDI);
SLES_105.31;Command & Conquer (France) (Disc 2) (NOD);
SLUS_008.20;Echo Night (USA);
"SCPS_452.13
SCPS_452.15
SLPS_013.00";Tekken 3 (Japan, Asia);
SLPS_015.14;Dragon Seeds - Saishuu Shinka Keitai (Japan);
SLUS_008.09;Ehrgeiz - God Bless the Ring (USA);
SCES_003.11;MediEvil (Europe);
"SCES_025.44
SCES_025.44_P";MediEvil 2 (Europe) (En,Fr,De);
"SLUS_013.78
SLUS_013.78GH";Spider-Man 2 - Enter - Electro (USA) (Rev 1);
SLES_005.85;Star Wars - Dark Forces (Europe);
SLES_020.95;ISS Pro Evolution (Europe) (En,Fr,De);
SLES_013.70;Metal Gear Solid (Europe) (Disc 1);
SLES_113.70;Metal Gear Solid (Europe) (Disc 2);
SLES_015.94;Michael Owen's World League Soccer '99 (Europe) (En,Fr,It);
SLPS_023.09;FIFA 99 - Europe League Soccer (Japan);
SLUS_008.55;Evil Zone (USA);
SCPS_100.14;Beyond the Beyond - Haruka naru Kanaan e (Japan);
"SLPS_011.26
SLPS_032.58";Cowboy Bebop (Japan);
SLES_017.59;Street Skater (Europe) (En,Fr,De);
SLES_008.85;Dynasty Warriors (Europe);
"SLES_008.49
SLES_008.49#";No Fear Downhill Mountain Biking (Europe) (En,Fr,De,Es,It,Sv);
SCES_010.79;Total NBA 98 (Europe);
"SLPS_003.92
SLPS_910.32";OverBlood (Japan);
SLPS_016.98;Cool Boarders 3 (Japan);
"SLPS_004.08
SLPS_016.08";Lake Masters (Japan);
SLPS_028.17;Fire Pro Wrestling G (Japan) (Spike Library);
SLES_038.90;Delta Force Urban Warfare (Europe) (En,Fr,De,Es,It);
"SLES_025.72
SLES_025.72/P";TOCA World Touring Cars (Europe) (En,Fr,De);
SLES_027.51;Nightmare Creatures II (Europe) (En,Fr,De);
"SLES_034.89
SLES_034.89_P";Italian Job, The (Europe);
"SLES_020.71
SLES_020.71#";Urban Chaos (Europe) (En,Es,It);
SCED_006.37;Registration Demo 01 (Europe);
SLES_009.72;Resident Evil 2 (Europe) (Disc 1);
"SLES_026.89
SLES_026.89_P
SLES_026.89_T";Need for Speed - Porsche 2000 (Europe) (En,De,Sv);
"SLPS_006.75
SLPS_006.76";Tetsuya Komuro - Gaball Screen (Japan);
SCUS_945.69;Disney's Aladdin in Nasira's Revenge (USA);
SLUS_014.38;Creatures (USA);
"SLUS_014.36
SLUS_014.36GH";Digimon World 3 (USA);
"SLUS_013.00
SLUS_013.00CE";007 Racing (USA);
SLUS_012.15;Blade (USA);
SLUS_013.28;Digimon - Digital Card Battle (USA);
SCES_001.85;Euro Demo 07 (Europe);
SCED_008.18;Euro Demo 22 (Europe);
SLED_007.25;Oddworld - Abe's Oddysee (Europe) (Demo);
SLUS_012.06;Dragon Warrior VII (USA) (Disc 1);
SLUS_013.46;Dragon Warrior VII (USA) (Disc 2);
SLUS_011.56;Valkyrie Profile (USA) (Disc 1);
SLUS_011.79;Valkyrie Profile (USA) (Disc 2);
SLED_009.90;radicalgames@psygnosis v.2 (Europe);
SCUS_947.02;Beyond the Beyond (USA);
"SCPS_100.45
SCPS_451.47
SCPS_451.49
SCPS_911.28
SCPS_913.01";Gran Turismo (Japan, Asia);
SLES_001.64;Rise 2 - Resurrection (Europe) (En,Fr,De,Es,It);
SLPS_000.40;Tekken (Japan);
"SLUS_012.24B
SLUS_012.24C";Arc the Lad Collection - Arc the Lad (USA);
"SLUS_012.52B
SLUS_012.52C";Arc the Lad Collection - Arc the Lad II (USA);
"SLUS_012.53A
SLUS_012.53B
SLUS_012.53C";Arc the Lad Collection - Arc the Lad III (USA) (Disc 1);
"SLUS_012.53A
SLUS_012.54B
SLUS_012.54C";Arc the Lad Collection - Arc the Lad III (USA) (Disc 2);
SLUS_012.55;Arc the Lad Collection - Arc Arena - Monster Tournament (USA);
SLUS_012.56;Arc the Lad Collection - The Making of Arc the Lad (USA);
SLPS_034.32;Shaman King - Spirit of Shamans (Japan);
SLES_023.24;Box Champions 2000 (Germany);
"SLES_005.56
SLES_005.56#";Motorhead (Europe);
"SCES_004.09
SCES_004.09#
SCES_004.09_T";Porsche Challenge (Europe) (En,Fr,De,Es,It);
SLED_014.00;Metal Gear Solid (Europe) (Demo 1);
"SLES_002.61
SLES_002.61#";Hardcore 4x4 (Europe) (En,Fr,De);
SLES_032.85;Chicken Run (Europe) (Fr,De,Es,It);
SLES_010.20;Mortal Kombat Mythologies - Sub-Zero (Europe);
SLES_034.05;Duke Nukem - Land of the Babes (Europe) (En,Fr,De,Es,It);
"SLES_014.80
SLES_014.80_P";Oddworld - Abe's Exoddus (Europe) (Disc 1);
"SLES_114.80
SLES_114.80_P";Oddworld - Abe's Exoddus (Europe) (Disc 2);
"SLES_006.64
SLES_006.64#";Oddworld - Abe's Oddysee (Europe);
"SLES_010.41#
SLES_010.41#2";Hogs of War (Europe);
SLES_007.68;OverBlood (Europe);
SLES_001.13;Olympic Soccer (Europe) (En,Fr,De,Es,It);
SLES_033.90;Aqua GT (Europe) (En,Fr,De,Es,It,Nl);
SLES_022.07;Dino Crisis (Europe);
SLUS_000.38;FIFA Soccer 96 (USA) (En,Fr,De,Es,It,Sv);
SLES_024.44;Suikoden II (Germany);
"SLUS_007.08
SLUS_007.08CE
SLUS_007.08GH";Legacy of Kain - Soul Reaver (USA);
SLES_005.27;Suikoden (Europe);
SCES_008.69;Final Fantasy VII (Germany) (Disc 1);
SCES_108.69;Final Fantasy VII (Germany) (Disc 2);
SCES_208.69;Final Fantasy VII (Germany) (Disc 3);
SLES_020.82;Final Fantasy VIII (Germany) (Disc 1);
SLES_120.82;Final Fantasy VIII (Germany) (Disc 2);
SLES_220.82;Final Fantasy VIII (Germany) (Disc 3);
SLES_320.82;Final Fantasy VIII (Germany) (Disc 4);
SLES_029.67;Final Fantasy IX (Germany) (Disc 1);
SLES_129.67;Final Fantasy IX (Germany) (Disc 2);
SLES_229.67;Final Fantasy IX (Germany) (Disc 3);
SLES_329.67;Final Fantasy IX (Germany) (Disc 4);
"SLUS_007.37
SLUS_007.37A
SLUS_007.37D";Knockout Kings (USA);
SLUS_002.67;NBA Live 97 (USA);
SLUS_002.61;PGA Tour 97 (USA);
SLUS_005.17;PGA Tour 98 (USA);
SLUS_002.37;Triple Play 97 (USA);
SLES_036.69;FIFA Football 2002 (Germany) (En,De,Es,Nl,Sv);
SLPS_012.30;Parasite Eve (Japan) (Disc 1);
SLPS_012.31;Parasite Eve (Japan) (Disc 2);
SLES_009.99;Nagano Winter Olympics '98 (Europe);
SLES_003.40;MechWarrior 2 - 31st Century Combat - Arcade Combat Edition (Europe);
SCED_018.32;Ridge Racer Hi-Spec Demo (Europe);
SLUS_003.30;Mortal Kombat Trilogy (USA);
"SLPS_001.33
SLPS_910.72";D no Shokutaku - Complete Graphics (Japan) (Disc 1);
"SLPS_001.34
SLPS_910.73";D no Shokutaku - Complete Graphics (Japan) (Disc 2);
"SLPS_001.35
SLPS_910.74";D no Shokutaku - Complete Graphics (Japan) (Disc 3);
SLUS_000.42;Gex (USA);
SLUS_003.73;Apocalypse (USA);
SLED_014.13;Ninja - Shadow of Darkness (UK) (Demo);
"SLES_021.91
SLES_021.91#";NASCAR 2000 (Europe);
"SLES_020.61
SLES_020.61#";PGA European Tour Golf (Europe) (En,De);
"SLES_020.20
SLES_020.20#";Pong (Europe) (En,Fr,De,Es,It,Nl);
SLES_017.60;Populous - The Beginning (Europe) (En,Fr,De,Es,It,Nl,Sv);
SLES_007.38;Premier Manager 98 (Europe);
SCES_003.94;Rapid Racer (Europe) (En,Fr,De,Es,It);
SLES_031.57;Spec Ops - Ranger Elite (Europe) (En,Fr,De,Es,It);
SLES_025.09;Mortal Kombat Trilogy (Europe) (Midway Classics);
SLES_020.94;Ronin Blade (Europe) (En,Fr,De);
SLES_004.61#2;Heart of Darkness (Europe) (Disc 1) (EDC);
"SLES_104.61
SLES_104.61#
SLES_104.61#2";Heart of Darkness (Europe) (Disc 2);
"SLES_001.19
SLES_001.19#2";Worms (Europe);
SLES_002.50;V-Rally - 97 Championship Edition (Europe) (En,Fr,De) (Rev 1);
SLES_004.77;Colin McRae Rally (Europe) (En,Fr,De,Es);
SCES_002.22;Raging Skies (Europe) (En,Fr,De);
SLES_018.81;Capcom Generations (Europe) (Disc 1) (Wings of Destiny);
SLES_118.81;Capcom Generations (Europe) (Disc 2) (Chronicles of Arthur);
SLES_218.81;Capcom Generations (Europe) (Disc 3) (The First Generation);
SLES_318.81;Capcom Generations (Europe) (Disc 4) (Blazing Guns);
SLUS_008.06;Gex 3 - Deep Cover Gecko (USA);
SLES_033.39;Panzer Front (Europe) (En,Fr,De);
"SCPS_453.57
SLPS_018.01";Ridge Racer - High Spec Ver. & Namco Catalogue '98 (Japan, Asia);
SLES_031.50;Alex Ferguson's Player Manager 2001 (Europe);
SLES_034.88;David Beckham Soccer (Europe);
SLES_032.31;Army Men - Land, Sea, Air (Europe) (En,Fr,De,Es,It);
"SCES_021.05
SCES_021.05/P";CTR - Crash Team Racing (Europe) (En,Fr,De,Es,It,Nl);
"SCES_039.07
SCES_039.07_P/GER";WRC - FIA World Rally Championship Arcade (Europe) (En,Fr,De,Es,It,Nl,Pt,Sv,No,Da,Fi);
"SLES_022.24
SLES_022.24#";Music 2000 (Europe) (En,Fr,De,Es,It);
SLES_027.32;Resident Evil - Survivor (Europe);
SLES_029.19;Sanvein (Europe);
SLES_010.51;Sentinel Returns (Europe) (En,Fr,De,Es,It);
SLES_022.18;Sheep (Europe) (En,Fr,De,Es,It);
SLES_004.72;Riot (Europe);
SCES_021.51;Cold Blood (Germany) (Disc 1);
SLES_026.90#;South Park Rally (Europe) (En,Fr,De,Es);
SCES_003.44;Crash Bandicoot (Europe, Australia);
SLES_100.74;Wing Commander III - Heart of the Tiger (Europe) (Disc 2);
SLES_300.74;Wing Commander III - Heart of the Tiger (Europe) (Disc 4);
"SLES_005.84
SLES_005.84_P";Star Wars - Rebel Assault II - The Hidden Empire (Germany) (Disc 1);
"SLES_105.84
SLES_105.84_P";Star Wars - Rebel Assault II - The Hidden Empire (Germany) (Disc 2);
SLES_021.94;Sled Storm (Europe) (En,Fr,De,Es);
SLES_024.95;Cricket 2000 (Europe);
SCUS_944.67;Spyro - Year of the Dragon (USA);
SLUS_011.46;NFL Blitz 2001 (USA);
"SLUS_014.11
SLUS_014.11_SEA";Yu-Gi-Oh! Forbidden Memories (USA);
SLUS_011.96;Power Spike - Pro Beach Volleyball (USA);
SLES_018.71;Evo's Space Adventures (Europe) (En,Fr,De,Es,It);
SLES_022.20;Extreme 500 (Europe) (En,De);
SLES_007.85;Poy Poy (Europe);
SLUS_009.32;NCAA Football 2000 (USA);
SCUS_946.38;MLB 2002 (USA);
SLES_023.45;Flintstones, The - Bedrock Bowling (Europe);
SLES_004.76;Blast Chamber (Europe) (En,Fr,De,Es,It);
SLES_008.59;Formula 1 97 (Europe) (En,Fr,De,Es,It);
"SLUS_009.75
SLUS_009.75CE
SLUS_009.75GH";007 - Tomorrow Never Dies (USA);
"SLES_012.41
SLES_012.41#
SLES_012.41#2";Gekido - Urban Fighters (Europe) (En,Fr,De,Es,It);
SLES_026.94;London Racer (Europe);
SLUS_007.51;Eggs of Steel - Charlie's Eggcellent Adventure (USA);
SLUS_004.56;Battle Stations (USA);
SLUS_009.61;Madden NFL 2000 (USA);
SCUS_941.71;NBA ShootOut 98 (USA);
"SLUS_015.50
SLUS_015.50GH";Dragon Ball Z - Ultimate Battle 22 (USA);
SLES_014.21#;Formula 1 98 (Europe) (En,Fr,De,Es,It,Fi) (Rev 1);
SLES_036.90;Creatures (Europe) (En,Fr,De,Es,It);
SLES_012.44;Assault (Europe) (En,Fr,De,Es,It);
SLUS_004.30;Treasures of the Deep (USA);
SCED_034.53;Euro Demo 76 (Europe);
SCED_040.85;Euro Demo (Future) 106 (Europe);
SLES_036.30;X-Men - Mutant Academy 2 (Europe);
SLES_007.20;Tomb Raider II - Starring Lara Croft (Germany);
"SLES_016.83
SLES_016.83#";Tomb Raider III - Adventures of Lara Croft (Germany) (Rev 1);
SLES_036.62;Harry Potter and the Philosopher's Stone (Europe) (En,Fr,De);
SCUS_942.51;Cool Boarders 3 (USA);
SCUS_945.68;Grind Session (USA);
SLUS_012.41;Madden NFL 2001 (USA);
SLES_009.54;Crime Killer (Europe) (En,Fr,De,Es,It);
SCUS_945.60;Twisted Metal 4 (USA) (Rev 1);
"SLES_032.86
SLES_032.86#";Saban's Power Rangers - Lightspeed Rescue (Europe, Australia) (En,Fr,De);
SLES_033.41;Wer wird Millionaer (Germany);
SCUS_945.67;Who Wants to Be a Millionaire - 2nd Edition (USA);
SLES_015.86;FIFA 99 (Germany) (En,Fr,De,Es,Nl,Sv);
SLES_010.81;Kensei - Sacred Fist (Europe);
SLUS_007.29;Madden NFL 99 (USA);
"SLUS_013.52
SLUS_013.52GH";Nickelodeon SpongeBob SquarePants - SuperSponge (USA);
"SCES_020.80ANZ_P
SLES_020.80";Final Fantasy VIII (Europe, Australia) (Disc 1);
SCES_022.85;Syphon Filter 2 (Europe, Australia) (Disc 1);
SCES_122.85;Syphon Filter 2 (Europe) (Disc 2);
SLES_021.66;Fear Effect (Europe) (En,Es,It) (Disc 1);
SLES_121.66;Fear Effect (Europe) (En,Es,It) (Disc 2);
SLES_221.66;Fear Effect (Europe) (En,Es,It) (Disc 3);
SLES_321.66;Fear Effect (Europe) (En,Es,It) (Disc 4);
"SCES_220.80ANZ_P
SLES_220.80";Final Fantasy VIII (Europe, Australia) (Disc 3);
"SCES_320.80ANZ_P
SLES_320.80";Final Fantasy VIII (Europe, Australia) (Disc 4);
"SCES_120.80ANZ_P
SLES_120.80";Final Fantasy VIII (Europe, Australia) (Disc 2);
SLES_029.13;Alien Resurrection (Europe) (En,Fr,De,Es,It);
SCES_016.15;Cool Boarders 3 (Europe);
"SLES_017.15
SLES_017.15#
SLES_017.15_T";Eagle One - Harrier Attack (Europe) (En,Fr,De,Es,It);
SLES_009.10;Road Rash 3D (Europe);
"SLES_001.01
SLES_001.01#";Alien Trilogy (Europe) (En,Fr,Es,It);
SCED_014.41#;Winter Releases '98 (Europe, Australia) (Rev 1);
SLES_017.10;Legend of Kartia (Europe) (En,Fr,De);
SLES_013.49;Mortal Kombat 4 (Europe);
"SLES_024.70
SLES_024.70_P
SLES_024.70_T";Medal of Honor (Europe);
"SLES_000.24
SLES_000.24#";Tomb Raider (Europe);
SCES_017.06;Ridge Racer Type 4 (Europe) (En,Fr,De,Es,It);
SLES_021.70;Wu-Tang - Taste the Pain (Europe);
SCES_005.82;Nightmare Creatures (Europe);
SLES_028.01;Alone in the Dark - The New Nightmare (Europe) (Disc 1);
SLES_128.01;Alone in the Dark - The New Nightmare (Europe) (Disc 2);
"SLES_004.45
SLES_004.45#";Die Hard Trilogy (Europe) (En,Fr,De,Es,It,Sv);
SCES_005.67;Twisted Metal - World Tour (Europe);
SLES_014.17;Rogue Trip - Vacation 2012 (Europe);
SCES_021.05/P;CTR - Crash Team Racing (Europe) (En,Fr,De,Es,It,Nl) (EDC);
SLES_024.93;Toshinden 4 (Europe);
"SLES_016.74#
SLES_016.74#2";Tiger Woods 99 PGA Tour Golf (Europe) (En,Fr,De,Es,Sv);
SLES_015.34;Quake II (Europe);
"SLES_007.18
SLES_007.18#";Tomb Raider II - Starring Lara Croft (Europe);
"SLES_028.86
SLES_028.86/P";Spider-Man (Europe);
"SLES_018.16
SLES_018.16#
SLES_018.16_P";Driver (Europe);
SCES_000.02;Battle Arena Toshinden (Europe);
"SLES_026.88
SLES_026.88/GER";Theme Park World (Europe) (En,Fr,De,Es,It,Nl,Sv);
SLES_039.96;Shrek Treasure Hunt (Europe) (En,Fr,De,Es);
SLES_012.65;World Cup 98 (Europe) (En,Fr,De,Es,Nl,Sv,Da);
SLES_002.50;V-Rally - 97 Championship Edition (Europe) (En,Fr,De);
"SLES_019.60
SLES_019.60#";Carmageddon (Europe) (En,Fr,Es,It);
SLES_030.84;Inspector Gadget - Gadget's Crazy Maze (Europe) (En,Fr,De,Es,It,Nl);
"SCES_000.01
SCES_000.01#";Ridge Racer (Europe);
"SCES_002.42
SCES_002.42*";Ridge Racer Revolution (Europe);
SLES_002.98;Formula 1 (Europe) (En,Fr,De,Es,It);
SLES_016.49;Tomb Raider III - Adventures of Lara Croft (Europe);
SLES_016.63;WCW-nWo Thunder (Europe);
SCES_000.07;Air Combat (Europe);
SCES_016.30;Running Wild (Europe);
SCES_001.63;Mickey's Wild Adventure (Europe);
"SLES_002.99
SLES_002.99_T";Destruction Derby 2 (Europe);
SLES_032.13;Blade (Europe);
SLES_007.03;Duke Nukem (Europe);
SLES_012.86;S.C.A.R.S. (Europe) (En,Fr,De,Es,It);
"SLES_038.88
SLES_038.88#";Tom Clancy's Rainbow Six - Lone Wolf (Europe) (En,Fr,De,Es,It);
"SCES_028.45
SCES_028.45_T";Wipeout 3 - Special Edition (Europe) (En,Fr,De,Es,It);
"SLES_015.15
SLES_015.15/E";Duke Nukem - Time to Kill (Europe);
SCES_005.66;Jet Rider (Europe);
SCES_010.45;Jet Rider 2 (Europe);
"SLES_032.51
SLES_032.51_P_GER";WWF SmackDown! 2 - Know Your Role (Europe);
"SLES_013.24
SLES_013.24_T
SLES_013.24/P";007 - Tomorrow Never Dies (Europe);
"SLES_031.34
SLES_031.34_T";007 - The World Is Not Enough (Europe);
"SCES_019.79
SCES_019.79#";Formula One 99 (Europe) (En,Fr,De,It);
SLES_029.03;Ultimate Fighting Championship (Europe);
SLES_021.42;F.A. Premier League Stars, The (Europe);
SLES_014.47;NASCAR 99 (Europe);
"SLES_008.04
SLES_008.04/CP";WWF War Zone (Europe);
SCED_023.06;Winter Releases (Europe, Australia) (En,Fr,De,Es,It);
SCES_033.83;Point Blank 3 (Europe, Australia) (En,Fr,De,Es,It);
"SLES_029.08
SLES_029.08/ANZ";Tony Hawk's Pro Skater 2 (Europe, Australia);
SLES_005.45;V2000 (Europe) (En,Fr,De,Es,It);
SCES_005.10;King's Field (Europe) (En,Fr,De);
SCES_003.92;NHL Face Off '97 (Europe);
SLES_011.59;Warhammer - Dark Omen (Europe) (En,Fr,De);
SCES_000.10;Wipeout (Europe) (Rev 1);
SLES_011.65;Test Drive 5 (Europe) (En,Fr,De,Es,It,Nl,Sv);
SLES_016.60;Rollcage (Europe, Australia) (En,Fr,De,Es,It);
"SLES_020.55
SLES_020.55/P";Tony Hawk's Skateboarding (Europe);
SCES_012.59;Dead or Alive (Europe);
SCES_000.08;Destruction Derby (Europe);
SLES_012.12;Vigilante 8 (Europe);
SCED_003.71;Euro Demo 19 (Europe);
SCED_021.33;Ape Escape (Europe) (Demo);
SLES_027.59;Dracula - Resurrection (Germany) (Disc 1);
SLES_127.59;Dracula - Resurrection (Germany) (Disc 2);
"SLES_011.84
SLES_011.84#
SLES_011.84_T";Moto Racer 2 (Europe) (En,Fr,De,Es,It,Sv);
SLES_002.96;Street Racer (Europe);
SLES_004.69;Moto Racer (Europe) (En,Fr,De,Es,It,Sv);
"SCES_000.05
SCES_000.05#";Tekken (Europe);
SCED_024.21;Best Sports Games Ever Demo (Europe, Australia);
SLES_015.84;FIFA 99 (Europe) (En,Fr,De,Es,Nl,Sv);
"SCES_005.77
SCES_005.77/T";Soul Blade (Europe);
SLES_025.98;Street Fighter EX2 Plus (Europe);
SLES_025.27;Formula Nippon (Europe) (Fr,De);
SLES_000.99;International Moto X (Europe) (En,Fr,De,Es,It,Nl);
"SLES_020.86
SLES_020.86#";N-Gen Racing (Europe) (En,Fr,De,Es,It);
SLES_035.51;Weakest Link, The (Europe);
SLES_029.88;Who Wants to Be a Millionaire (Europe);
SLES_007.93;Discworld II - Missing Presumed...! (Europe) (En,Es,It);
SCES_002.57;Rosco McQueen (Europe) (En,Fr,De,Es,It);
"SLES_009.49
SLES_009.49#";Command & Conquer - Red Alert (Europe) (Disc 1) (Allies);
"SLES_109.49
SLES_109.49#";Command & Conquer - Red Alert (Europe) (Disc 2) (Soviet);
SCES_000.12;Terry Pratchett's Discworld (Europe) (En,Fr,De,Es,It);
SLES_003.33;International Track & Field (Europe);
SLES_024.48;International Track & Field 2 (Europe);
SCED_011.50;Euro Demo 40 (Europe, Australia);
SCED_008.17;Euro Demo 21 (Europe);
SLES_011.11;Star Wars - Masters of Teras Kasi (Europe);
SLES_036.02;Hidden & Dangerous (Europe) (En,Fr,De,Es,It);
SLES_037.23;One Piece Mansion (Europe);
"SLES_015.42
SLES_015.42#2";TOCA 2 Touring Cars (Europe) (En,Fr,De) (Rev 1);
"SLUS_013.60
SLUS_013.60GH";Final Fantasy Chronicles - Final Fantasy IV (USA) (Rev 1);
"SLUS_013.63
SLUS_013.63GH";Final Fantasy Chronicles - Chrono Trigger (USA) (Rev 1);
"SLES_000.52
SLES_000.52#2";True Pinball (Europe);
SLES_002.18;Myst (Europe) (En,Fr,De,Es,It);
SCES_003.46;Broken Sword - The Shadow of the Templars (Europe);
"SLES_001.58
SLES_001.58#";Road Rash (Europe);
SLES_000.55;Descent (Europe);
SLES_003.34;Bedlam (Europe) (En,Fr,De,Es,It,Nl);
SCES_008.83;Spice World (Europe);
SCED_002.73;Autumn-Christmas Releases '96 (Europe);
SCED_032.38;PS One Kids Autumn 2000 (Europe) (En,Fr,De,Es,It);
SCED_004.57;Demo One (Version 4) (Germany);
SLES_015.54;Ninja - Shadow of Darkness (Europe);
SLES_001.02;Batman & Robin (Europe) (En,Fr,De,Es);
SLES_003.27;Wipeout 2097 (Europe);
SLES_008.60;Colony Wars (Europe) (Disc 1);
SLES_001.98;X-Men - Children of the Atom (Europe);
SLES_035.89;Who Wants to Be a Millionaire - 2nd Edition (Europe);
SLES_002.23;Road & Track Presents - The Need for Speed (Europe) (En,De);
SLES_108.60;Colony Wars (Europe) (Disc 2);
SCES_002.20;NHL Face Off (Europe);
SLES_003.39;Fade to Black (Europe) (En,Fr,De,Es,It) (En,Fr);
SCES_000.11;Novastorm (Europe) (Disc 1);
SCES_100.11;Novastorm (Europe) (Disc 2);
SLES_039.47;Yu-Gi-Oh! Forbidden Memories (Europe);
SLES_000.74;Wing Commander III - Heart of the Tiger (Europe) (Disc 1);
SLES_000.49;Rayman (Europe) (En,Fr,De);
SCES_009.67;Crash Bandicoot 2 - Cortex Strikes Back (Europe) (En,Fr,De,Es,It);
SLES_000.16;Micro Machines V3 (Europe) (En,Fr,De,Es,It);
"SLES_019.07
SLES_019.07#
SLES_019.07#2";V-Rally - Championship Edition 2 (Europe) (En,Fr,De);
SCES_006.57;Time Crisis (Europe) (En,Fr,De);
"SLES_007.55
SLES_007.55#";Judge Dredd (Europe);
SCES_000.34;Starblade Alpha (Europe);
SLES_032.21;Dino Crisis 2 (Europe);
SLES_003.22;Tunnel B1 (Europe) (En,Fr,De,Es,It);
SLES_009.19;Nuclear Strike (Europe);
SCES_009.00;Final Fantasy VII (Spain) (Disc 1);
SCES_109.00;Final Fantasy VII (Spain) (Disc 2);
SCES_209.00;Final Fantasy VII (Spain) (Disc 3);
SLES_000.82;G-Police (Europe) (Disc 1);
SLES_100.82;G-Police (Europe) (Disc 2);
SLES_026.00;Alundra 2 - A New Legend Begins (Europe);
"SLES_003.76
SLES_003.76#";TOCA Touring Car Championship (Europe) (En,Fr,De,Es,It) (Rev 1);
SLES_003.76;TOCA Touring Car Championship (Europe) (En,Fr,De,Es,It);
SLES_012.58;Alundra (Spain);
SLES_015.05;Oddworld - Abe's Exoddus (Spain) (Disc 1);
SLES_115.05;Oddworld - Abe's Exoddus (Spain) (Disc 2);
"SLES_029.93#
SLES_029.93_P";Driver 2 - Back on the Streets (Europe) (Disc 1) (Rev 1);
SLES_008.41;Oddworld - Abe's Oddysee (Spain);
SLES_029.01;Koudelka (Spain) (Disc 1);
SLES_129.01;Koudelka (Spain) (Disc 2);
SLES_229.01;Koudelka (Spain) (Disc 3);
SLES_329.01;Koudelka (Spain) (Disc 4);
SLES_015.35;Diver's Dream (Europe) (En,Fr,De);
SCES_011.74;Wild Arms (Spain);
SLES_020.84;Final Fantasy VIII (Spain) (Disc 1);
SLES_120.84;Final Fantasy VIII (Spain) (Disc 2);
SLES_220.84;Final Fantasy VIII (Spain) (Disc 3);
SLES_320.84;Final Fantasy VIII (Spain) (Disc 4);
SLES_029.69;Final Fantasy IX (Spain) (Disc 1);
SLES_129.69;Final Fantasy IX (Spain) (Disc 2);
SLES_229.69;Final Fantasy IX (Spain) (Disc 3);
SLES_329.69;Final Fantasy IX (Spain) (Disc 4);
SLES_035.32;Castlevania Chronicles (Europe);
SLES_021.11;Ehrgeiz - God Bless the Ring (Europe);
SCES_009.85;Fluid (Europe);
"SLES_023.97
SLES_023.97#";Grandia (Europe) (Disc 1);
"SLES_123.97
SLES_123.97#";Grandia (Europe) (Disc 2);
SLES_025.61;Parasite Eve II (Spain) (Disc 1);
SLES_125.61;Parasite Eve II (Spain) (Disc 2);
SLES_024.45;Suikoden II (Spain);
"SLPS_004.05
SLPS_014.43";Twilight Syndrome - Kyuumei-hen (Japan);
SLES_037.78;Mega Man X6 (Europe);
SCES_000.09;3D Lemmings (Europe);
SCES_020.31;Ape Escape - La Invasion de los Monos (Spain);
SLES_005.24;Castlevania - Symphony of the Night (Europe);
SLES_006.38;Ciudad de los Ninos Perdidos, La (Spain);
SCES_017.72;Destrega (Spain);
"SLES_009.79
SLES_009.79#
SLES_019.65
SLES_019.66";Monkey Hero (Europe) (En,Fr,De,It);
SLES_024.96;Vandal Hearts II (Spain);
SLES_000.77;X-COM - Terror from the Deep (Europe) (En,Fr,De,Es,It);
"SLES_005.93
SLES_005.93#";Croc - Legend of the Gobbos (Europe);
SCES_019.22;Rollcage Stage II (Europe) (En,Fr,De,Es,It);
SCED_008.20;Euro Demo 24 (Europe);
SCED_008.21;Euro Demo 25 (Europe);
SLES_006.98;Little Big Adventure (Europe) (En,Fr,De,Es,It);
SLUS_001.90;Oddworld - Abe's Oddysee (USA) (Rev 2);
"SLES_000.32
SLES_000.32#2";Grand Theft Auto (Europe) (En,Fr,De,It);
SCED_003.69;Euro Demo 17 (Europe);
SCED_003.70;Euro Demo 18 (Europe);
SCED_003.72;Euro Demo 20 (Europe);
SCED_008.19;Euro Demo 23 (Europe, Australia);
SCED_008.22;Euro Demo 26 (Europe);
SCED_011.47;Euro Demo 37 (Europe, Australia);
SCED_011.48;Euro Demo 38 (Europe, Australia);
SCED_011.49;Euro Demo 39 (Europe, Australia);
"SCUS_944.25
SCUS_944.25CE";Spyro 2 - Ripto's Rage! (USA);
"SLPS_003.00
SLPS_910.55";Tekken 2 (Japan) (Rev 1);
SLUS_015.28;Super Bubble Pop (USA);
SCES_039.37;Disney's Treasure Planet (Europe);
"SCES_030.70
SCES_030.70/RUS";This Is Football 2 (Europe);
SCED_003.64;Euro Demo 12 (Europe);
SCED_003.66;Euro Demo 14 (Europe);
SCED_003.68;Euro Demo 16 (Europe);
SCES_022.85;Syphon Filter 2 (Europe) (Disc 1) (Rev 1);
SCES_122.85;Syphon Filter 2 (Europe) (Disc 2) (Rev 1);
SLES_021.36;Metal Gear Solid - Special Missions (Europe) (En,Fr,De,Es,It);
SLES_011.54;Need for Speed III - Hot Pursuit (Europe) (En,Fr,De,Es,It,Sv);
SCED_005.02;Essential PlayStation 1 (Europe);
SCED_009.38;Essential PlayStation 4 (Europe);
SCED_010.04;Essential PlayStation 5 (Europe);
SCED_007.51;Essential PlayStation 6 (Europe);
SCED_011.10;Essential PlayStation 7 (Europe);
SLES_020.18;Demolition Racer (Europe) (En,Fr,De,Es,It);
SLES_019.06;Mission - Impossible (Europe) (En,Fr,De,Es,It);
"SLES_013.01
SLES_013.01#";Legacy of Kain - Soul Reaver (Europe);
SLES_005.99;MDK (Europe) (En,Fr,De,Es,It);
"SLES_011.36
SLES_011.36#
SLES_011.36_T";Tom Clancy's Rainbow Six (Europe) (En,Fr,It);
"SLES_129.93#
SLES_129.93_P";Driver 2 - Back on the Streets (Europe) (Disc 2) (Rev 1);
"SCES_036.97
SCES_036.97ANZ_P
SCES_036.97_P";Syphon Filter 3 (Europe, Australia);
SCES_021.04;Spyro 2 - Gateway to Glimmer (Europe) (En,Fr,De,Es,It);
SCED_026.35;Euro Demo 61 (Europe) (EDC);
SCES_014.38;Spyro the Dragon (Europe, Australia) (En,Fr,De,Es,It);
SLED_016.34;Station 2 (Europe);
SCED_040.16;Euro Demo 92 (Europe);
"SLES_038.04
SLES_038.04_GER";Worms World Party (Europe) (En,Fr,De,Es,It,Nl,Sv,Da);
SCED_034.58;Euro Demo 81 (Europe);
SCED_037.91;Euro Demo 88 (Europe);
SCED_034.57;Euro Demo 80 (Europe);
SCED_034.08;Official UK PlayStation Best Games Ever! (UK);
SLES_109.72;Resident Evil 2 (Europe) (Disc 2);
SCES_030.37;Moto Racer World Tour (Europe) (En,Fr,De,Es,It,Sv);
"SLES_026.96
SLES_026.96_P
SLES_026.96_T";Tom Clancy's Rainbow Six - Rogue Spear (Europe) (En,Fr,De);
SLES_004.89;Wreckin Crew - Drive Dangerously (Europe) (En,Fr,De,Es,It);
"SLES_031.24
SLES_031.24_T
SLES_031.24/P";Medal of Honor - Underground (Europe);
SCED_033.75;OPSM Best Games Ever 2000 (Europe);
SCED_021.22;OPSM Platinum Special Demo All (Europe);
SLES_033.21;ISS Pro Evolution 2 (Europe) (En,Fr,De);
SCES_038.86;Formula One Arcade (Europe) (En,Fr,De,Es,It);
SLED_017.31;Station 4 (Europe);
SLED_019.69;Station 7 (Europe, Australia);
SLED_020.33;Station 8 (Europe);
SLUS_004.40;Reel Fishing (USA);
"SCUS_944.67
SCUS_944.67CE";Spyro - Year of the Dragon (USA) (Rev 1);
SLUS_007.45;Darkstalkers 3 (USA);
SLES_038.30;2002 FIFA World Cup (Europe) (En,Sv);
SLES_015.87;FIFA 99 (Italy);
SLUS_013.24;Breath of Fire IV (USA);
SCES_030.20;Walt Disney's The Jungle Book - Groove Party (Europe);
SLES_005.58;Descent II (Europe);
SLED_008.81;Fighting Force (Europe) (En,Fr,De) (Demo);
SLES_035.82;Chi Vuol Essere Miliardario (Italy);
SLES_036.66;FIFA Football 2002 (Europe) (En,De,Es,Nl,Sv);
SLES_017.67;Player Manager Novanta Nove (Italy);
SLUS_011.42;Strider (USA);
SLUS_011.63;Strider 2 (USA);
SLUS_010.01;Fatal Fury - Wild Ambition (USA);
SLUS_011.05;Street Fighter EX2 Plus (USA);
SLUS_002.92;Suikoden (USA);
SLUS_010.59;Marvel vs. Capcom - Clash of Super Heroes (USA);
SCED_026.42;Euro Demo 68 (Europe, Australia);
"SLUS_014.46
SLUS_014.46GH";Dance Dance Revolution Konamix (USA);
"SLES_022.17
SLES_022.17#";Worms Armageddon (Europe);
"SLES_010.42
SLES_010.42#";Actua Golf 3 (Europe);
SCES_008.91;Disney's Action Game featuring Hercules (Europe);
"SLES_019.21
SLES_019.21#";Micro Maniacs (Europe) (En,Fr,De,Es,It);
SLES_028.26;Mille Miglia (Europe) (En,Fr,De,Es,It);
SLES_040.57;Miracle Space Race (Europe);
SLES_016.58;Shaolin (Europe);
SCES_017.63;Speed Freaks (Europe);
"SLES_037.04
SLES_037.04_GER";Nickelodeon SpongeBob SquarePants - SuperSponge (Europe);
SLES_031.17;F1 Championship Season 2000 (Europe) (En,Fr,De,Nl);
"SLES_039.49
SLES_039.49#";Yu-Gi-Oh! Forbidden Memories (Germany);
SLES_027.91;Gauntlet Legends (Europe);
SLES_013.50;Martian Gothic - Unification (Europe) (En,Fr,Es,It);
SCED_034.51;Euro Demo 74 (Europe);
SCED_034.54;Euro Demo 77 (Europe);
SLES_009.39;Street Fighter EX Plus Alpha (Europe);
SLES_022.23;Grudge Warriors (Europe) (En,Fr,De,Es,It);
SLUS_004.87;Test Drive 4 (USA);
SLUS_009.20;Fear Effect (USA) (Disc 1);
SLUS_010.56;Fear Effect (USA) (Disc 2);
SLUS_010.57;Fear Effect (USA) (Disc 3);
SLUS_010.58;Fear Effect (USA) (Disc 4);
"SLES_033.89
SLES_033.89/COLL";Grand Theft Auto - London 1969 (Europe) (En,Fr,De,It);
SLES_026.05;Colin McRae Rally 2.0 (Europe) (En,Fr,De,Es,It);
SLES_031.05;Action Bass (Europe);
SLES_000.14;Actua Soccer (Europe) (En,Fr);
SLES_000.21;Actua Soccer 2 (Europe) (En,Fr);
SLES_001.89;Adidas Power Soccer (Europe) (En,Fr,De,Es,It);
SLES_000.14;Actua Soccer (Europe) (En,Fr) (Rev 1);
SCES_121.51;Cold Blood (Germany) (Disc 2);
SLES_026.97;Pool Academy (Europe) (En,Fr,De);
SCES_019.18;G-Police - Weapons of Justice (Germany);
SLES_029.98;Martian Gothic - Unification (Germany);
SCES_034.23;Formula One 2001 (Europe) (Fr,De);
SCUS_942.29;Turbo Prop Racing (USA);
"SLES_014.04#2
SLES_014.04/COLL.";Grand Theft Auto 2 (Europe) (En,Fr,De,Es,It);
"SLES_000.32
SLES_000.32#2
SLES_000.32/COLL.";Grand Theft Auto (Europe) (En,Fr,De,It) (EDC);
SLES_020.92;Asterix & Obelix Take on Caesar (Europe) (Fr,De,Nl);
SLES_025.64;Bundesliga 2000 - Der Fussball-Manager (Germany);
SLES_024.26;Railroad Tycoon II (Europe) (En,Fr,De);
SLES_000.72;Theme Park (Europe) (En,Fr,De,Es,Sv);
SLES_037.40;All Star Racing (Europe);
SLES_028.08;Beach Volleyball (Europe) (En,Fr,De,Es,It);
SLES_036.59;Newcomer - Be a Popstar (Germany);
SLES_037.02#;Nickelodeon Rocket Power - Team Rocket Rescue (Europe);
SLES_032.34;Mission, The (Europe) (En,Fr,De,Es,It,Nl,Pt);
"SLES_025.34
SLES_025.34#";Vanishing Point (Europe) (En,Fr,De,Es);
SLES_029.33;Incredible Crisis (Europe) (En,Fr,De,Es,It);
SLES_025.79;UEFA Champions League - Season 1999-2000 (Germany);
"SLUS_010.66
SLUS_010.66GH";Tony Hawk's Pro Skater 2 (USA);
"SLUS_014.19
SLUS_014.19GH";Tony Hawk's Pro Skater 3 (USA);
"SLUS_014.85
SLUS_014.85GH";Tony Hawk's Pro Skater 4 (USA);
SLUS_001.52;Tomb Raider (USA) (Rev 5);
"SLUS_004.37
SLUS_004.37A";Tomb Raider II - Starring Lara Croft (USA);
"SLPS_011.36
SLPS_911.00";Maria - Kimitachi ga Umareta Wake (Japan) (Disc 1);
"SLPS_011.37
SLPS_911.01";Maria - Kimitachi ga Umareta Wake (Japan) (Disc 2);
"SLPS_011.38
SLPS_911.02";Maria - Kimitachi ga Umareta Wake (Japan) (Disc 3);
SCPS_100.11;Sengoku Cyber - Fujimaru Jigokuhen (Japan);
SLPS_004.96;Kekkon - Marriage (Japan);
SLPM_860.79;Power Stakes 2 (Japan);
"SCPS_100.92
SCPS_101.25";Doko Demo Issho (Japan);
SLPS_008.72;Witch of Salzburg, The (Japan);
SLPS_006.02;Deserted Island (Japan);
"SLPS_006.01
SLPS_910.39";Kindaichi Shounen no Jikenbo - Hihou-tou Arata naru Sangeki (Japan);
SLPM_861.35;Eurasia Express Satsujin Jiken (Japan) (Disc 1);
SLPM_861.36;Eurasia Express Satsujin Jiken (Japan) (Disc 2);
SLPM_861.37;Eurasia Express Satsujin Jiken (Japan) (Disc 3);
SLPM_861.38;Eurasia Express Satsujin Jiken (Japan) (Disc 4);
SCED_034.75;Euro Demo Germany 12-01 (Germany);
SCED_018.44;Euro Demo 01-00 (Germany);
SLED_025.92;PlayStation Zone CD Vol. 16 (Germany);
SLED_016.33;PlayStation Zone CD Vol. 1 (Germany);
SCED_018.41;Euro Demo 10-99 (Germany);
SCED_018.42;Euro Demo 11-99 (Germany);
SLED_022.91;Play Fun 10-99 (Germany);
SLED_031.06;Play Zone Vol. 23 (Germany);
SCED_018.43;Euro Demo 12-99 (Germany);
SCED_034.71;Euro Demo Germany 08-01 (Germany);
SCED_034.77;Euro Demo Germany 02-02 (Germany);
SCED_018.45;Euro Demo 02-00 (Germany);
SLED_020.78;PlayStation Zone CD Vol. 8 (Germany);
SCED_026.61;Euro Demo 08-00 (Germany);
SLED_024.14;Play Fun 12-99 (Germany);
SCED_026.59;Euro Demo 06-00 (Germany);
SLED_025.19;Play Fun 01-00 (Germany);
SLED_025.18;PlayStation Zone CD Vol. 15 (Germany);
SCED_018.46;Euro Demo 03-00 (Germany);
SLED_023.81;PlayStation Zone CD Vol. 13 (Germany);
SLED_017.24;PlayStation Zone CD Vol. 2 (Germany);
SLED_032.55;Play Zone Vol. 25 (Germany);
SLED_021.39;PlayStation Zone CD Vol. 9 (Germany);
SLED_031.65;Play Zone Vol. 24 (Germany);
SCED_034.72;Euro Demo Germany 09-01 (Germany);
SLED_023.09;Play Fun 02-00 (Germany);
SLED_028.32;Play Zone Vol. 19 (Germany);
SLED_029.87;Play Zone Vol. 21 (Germany);
SCED_026.60;Euro Demo 07-00 (Germany);
SLED_023.11;Play Fun 11-99 (Germany);
SCED_018.40;Euro Demo 09-99 (Germany);
SLED_021.88;Play Fun 09-99 (Germany);
SCED_018.39;Euro Demo 08-99 (Germany);
SCED_034.76;Euro Demo Germany 01-02 (Germany);
SLED_026.83;PlayStation Zone CD Vol. 17 (Germany);
SLED_022.75;PlayStation Zone CD Vol. 11 (Germany);
SLUS_005.00;Jimmy Johnson's VR Football '98 (USA);
SLUS_009.57;Metal Gear Solid - VR Missions (USA);
SLES_025.32;Resident Evil 3 - Nemesis (Spain);
SLPM_861.16;Gensou Suikoden II (Japan) (Demo 1);
"SLPM_861.14
SLPM_874.11
SLPM_874.13";Metal Gear Solid (Japan) (Disc 1) (Ichi);
"SLPM_861.15
SLPM_874.12
SLPM_874.14";Metal Gear Solid (Japan) (Disc 2) (Ni);
SCUS_944.48;Um Jammer Lammy (USA);
SLPS_023.49;Wizardry - New Age of Llylgamyn (Japan) (En,Ja);
SCES_000.03;Jumping Flash! (Europe);
SCUS_945.50;NHL Face Off '97 (USA);
SLUS_013.31;NBA Hoopz (USA);
SCUS_941.74;NHL FaceOff 98 (USA);
SLUS_014.82;Madden NFL 2003 (USA);
SCUS_945.62;NCAA Final Four 2000 (USA);
SLPS_912.11;Persona 2 - Tsumi - Innocent Sin (Japan) (Rev 1);
"SLPM_861.03
SLPM_873.23";Gradius Gaiden (Japan) (Rev 1);
SLPS_026.37;Pandora Max Series Vol. 3 - Rubbish Blazon (Japan);
SLUS_004.65;Triple Play 98 (USA);
SCES_000.35;Kileak - The Blood (Europe);
"SLUS_012.70
SLUS_012.70GH";Medal of Honor - Underground (USA);
SCUS_941.94;Gran Turismo (USA) (Rev 1);
"SCPS_453.75
SLPM_873.84
SLPS_018.80";Final Fantasy VIII (Japan, Asia) (Disc 1);
"SCPS_453.76
SLPM_873.85
SLPS_018.81";Final Fantasy VIII (Japan, Asia) (Disc 2);
"SCPS_453.77
SLPM_873.86
SLPS_018.82";Final Fantasy VIII (Japan, Asia) (Disc 3);
"SCPS_453.78
SLPM_873.87
SLPS_018.83";Final Fantasy VIII (Japan, Asia) (Disc 4);
"SLPS_001.55
SLPS_910.25";Game of Life, The - DX Jinsei Game (Japan);
SLPS_018.86;Leading Jockey '99 (Japan);
SCPS_100.35;Alundra (Japan);
SCPS_100.10;Wizardry VII - Guardia no Houju (Japan);
SCPS_100.56;Yarudora Series Vol. 2 - Kisetsu o Dakishimete (Japan) (Disc 1);
SCPS_100.57;Yarudora Series Vol. 2 - Kisetsu o Dakishimete (Japan) (Disc 2);
SCPS_100.59;Legaia Densetsu (Japan);
SLUS_005.82;Nightmare Creatures (USA);
"SCPS_100.67
SCPS_912.42";Yarudora Series Vol. 3 - Sampaguita (Japan) (Disc 1);
"SCPS_100.68
SCPS_912.43";Yarudora Series Vol. 3 - Sampaguita (Japan) (Disc 2);
SLUS_004.02;Tekken 3 (USA);
SLES_036.45;Tony Hawk's Pro Skater 3 (Europe);
SLES_013.92;Colony Wars - Vengeance (Europe);
SLES_032.73;Star Wars - Demolition (Europe);
SLUS_009.34;Fighting Force 2 (USA);
"SLUS_009.47
SLUS_009.47GH";Tom Clancy's Rainbow Six (USA);
SLUS_012.99;Spec Ops - Ranger Elite (USA);
"SLUS_001.52CE
SLUS_001.52GH";Tomb Raider (USA) (Rev 6);
"SCPS_100.08
SCPS_910.04
SCPS_913.02";Arc the Lad (Japan) (Rev 1);
"SCPS_100.23
SCPS_910.30
SCPS_913.05";PoPoLoCrois Monogatari (Japan) (Rev 1);
SLPS_002.18;Cyberia (Japan);
SLUS_011.08;Tom Clancy's Rainbow Six - Rogue Spear (USA);
SLUS_004.38;Dynasty Warriors (USA);
"SLPS_003.04
SLPS_003.16";Noel - Not Digital (Japan) (Disc 1);
"SLPS_003.05
SLPS_003.17
SLPS_910.44";Noel - Not Digital (Japan) (Disc 2);
SLUS_014.73;Tom Clancy's Rainbow Six - Lone Wolf (USA);
SLUS_011.48;Martian Gothic - Unification (USA);
SLES_023.18;FIFA 2000 (Spain) (En,De,Es,Nl,Sv);
SLES_031.46;FIFA 2001 (Spain) (En,De,Es,Nl,Sv);
SLES_036.72;FIFA Football 2002 (Spain) (En,De,Es,Nl,Sv);
"SLPS_000.24
SLPS_029.24
SLPS_910.23
SLPS_911.23";Myst (Japan) (Rev 2);
SLPS_005.26;Imadoki no Vampire - Bloody Bride (Japan);
SLES_025.52;Road Rash - Jailbreak (Europe) (En,Fr,De);
SLPS_004.60;Mahou Shoujo Fancy CoCo (Japan);
SLPS_006.19;Akazu no Ma (Japan);
"SCPS_451.02
SLPM_873.75
SLPS_008.98
SLPS_914.82";SaGa Frontier (Japan, Asia);
"SLPS_010.87
SLPS_910.96";RMJ - The Mystery Hospital (Japan) (Disc 1) (What's Going On);
"SLPS_010.88
SLPS_910.97";RMJ - The Mystery Hospital (Japan) (Disc 2) (Fears Behind);
SLES_024.52;Tenchu 2 - Birth of the Stealth Assassins (Europe);
SLPS_012.17;BackGuiner - Yomigaeru Yuushatachi - Kakusei-hen - Guiner Tensei (Japan) (Disc 1);
SLPS_012.18;BackGuiner - Yomigaeru Yuushatachi - Kakusei-hen - Guiner Tensei (Japan) (Disc 2);
"SCPS_100.71
SCPS_913.11";I.Q Final (Japan);
SCUS_944.49;Omega Boost (USA);
SCPS_100.53;Yarudora Series Vol. 1 - Double Cast (Japan) (Disc 1);
SCPS_100.54;Yarudora Series Vol. 1 - Double Cast (Japan) (Disc 2);
SLPS_012.91;Soukaigi (Japan) (Disc 1);
SLPS_012.92;Soukaigi (Japan) (Disc 2);
SLPS_012.93;Soukaigi (Japan) (Disc 3);
SLPS_013.40;Kindaichi Shounen no Jikenbo - Jigoku Yuuen Satsujin Jiken (Japan) (Disc 1);
SLPS_013.41;Kindaichi Shounen no Jikenbo - Jigoku Yuuen Satsujin Jiken (Japan) (Disc 2);
SLPS_015.94;Honkaku Shougi - Shougi-ou (Japan);
"SLPS_005.78
SLPS_023.40";Harukaze Sentai V-Force (Japan) (Disc 1);
"SLPS_005.79
SLPS_023.41";Harukaze Sentai V-Force (Japan) (Disc 2);
"SLPS_005.80
SLPS_023.42";Harukaze Sentai V-Force (Japan) (Disc 3);
SLPS_002.07;Ring of Sias (Japan);
SCPS_100.69;Yarudora Series Vol. 4 - Yukiwari no Hana (Japan) (Disc 1);
SCPS_100.70;Yarudora Series Vol. 4 - Yukiwari no Hana (Japan) (Disc 2);
SLUS_004.37;Tomb Raider II - Starring Lara Croft (USA) (Rev 1);
SLPS_012.22;Biohazard 2 (Japan) (Disc 1) (Leon-hen);
SLPS_012.23;Biohazard 2 (Japan) (Disc 2) (Claire-hen);
SLUS_010.42;Parasite Eve II (USA, Canada) (Disc 1);
SLUS_010.55;Parasite Eve II (USA, Canada) (Disc 2);
"SLUS_008.60
SLUS_008.60GH";Tony Hawk's Pro Skater (USA);
"SCPS_455.05
SLPM_865.01";Dragon Quest VII - Eden no Senshitachi (Japan, Asia) (Disc 2);
"SCPS_455.04
SLPM_865.00";Dragon Quest VII - Eden no Senshitachi (Japan, Asia) (Disc 1);
"SLPS_009.18
SLPS_910.95";Game of Life, The - DX Jinsei Game II (Japan) (Rev 1);
SLUS_009.33;SaGa Frontier 2 (USA);
SLES_012.57;Alundra (Italy);
SLPS_018.66;Pi to Mail (Japan);
"SLUS_005.18
SLUS_005.18GH";Nuclear Strike (USA);
SCES_008.86#;Point Blank (Europe) (En,Fr,De) (Rev 1);
"SLUS_011.72
SLUS_011.72GH";Frogger 2 - Swampy's Revenge (USA);
"SLES_023.33
SLES_023.33#";Ready 2 Rumble Boxing (Europe) (En,Fr,De);
"SCES_025.45
SCES_025.45_P";MediEvil 2 (Europe) (Es,It,Pt);
SLES_008.44;Spec Ops - Stealth Patrol (Europe) (En,Fr,De,Es,It);
SLUS_008.63;Shadow Tower (USA);
SLUS_009.40;Vandal Hearts II (USA);
SCPS_100.50;PoPoRoGue (Japan);
SLPS_015.40;Legend of Heroes IV, The - Akai Shizuku (Japan);
"SLPM_871.59
SLPS_027.28";Breath of Fire IV - Utsurowazaru Mono (Japan);
SCPS_190.04;PlayStation Comic - 2999-nen no Game Kids (Japan);
SLPS_000.25;Toushinden (Japan);
SLPS_011.33;Battle Athletess - Daiundoukai Alternative (Japan);
SLPM_862.22;Dance Dance Revolution (Japan);
SLPS_014.73;Sentimental Journey (Japan);
"SLPS_017.07
SLPS_017.21";Exodus Guilty (Japan);
SLPS_911.11;Tales of Destiny (Japan) (Rev 1);
SLPS_011.51;True Love Story - Remember My Heart (Japan);
SLPS_001.75;Theme Park (Japan);
SLPS_002.49;Kokumeikan (Japan);
SLUS_013.39;Persona 2 - Eternal Punishment (USA) (Bonus Disc);
SLUS_011.58;Persona 2 - Eternal Punishment (USA);
SLUS_011.21;Mary-Kate and Ashley - Magical Mystery Mall (USA);
SLUS_003.98;Namco Museum Vol. 3 (USA);
SCES_026.87;Tombi! 2 - Contra los Cerdiablos (Spain);
SCES_014.95;MediEvil (Spain);
SLES_015.39;Hard Edge (Europe) (En,Fr,De);
SCES_011.73;Wild Arms (Italy);
SLES_020.83;Final Fantasy VIII (Italy) (Disc 1);
SLES_120.83;Final Fantasy VIII (Italy) (Disc 2);
SLES_220.83;Final Fantasy VIII (Italy) (Disc 3);
SLES_320.83;Final Fantasy VIII (Italy) (Disc 4);
SLUS_012.45;Casper - Friends Around the World (USA);
SLUS_007.71;Rival Schools - United by Fate (USA) (Disc 2) (Evolution Disc);
SLUS_006.81;Rival Schools - United by Fate (USA) (Disc 1) (Arcade Disc);
"SLPS_026.36
SLPS_914.08";Super Robot Taisen Alpha (Japan);
SLPS_915.06;Super Robot Taisen Alpha Gaiden (Japan) (Rev 1);
"SLPS_012.12
SLPS_911.17";Neo Atlas (Japan);
"SLPM_869.03
SLPS_021.80";Dino Crisis (Japan);
SLPS_001.51;Carnage Heart (Japan);
"SLPM_866.27
SLPM_872.34";Dino Crisis 2 (Japan);
"SLPS_014.18
SLPS_911.79";Marie no Atelier Plus - Salburg no Renkinjutsushi (Japan);
SLPS_017.51;Atelier Elie - Elie no Atelier - Salburg no Renkinjutsushi 2 (Japan);
SLPS_017.81;Thousand Arms (Japan) (Disc 2);
SLPS_017.80;Thousand Arms (Japan) (Disc 1);
"SCPS_454.00
SLPS_019.90
SLPS_027.67
SLPS_914.83";SaGa Frontier II (Japan, Asia);
"SCPS_454.01
SLPS_019.91";Square's Preview Vol. 4 (Japan, Asia);
SLUS_006.31;Kartia - The Word of Fate (USA);
SCES_008.94;Disney Action Game Disney Presenta Hercules (Italy);
SLES_027.74;BattleTanx - Global Assault (Europe) (En,Es,It);
SLES_014.56;NBA Live 99 (Italy);
SLES_033.35;Tomb Raider Chronicles - La Leggenda di Lara Croft (Italy);
"SCPS_100.48
SCPS_911.08";Rurouni Kenshin - Meiji Kenkaku Romantan - Juuyuushi Inbou-hen (Japan) (Rev 1);
"SCPS_454.86
SLPM_873.93
SLPS_023.77
SLPS_914.57";Vagrant Story (Japan, Asia);
SLPS_001.08;Darkseed (Japan);
SLUS_008.24;Mortal Kombat - Special Forces (USA);
"SLPM_863.79
SLPM_873.54
SLPM_873.72";Valkyrie Profile (Japan) (Disc 1) (Rev 1);
SLPM_863.80;Valkyrie Profile (Japan) (Disc 2);
"SLPS_011.60
SLPS_027.75
SLPS_914.36";Xenogears (Japan) (Disc 1);
"SCPS_101.14
SCPS_454.85
SCPS_912.22
SCPS_913.15";PoPoLoCrois Monogatari II (Japan, Asia) (Disc 3);
"SLPS_011.61
SLPS_027.76";Xenogears (Japan) (Disc 2);
"SCPS_101.12
SCPS_454.83
SCPS_912.20
SCPS_913.13";PoPoLoCrois Monogatari II (Japan, Asia) (Disc 1);
"SCPS_101.13
SCPS_454.84
SCPS_912.21
SCPS_913.14";PoPoLoCrois Monogatari II (Japan, Asia) (Disc 2);
"SLES_005.07
SLES_005.07#";Soviet Strike (Europe);
"SLES_013.62
SLES_013.62#";Le Mans 24 Hours (Europe) (En,Fr,De,Es,It,Pt);
"SLUS_004.91
SLUS_004.91CE";Army Men 3D (USA);
"SLPM_860.48
SLPM_872.90
SLPS_002.15";Policenauts (Japan) (Disc 1);
"SLPM_860.49
SLPM_872.91
SLPS_002.16";Policenauts (Japan) (Disc 2);
SLPS_013.77;Shin Seiki Evangelion - Koutetsu no Girlfriend (Japan) (Disc 1);
SLPS_013.78;Shin Seiki Evangelion - Koutetsu no Girlfriend (Japan) (Disc 2);
"SLPS_005.35
SLPS_910.60";Lupin 3sei - Cagliostro no Shiro - Saikai (Japan) (Disc 1);
"SLPS_005.36
SLPS_910.61";Lupin 3sei - Cagliostro no Shiro - Saikai (Japan) (Disc 2);
"SLPS_005.37
SLPS_910.62";Lupin 3sei - Cagliostro no Shiro - Saikai (Japan) (Disc 3);
SLES_004.43;Invasion (Europe) (En,Fr,De,Es,It,Nl);
SLES_000.75;Blood Omen - Legacy of Kain (Europe);
"SCES_004.97
SLES_004.97";Tobal No. 1 (Europe);
SCPS_100.97;PAQA (Japan);
SLES_004.60;Apocalypse (Europe);
SLPS_017.29;Tamamayu Monogatari (Japan);
SLES_002.07;Space Hulk - Vengeance of the Blood Angels (Europe);
SLPS_000.10;Falcata - Astran Pardma no Monshou (Japan);
SLPS_011.16;Photo Genic (Japan);
"SLPS_023.43
SLPS_029.25";Concert, Le - pp - Pianissimo (Japan);
SLPS_031.01;DigimonWorld - Digital Card Arena (Japan);
SLPM_862.53;Jikkyou Powerful Pro Yakyuu '99 - Kaimakuban (Japan);
"SCES_034.04
SCES_034.04_P";Formula One 2001 (Europe) (En,Fi);
SLPM_861.49;Jikkyou Powerful Pro Yakyuu '98 - Ketteiban (Japan);
"SLPS_000.61
SLPS_910.05";Ace Combat (Japan);
SLPS_006.18;Civizard - Majutsu no Keifu (Japan);
SLPS_010.96;Aishiau Koto Shika Dekinai (Japan);
SLPS_014.93;Merriment Carrying Caravan (Japan);
SLPS_025.06;DigimonWorld - Digital Card Battle (Japan);
SLPS_025.59;Neues (Japan);
SLUS_005.49;Rampage - World Tour (USA);
SLES_038.91;Spec Ops - Airborne Commando (Europe) (En,Fr,De,It);
"SLPS_011.79
SLPS_020.55";Spectral Tower II (Japan);
"SLPM_860.20
SLPM_874.03";Bushido Blade (Japan);
"SCPS_451.16
SLPS_010.00";Front Mission 2 (Japan, Asia);
SLPM_860.24;Jikkyou Powerful Pro Yakyuu '97 - Kaimakuban (Japan) (Rev 1);
SLPS_015.63;Mystic Mind - Yureru Omoi (Japan) (Disc 2);
SLPS_015.62;Mystic Mind - Yureru Omoi (Japan) (Disc 1);
"SCPS_100.32
SCPS_450.13";Princess Maker - Yumemiru Yousei (Japan, Asia);
SLPS_034.53;Gekitou! Crush Gear Turbo (Japan);
SLPS_028.16;Mushitarou (Japan);
"SLPS_003.61
SLPS_021.66";City Bravo! (Japan);
"SCPS_910.38
SCPS_913.06";Wild Arms (Japan) (Rev 1);
"SLES_009.47
SLES_009.47#";Shadow Man (Europe) (En,Fr,Es);
"SCPS_452.79
SLPM_860.94";Tokimeki no Houkago - Ne Quiz Shiyo (Japan, Asia);
SLES_025.37;Bishi Bashi Special (Europe);
"SLES_007.59
SLES_007.59_T";Brian Lara Cricket (Europe);
"SLES_031.19
SLES_031.19_P";F1 Championship Season 2000 (Europe) (En,Es,Sv,Fi);
SLES_035.31;Hybrid (Europe);
SLES_035.96;International Cricket Captain 2001 - Ashes Edition (Europe);
SLES_005.59;International Superstar Soccer Pro (Europe);
"SLPS_013.43
SLPS_911.21";Rebus (Japan);
SLPS_005.00;Megami Ibunroku - Persona - Be Your True Mind (Japan);
SLPS_910.29;Megami Ibunroku - Persona - Be Your True Mind (Japan) (Rev 1);
SCES_010.23;Steel Reign (Europe);
"SLES_002.09
SLES_002.09#";Fade to Black (Europe) (En,Fr,De,Es,It) (En,De);
"SLES_000.13
SLES_000.13#";Loaded (Europe) (En,Fr,De);
"SLES_022.01
SLES_022.01#";Jade Cocoon - Story of the Tamamayu (Europe);
SLES_005.81;Perfect Weapon (Europe);
SLES_029.81;Land Before Time, The - Return to the Great Valley (Europe);
SCES_010.22;NHL FaceOff 98 (Europe);
SLPS_001.76;Street Fighter Zero (Japan);
"SLPS_010.93
SLPS_911.14";RPG Tkool 3 (Japan);
SCPS_100.04;Shanghai - Banri no Choujou (Japan);
SLES_005.30;Command & Conquer (Europe) (Disc 1) (GDI);
SLES_105.30;Command & Conquer (Europe) (Disc 2) (NOD);
SLES_007.45;Forsaken (Europe);
"SLES_026.19
SLES_026.19_P";WWF SmackDown! (Europe);
SLES_027.04;UEFA Euro 2000 (Europe);
SLES_038.44;Planet of the Apes (Europe) (En,Fr,De,Es,It);
SLES_037.35;Dragon Ball - Final Bout (Europe);
"SLPS_000.40
SLPS_910.20";Tekken (Japan) (Rev 1);
"SLPS_021.25
SLPS_912.06";Grandia (Japan) (Disc 2);
"SLPS_021.24
SLPS_912.05";Grandia (Japan) (Disc 1);
SLPS_008.56;Marie no Atelier - Salburg no Renkinjutsushi (Japan);
SLPS_027.12;Pandora Max Series Vol. 4 - Catch! Kimochi Sensation (Japan);
SLPS_031.06;Pandora Max Series Vol. 6 - Oni Zero - Fukkatsu (Japan);
SLPM_864.74;Bishoujo Ren'ai Mahjong Series - Karan Koron Gakuen - Pure Love-hen (Japan);
SLPM_864.68;Bishoujo Ren'ai Mahjong Series - Karan Koron Gakuen - Munekyun-hen (Japan);
"SLPS_030.52
SLPS_912.49";Tales of Eternia (Japan) (Disc 3);
"SLPS_030.51
SLPS_912.48";Tales of Eternia (Japan) (Disc 2);
"SLPS_030.50
SLPS_912.47";Tales of Eternia (Japan) (Disc 1);
SLPS_005.66;BFS - Blue Forest Story - Kaze no Fuuin (Japan);
SLPS_006.45;Mahou Shoujo Pretty Samy - Part 1 - In the Earth (Japan) (Disc 1) (Episode 23);
SLPS_006.46;Mahou Shoujo Pretty Samy - Part 1 - In the Earth (Japan) (Disc 2) (Episode 24);
SLPS_004.83;Seikon no Joka - Hikari to Yami no Seioujo (Japan);
SLPS_015.15;Noel - La Neige Special (Japan);
SLUS_002.13;Tekken 2 (USA);
SCES_012.85;Fifth Element, The (Europe) (En,Fr,De,Es,It);
"SLES_027.33
SLES_027.33_GER#";Walt Disney World Quest - Magical Racing Tour (Europe) (En,Fr,De,Es,It,Nl,Sv,No,Da);
SLUS_012.94;In Cold Blood (USA) (Disc 1);
SLUS_013.14;In Cold Blood (USA) (Disc 2);
SLUS_010.22;Armorines - Project S.W.A.R.M. (USA);
"SLUS_005.83
SLUS_005.83GH";Duke Nukem - Time to Kill (USA);
SLUS_004.01;MechWarrior 2 - 31st Century Combat - Arcade Combat Edition (USA);
SLUS_000.21;Total Eclipse Turbo (USA);
SCUS_946.35;Disney-Pixar Monsters, Inc. - Scream Team (USA);
SCUS_943.04;Twisted Metal (USA);
SLUS_001.90;Oddworld - Abe's Oddysee (USA);
"SLUS_007.10
SLUS_007.10A";Oddworld - Abe's Exoddus (USA) (Disc 1);
"SLUS_007.31
SLUS_007.31A";Oddworld - Abe's Exoddus (USA) (Disc 2);
SLUS_005.56;G-Police (USA) (Disc 2);
SLUS_003.41;Perfect Weapon (USA);
SLUS_004.33;Fighting Force (USA);
"SCUS_943.00
SLUS_005.40";Ridge Racer (USA);
SLUS_004.05;Time Crisis (USA);
SLUS_015.19;Sol Divide (USA);
SCUS_949.07;Jersey Devil (USA);
SLUS_005.90;Need for Speed - V-Rally (USA);
SLUS_002.36;Fade to Black (USA) (En,Fr,De,Es,It);
SLUS_014.67;Air Hockey (USA);
SLUS_013.95;Mega Man X6 (USA);
SLUS_008.84;Star Wars - Episode I - The Phantom Menace (USA);
SLPS_003.71;Dungeon Creator (Japan) (Disc 2) (Memory Bank Disc);
SLPS_003.70;Dungeon Creator (Japan) (Disc 1);
"SCPS_101.16
SCPS_454.57
SCPS_913.26";Gran Turismo 2 (Japan, Asia) (Disc 1) (Arcade);
SCPS_913.27;Gran Turismo 2 (Japan) (Disc 2) (Gran Turismo) (Rev 1);
SLPS_003.59;Meru Purana (Japan);
SCPS_100.77;Circadia (Japan) (Disc 1);
SCPS_100.78;Circadia (Japan) (Disc 2);
"SCPS_912.08
SCPS_913.21";Wild Arms - 2nd Ignition (Japan) (Disc 1) (Rev 1);
"SCPS_912.09
SCPS_913.22";Wild Arms - 2nd Ignition (Japan) (Disc 2) (Rev 1);
SLPM_867.90;Muteki-ou Tri-Zenon (Japan);
SLPS_035.50;From TV Animation One Piece - Oceans of Dreams! (Japan);
SLPS_015.43;Neko Zamurai (Japan) (Disc 1);
SLPS_015.44;Neko Zamurai (Japan) (Disc 2);
SLPS_015.45;Neko Zamurai (Japan) (Disc 3);
"SLPS_022.38
SLPS_029.74";Neo Atlas II (Japan);
SLPS_029.52;Uchuu Senkan Yamato - Eiyuu no Kiseki (Japan);
SLPS_029.44;Pandora Max Series Vol. 5 - Gochachiru (Japan);
SLPS_015.69;Cocktail Harmony (Japan);
SLPS_011.93;Noel - La Neige (Japan) (Disc 1);
SLPS_011.94;Noel - La Neige (Japan) (Disc 2);
SLPS_011.95;Noel - La Neige (Japan) (Disc 3);
SLPS_011.90;Noel - La Neige (Japan) (Disc 1) (Special Edition);
SLPS_011.91;Noel - La Neige (Japan) (Disc 2) (Special Edition);
SLPS_011.92;Noel - La Neige (Japan) (Disc 3) (Special Edition);
"SCPS_100.42
SCPS_450.96
SCPS_911.26";Minna no Golf (Japan, Asia);
"SCPS_454.16
SLPM_873.94
SLPS_021.70
SLPS_027.71
SLPS_914.56";Seiken Densetsu - Legend of Mana (Japan, Asia);
"SCPS_454.17
SLPS_021.71";Square's Preview 5 (Japan, Asia);
SLUS_009.04;Q-bert (USA);
SLES_028.50;Ready 2 Rumble Boxing - Round 2 (Europe) (En,Fr,De);
SLUS_014.51;Pink Panther - Pinkadelic Pursuit (USA);
"SCPS_455.03
SLPM_873.91
SLPS_020.03";Final Fantasy IX (Japan, Asia) (Disc 4);
"SCPS_455.02
SLPM_873.90
SLPS_020.02";Final Fantasy IX (Japan, Asia) (Disc 3);
"SCPS_455.01
SLPM_873.89
SLPS_020.01";Final Fantasy IX (Japan, Asia) (Disc 2);
"SCPS_455.00
SLPM_873.88
SLPS_020.00";Final Fantasy IX (Japan, Asia) (Disc 1);
SLPM_865.38;J.League Jikkyou Winning Eleven 2000 (Japan);
SLUS_011.82;Darkstone (USA);
SLUS_001.19;Die Hard Trilogy (USA) (Rev 1);
SLUS_004.69;One (USA);
SLPS_012.72;Rittai Ninja Katsugeki - Tenchu (Japan);
SLPS_030.40;Rittai Ninja Katsugeki - Tenchu 2 (Japan);
SLPS_015.93;Over Drivin' III - Hot Pursuit (Japan);
SLPS_008.95;Over Drivin' II (Japan);
SLPS_003.27;Over Drivin' DX (Japan);
SCUS_945.08;2Xtreme (USA);
SLPS_014.94;Trap Gunner (Japan);
"SLPS_018.55
SLPS_911.88";Armored Core - Master of Arena (Japan) (Disc 1);
"SLPS_018.56
SLPS_911.89";Armored Core - Master of Arena (Japan) (Disc 2);
"SLUS_004.53
SLUS_004.53GH";Mega Man 8 (USA);
SLPS_011.30;Armored Core - Project Phantasma (Japan);
"SCPS_453.68
SLPM_868.44
SLPS_017.17";Bomberman (Japan, Asia);
"SCPS_452.25
SLPS_013.47";Bomberman Wars (Japan, Asia);
SLPM_871.53;Shin Megami Tensei If... (Japan) (Anniversary Pack);
SLPS_007.77;Kyousouba Ikusei Simulation - Derby Stallion (Japan);
SLPS_022.99;Kyousouba Ikusei Simulation - Derby Stallion 99 (Japan);
SLUS_000.45;Project Overkill (USA);
"SLPM_866.16
SLPS_005.20";Psychic Force (Japan);
"SCPS_454.47
SLPM_873.95
SLPS_023.64
SLPS_027.77
SLPS_914.64";Chrono Cross (Japan, Asia) (Disc 1);
"SCPS_454.48
SLPM_873.96
SLPS_023.65
SLPS_027.78
SLPS_914.65";Chrono Cross (Japan, Asia) (Disc 2);
SLUS_014.78;Big Strike Bowling (USA);
SLUS_014.27;Atari Anniversary Edition Redux (USA);
SLUS_011.23;Miss Spider's Tea Party (USA);
SLUS_015.08;Bratz - Dress Up, Get Down and Be a Bratz Superstar! (USA) (En,Fr,Es);
SLUS_002.32;Pandemonium! (USA);
SCUS_949.00;Crash Bandicoot (USA);
"SLUS_011.06
SLUS_011.06CE";Walt Disney World Quest - Magical Racing Tour (USA);
SLUS_015.02;NASCAR Thunder 2003 (USA);
"SLPS_022.16
SLPS_031.38";Syphon Filter (Japan);
SLUS_012.10;Disney Presents Tigger's Honey Hunt (USA);
SLPS_004.19;Shock Wave (Japan);
SLPS_020.99;Over Drivin' IV (Japan);
"SCPS_100.29
SCPS_910.68";I.Q - Intelligent Qube (Japan);
"SLPM_860.07
SLPM_860.67";Vandal Hearts - Ushinawareta Kodai Bunmei (Japan);
"SLPS_035.81
SLPS_910.64";Armored Core (Japan) (Rev 1);
SLPS_028.72;Kids Station - Bokura to Asobou! Ultraman TV (Japan) (Controller Set);
SLPM_861.50;Dance! Dance! Dance! (Japan);
SLPM_860.24;Jikkyou Powerful Pro Yakyuu '97 - Kaimakuban (Japan);
"SLPM_862.65
SLPM_865.77";Guitar Freaks (Japan);
SLUS_008.79GH;Final Fantasy Anthology - Final Fantasy V (USA) (Rev 1);
SLUS_009.00GH;Final Fantasy Anthology - Final Fantasy VI (USA) (Rev 1);
SLUS_000.78;Zoop - America's Largest Killer of Time! (USA);
"SCPS_101.17
SCPS_454.58";Gran Turismo 2 (Japan, Asia) (Disc 2) (Gran Turismo);
"SCPS_100.93
SCPS_454.21";Minna no Golf 2 (Japan, Asia);
SCPS_911.97;Minna no Golf 2 (Japan) (Rev 1);
SCUS_943.09;Jet Moto (USA);
SLUS_014.23;Powerpuff Girls, The - Chemical X-Traction (USA) (En,Es);
SLPM_861.84;Beat Mania Append 3rdMix (Japan);
SLUS_003.40;Tecmo's Deception - Invitation to Darkness (USA);
SLUS_013.47;Dave Mirra Freestyle BMX - Maximum Remix (USA);
SCUS_943.02;Destruction Derby (USA);
"SLUS_008.68
SLUS_008.68GH";Vigilante 8 - 2nd Offense (USA);
"SLUS_008.75
SLUS_008.75GH";Spider-Man (USA);
SLES_013.04;Breath of Fire III (Europe);
SLUS_010.91;Urban Chaos (USA);
SLUS_003.83;Machine Head (USA);
SLUS_015.67;Baldies (USA);
SLUS_0009;Defcon 5 - Peace Has a Price... (USA);
SLUS_006.98;O.D.T. (USA);
SLUS_013.13;Jimmy White's 2 - Cueball (USA);
SLUS_010.85;NHL Rock the Rink (USA);
SLUS_014.41;Largo Winch - Commando SAR (USA);
SCUS_949.02;Steel Reign (USA);
"SCPS_100.31
SCPS_450.26
SCPS_910.57
SCPS_913.04";Crash Bandicoot (Japan, Asia);
SLPS_012.80;AbalaBurn (Japan);
SLPS_020.30;Simple 1500 Series Vol. 10 - The Billiard (Japan) (Culture Publishers);
SLPS_024.51;Simple 1500 Series Vol. 15 - The Pachinko (Japan);
SLES_129.65;Final Fantasy IX (Europe) (Disc 2);
SLES_029.65;Final Fantasy IX (Europe) (Disc 1);
SLES_229.65;Final Fantasy IX (Europe) (Disc 3);
SLES_329.65;Final Fantasy IX (Europe) (Disc 4);
SLES_024.23;Front Mission 3 (Europe);
SLES_024.42;Suikoden II (Europe);
SCES_030.43;Legend of Dragoon, The (Europe) (Disc 1);
SCES_130.43;Legend of Dragoon, The (Europe) (Disc 2);
SCES_230.43;Legend of Dragoon, The (Europe) (Disc 3);
SCES_330.43;Legend of Dragoon, The (Europe) (Disc 4);
"SLUS_012.72
SLUS_012.72GH";007 - The World Is Not Enough (USA);
SLUS_014.09;Pipe Dreams 3D (USA);
SLUS_009.24;Star Trek - Invasion (USA);
SLPS_024.46;Simple 1500 Series Vol. 10 - The Billiard (Japan);
SCES_019.23;Team Buddies (Europe) (En,Fr,De);
SCUS_944.56;Disney's Tarzan (USA);
SLES_011.56;Diablo (Europe) (En,Fr,De,Sv);
"SCUS_944.26
SCUS_944.26CE";CTR - Crash Team Racing (USA);
SCES_121.59;Star Ocean - The Second Story (Europe) (Disc 2);
SCES_021.59;Star Ocean - The Second Story (Europe) (Disc 1);
SLUS_900.75;Squaresoft on PlayStation 2000 Collector's CD Vol. 3 (USA);
"SLUS_005.53B
SLUS_005.53D
SLUS_005.53G
SLUS_005.53H";Alundra (USA) (Rev 1);
SLPS_030.76;Doraemon 3 - Makai no Dungeon (Japan);
"SCPS_180.02
SCPS_910.70
SCPS_913.07";PaRappa the Rapper (Japan);
"SLPS_006.23
SLPS_910.46";DX Okuman Chouja Game - The Money Battle (Japan);
SLPS_017.58;Yoshimoto Mahjong Club Deluxe (Japan);
SLUS_006.87;Brigandine - The Legend of Forsena (USA);
SLUS_006.14;Azure Dreams (USA);
SCUS_941.82;Armored Core (USA);
SLUS_014.89;Beyblade (USA);
SLES_008.65;Overboard! (Europe);
SLES_001.03;WWF WrestleMania - The Arcade Game (Europe);
SLES_029.66;Final Fantasy IX (France) (Disc 1);
SLES_129.66;Final Fantasy IX (France) (Disc 2);
SLES_229.66;Final Fantasy IX (France) (Disc 3);
SLES_329.66;Final Fantasy IX (France) (Disc 4);
SLES_023.61;NBA Live 2000 (Italy);
SLPS_033.55;Harry Potter to Kenja no Ishi (Japan);
SCUS_943.06;Twisted Metal 2 (USA);
SLUS_007.15;Akuji the Heartless (USA);
"SCUS_942.49
SCUS_943.67";Twisted Metal III (USA) (Rev 1);
SLUS_010.30;Armored Core - Master of Arena (USA) (Disc 1);
SLUS_010.81;Armored Core - Master of Arena (USA) (Disc 2);
SLUS_011.04;Need for Speed - Porsche Unleashed (USA);
SLUS_010.18;Ms. Pac-Man Maze Madness (USA) (Rev 1);
SLUS_013.93;Tiny Toon Adventures - Plucky's Big Adventure (USA);
SCUS_945.64;MediEvil II (USA);
"SLPM_871.02
SLPS_015.25
SLPS_911.38";Bomberman Fantasy Race (Japan);
SLUS_014.07;Bob the Builder - Can We Fix It (USA);
"SLUS_006.83
SLUS_006.83GH";Wheel of Fortune (USA);
SLUS_001.66;Psychic Detective (USA) (Disc 2);
SLUS_001.67;Psychic Detective (USA) (Disc 3);
SLPS_034.08;From TV Animation One Piece - Grand Battle! 2 (Japan);
"SLPM_866.37
SLPM_868.83
SLPM_872.61";Gensou Suiko Gaiden Vol. 1 - Harmonia no Kenshi (Japan);
SLUS_005.97;Granstream Saga, The (USA);
SLES_012.07;LEGO Racers (Europe) (En,Fr,De,Es,It,Nl,Sv,No,Da,Fi);
SLES_022.98;NHL Championship 2000 (Europe) (En,Fr,De,Sv);
SLES_024.53;Grand Theft Auto 2 (France);
SLES_034.25;World's Scariest Police Chases (Europe);
SLPS_030.07;Simple 1500 Series Vol. 44 - The Card 2 (Japan);
SLES_024.64;Tenchu 2 - Birth of the Stealth Assassins (Italy);
SLPS_024.37;Simple 1500 Series Vol. 1 - The Mahjong (Japan);
SLPS_022.88;Fish On! Bass (Japan);
SLPM_872.51;Shin DX Okuman Chouja Game - Tsukutte! Utte! Oomouke! (Japan);
SLPM_869.71;Simple 1500 Series Vol. 80 - The Jintori (Japan);
SLPM_864.82;Ganbare! Nippon! Olympic 2000 (Japan);
SLPS_000.62;Hyper Formation Soccer (Japan);
SLPM_863.17;Jikkyou J.League 1999 - Perfect Striker (Japan);
SLES_021.18;SaGa Frontier 2 (Germany);
SLUS_011.52;Disney's 102 Dalmatians - Puppies to the Rescue (USA);
"SCPS_450.79
SLPS_008.91";Zero Divide 2 - The Secret Wish (Japan, Asia);
SLPS_009.48;Arkanoid Returns (Japan);
SLPS_028.52;WTC - World Touring Car Championship (Japan);
SCUS_944.55;Gran Turismo 2 (USA) (Arcade Mode) (Rev 1);
SLES_013.55;R-Types (Europe);
SCES_025.46;MediEvil 2 (Russia);
SCED_020.62;Final Fantasy VIII (Europe) (Demo 1);
SLPS_005.19;F1 GP Nippon no Chousen - Dome no Yabou (Japan);
SCUS_944.88;Gran Turismo 2 (USA) (Simulation Mode) (Rev 1);
SLUS_001.17;Warhammer - Shadow of the Horned Rat (USA);
SLPS_002.22;Bio Hazard (Japan);
SLUS_015.03;Harry Potter and the Chamber of Secrets (USA, Canada) (En,Fr,Es);
SLUS_011.29;FoxKids.com - Micro Maniacs Racing (USA);
SLUS_009.21;Lunar - Silver Star Story Complete (USA) (The Making of);
"SLUS_006.28
SLUS_006.28A
SLUS_006.28C";Lunar - Silver Star Story Complete (USA) (Disc 1);
"SLUS_008.99
SLUS_008.99A
SLUS_008.99C";Lunar - Silver Star Story Complete (USA) (Disc 2);
SLUS_001.65;Psychic Detective (USA) (Disc 1);
"PAPX_900.01
SLPS_000.01
SLPS_910.01";Ridge Racer (Japan);
"SLPS_019.24
SLPS_912.17";Super Robot Taisen F - Kanketsu-hen (Japan);
SLES_140.34;Final Fantasy Origins - Final Fantasy II (Europe);
SLES_040.34;Final Fantasy Origins - Final Fantasy (Europe);
SLUS_004.82;RayStorm (USA);
SLUS_003.25;NanoTek Warrior (USA);
SCUS_941.54;Crash Bandicoot 2 - Cortex Strikes Back (USA);
SLUS_000.29;Magic Carpet (USA) (En,Fr,De,Es,Sv);
SLUS_013.81;Saiyuki - Journey West (USA);
SLPS_024.72;Simple 1500 Series Vol. 22 - The Pro Wrestling (Japan);
SCUS_941.03;Jumping Flash! (USA);
SCUS_941.80;Bushido Blade (USA);
SLUS_000.61;Soviet Strike (USA);
SLUS_005.60;Tactics Ogre (USA);
SLUS_007.38;Moto Racer 2 (USA);
"SLPS_008.30
SLPS_911.46";Ace Combat 2 (Japan) (Rev 1);
SLUS_012.04;Warriors of Might and Magic (USA);
SLUS_006.26;Tales of Destiny (USA);
SLUS_013.55;Tales of Destiny II (USA) (Disc 1);
SLUS_013.67;Tales of Destiny II (USA) (Disc 2);
SLPS_005.50;Shin Super Robot Taisen (Japan);
SLUS_013.68;Tales of Destiny II (USA) (Disc 3);
SLES_029.68;Final Fantasy IX (Italy) (Disc 1);
SCUS_942.31;3Xtreme (USA);
SLES_129.68;Final Fantasy IX (Italy) (Disc 2);
SLES_229.68;Final Fantasy IX (Italy) (Disc 3);
SLES_329.68;Final Fantasy IX (Italy) (Disc 4);
SLUS_015.51;Easter Bunny's Big Day (USA);
PAPX_900.20;Koukaku Kidoutai - Ghost in the Shell (Japan) (Demo 2);
SLPS_007.87;Shin Super Robot Taisen - Special Disc (Japan);
SLUS_011.37;ATV - Quad Power Racing (USA);
SCUS_946.39;NFL GameDay 2002 (USA);
SLUS_002.14;Ridge Racer Revolution (USA);
SLPS_001.50;Ridge Racer Revolution (Japan);
SLES_109.75;Resident Evil 2 (Italy) (Disc 2);
SLES_009.75;Resident Evil 2 (Italy) (Disc 1);
SCUS_945.10;NFL GameDay 97 (USA);
SCUS_942.34;NFL GameDay 99 (USA) (Rev 1);
SCUS_941.73;NFL GameDay 98 (USA);
SLPS_000.33;Boxer's Road (Japan);
SLUS_012.49;Ball Breakers (USA);
SCUS_943.01;Wipeout (USA);
"SLUS_006.03
SLUS_006.03GH";Mega Man Legends (USA);
SLUS_006.80;Bomberman World (USA);
SLUS_012.61;Pro Pinball - Fantastic Journey (USA);
SLUS_003.72;Star Gladiator - Episode I - Final Crusade (USA);
SLUS_002.24;Disruptor (USA);
SCUS_946.66;C-12 - Final Resistance (USA);
SLUS_007.54;Bust-A-Move 4 (USA);
SCUS_942.63;Bust A Groove (USA);
PAPX_900.61;Play! '98 Fuyu Taikenban (Japan) (Red Disc);
SLPM_870.50;Dragon Quest Monsters 1 & 2 - Hoshifuri no Yuusha to Bokujou no Nakamatachi (Japan);
SLPS_004.76;Spectral Tower (Japan);
SLPS_013.24;Thoroughbred Breeder - Sekai Seiha-hen (Japan);
SLPS_013.24;Thoroughbred Breeder - Sekai Seiha-hen (Japan) (Rev 1);
SLUS_001.64;Area 51 (USA);
SCED_012.30;Registered Users Demo 03 (Europe);
SLPS_000.91;Exector (Japan);
SCUS_944.88;Gran Turismo 2 (USA) (Simulation Mode) (Rev 2);
SLUS_008.04;No One Can Stop Mr. Domino (USA);
SLUS_015.34;Inuyasha - A Feudal Fairy Tale (USA) (Rev 1);
SLUS_002.30;Spider - The Video Game (USA);
SLES_034.01;Simpsons Wrestling, The (Europe);
SLPS_910.37;Option - Tuning Car Battle (Japan) (Rev 1);
"SCPS_451.87
SLPS_012.94";Bushido Blade 2 (Japan, Asia);
SLES_028.55;Army Men - Operation Meltdown (Europe) (En,Fr,De,Es,It);
SLUS_006.00;Kensei - Sacred Fist (USA);
SLPS_031.60;Monster Farm Jump (Japan);
SLPM_860.35;World Soccer Winning Eleven '97 (Japan);
SLPM_860.55;J.League Jikkyou Winning Eleven 3 (Japan);
"SLPM_800.44
SLPM_874.05
SLPS_004.00";Tobal No. 1 (Japan);
SLPS_004.01;Square's Preview (Japan);
SLPS_910.15;Choro Q Ver. 1.02 (Japan);
SLPS_000.68;J.League Jikkyou Winning Eleven (Japan) (Rev 1);
"SLES_029.06
SLES_029.06_T";Rayman 2 - The Great Escape (Europe) (En,Es,It);
SLES_003.07;Total Drivin (Europe) (En,Fr,De,Es,It,Pt);
SCES_006.50;Rage Racer (Europe);
"SLES_017.49
SLES_017.49#";Smurfs, The (Europe) (En,Fr,De,Es,It,Nl);
SCES_003.44;Crash Bandicoot (Europe) (EDC);
"SLPM_867.21
SLPS_022.36";Jojo no Kimyou na Bouken (Japan);
"SLPS_017.50
SLPS_027.70
SLPS_914.48";Ehrgeiz - God Bless the Ring (Japan);
SLPM_860.12;Breeding Stud - Bokujou de Aimashou (Japan);
SLPS_007.70;Final Fantasy Tactics (Japan);
"SLPM_873.92
SLPS_007.70
SLPS_027.68
SLPS_914.35";Final Fantasy Tactics (Japan) (Rev 1);
SLPM_862.75;SuperLite 1500 Series - Shougi II (Japan);
SLPS_012.04;'98 Koushien - Koukou Yakyuu Simulation (Japan);
SLPS_007.71;Square's Preview 2 (Japan);
SLES_011.00;Riven - The Sequel to Myst (Germany) (Disc 1);
SLES_111.00;Riven - The Sequel to Myst (Germany) (Disc 2);
SLES_211.00;Riven - The Sequel to Myst (Germany) (Disc 3);
SLES_311.00;Riven - The Sequel to Myst (Germany) (Disc 4);
SLES_411.00;Riven - The Sequel to Myst (Germany) (Disc 5);
SLES_008.54;G-Police (Germany) (Disc 1);
SLES_108.54;G-Police (Germany) (Disc 2);
SLES_023.70;CyberTiger (Europe) (En,Fr,De,Es,Sv);
"SLES_021.96
SLES_021.96#";World Championship Snooker (Europe) (En,Fr,De);
SLUS_900.66;Dino Crisis (USA) (Demo);
SLPS_910.13;Theme Park (Japan) (Rev 1);
SLES_007.94;Discworld II - Mortellement Votre (France);
SCES_027.77;Formula One 2000 (Europe) (En,Fi);
SCES_015.66;X-Files, The (France) (Disc 1);
SCES_115.66;X-Files, The (France) (Disc 2);
SCES_215.66;X-Files, The (France) (Disc 3);
SCES_315.66;X-Files, The (France) (Disc 4);
SLES_038.67;Sven-Goeran Eriksson's World Challenge (Europe);
SLUS_007.16;You Don't Know Jack (USA) (Disc 1);
SCUS_943.05;Warhawk - The Red Mercury Missions (USA);
SLUS_007.62;You Don't Know Jack (USA) (Disc 2);
SLUS_014.01;Zoboomafoo - Leapin' Lemurs! (USA);
SLPM_862.79;SuperLite 1500 Series - Shichuu Suimei - Mark Yazaki Kanshuu (Japan);
SLPM_862.58;SuperLite 1500 Series - Mahjong II (Japan);
SLPM_865.83;SuperLite 1500 Series - Memories Off (Japan);
SLPS_028.43;Simple 1500 Jitsuyou Series Vol. 02 - Katei no Fuusui (Japan);
SLPS_033.09;Simple Character 2000 Series Vol. 01 - Kidou Senshi Gundam - The Gunjin Shougi (Japan);
"SLES_019.76
SLES_019.76#
SLES_019.76#2";Driver (France);
SLPM_860.42;Gradius Gaiden (Japan);
"SLPS_004.72
SLPS_017.31
SLPS_032.96";Stone Walkers (Japan);
SCUS_945.56;NFL GameDay 2000 (USA);
SCUS_945.75;NFL GameDay 2001 (USA);
SLED_009.66;radicalgames@psygnosis (Europe);
SLPS_011.00;Tales of Destiny (Japan);
SLUS_003.48;Hexen (USA);
SLUS_007.06;Tenchu - Stealth Assassins (USA);
SLUS_013.22;Razor Freestyle Scooter (USA);
SLUS_010.17;Alundra 2 - A New Legend Begins (USA);
SLUS_000.01;Air Combat (USA);
SLUS_001.52;Tomb Raider (USA) (Rev 1);
SLUS_014.29;Delta Force Urban Warfare (USA) (En,Fr,Es);
SLUS_010.00;No Fear Downhill Mountain Bike Racing (USA);
SLPS_009.99;Biohazard 2 (Japan) (Trial Edition);
SLES_020.36;Star Wars - Episode I - Die dunkle Bedrohung (Germany);
SLES_035.10#;Strikers 1945 II (Europe);
SCES_010.71;Treasures of the Deep (Germany);
"SLPS_014.21
SLPS_911.48
SLPS_914.05";Kagero - Kokumeikan Shinshou (Japan);
SLPS_015.77;Hissatsu Pachinko Station - Monster House Special (Japan);
SLPS_009.98;Bio Hazard - Director's Cut (Japan);
SLPM_867.22;UFC - Ultimate Fighting Championship (Japan);
SCUS_944.81;Pizza Hut Disc 2 (USA) (EDC);
SCUS_945.05;NFL GameDay (USA);
SLES_034.34;Digimon World (Germany);
"SLPS_025.16
SLPS_914.67";V-Rally - Championship Edition 2 (Japan);
"SLPS_000.35
SLPS_910.11";Mobile Suit Gundam (Japan);
SLUS_002.39;Alone in the Dark - One-Eyed Jack's Revenge (USA);
SLUS_014.57;Italian Job, The (USA);
SLUS_010.25;Ducati World - Racing Challenge (USA);
SCUS_944.23;Ape Escape (USA);
SLUS_012.89;Billiards (USA);
SLUS_002.15;Namco Museum Vol. 1 (USA);
SLUS_009.30;Monkey Magic (USA);
SLES_015.07;Metal Gear Solid (Germany) (Disc 1);
SLES_115.07;Metal Gear Solid (Germany) (Disc 2);
SCES_008.99;Bushido Blade (Europe);
SLES_022.67;Xena - Warrior Princess (Germany);
SLES_036.83;Dragon Ball - Final Bout (Germany);
SLES_033.97;Disney-Pixar Toy Story Racer (Europe) (Fr,De);
SCES_030.25;Walt Disneys Das Dschungelbuch - Groove Party (Germany);
SCES_027.78;Formula One 2000 (Europe) (Fr,De);
"SLES_019.77
SLES_019.77#
SLES_019.77#2";Driver (Italy);
SLES_037.37;Dragon Ball Z - Ultimate Battle 22 (Germany);
SLES_029.05;Rayman 2 - The Great Escape (Europe) (Fr,De);
SCUS_943.58;Cool Boarders 2 (USA);
SLUS_002.89•;Broken Helix (USA) (Rev 1);
SLUS_007.22;Colony Wars - Vengeance (USA, Canada);
SLUS_000.94;Starwinder - The Ultimate Space Race (USA);
SLUS_007.65;Monkey Hero (USA);
SLES_000.45;Casper (Europe) (En,Fr,De);
SLES_039.36;Digimon World 2003 (Europe) (En,Fr,De,Es,It);
SLES_029.21;StarSweep (Europe);
SLES_041.07/GER;All Star Action (Europe) (Disc 1);
SLES_141.07/GER;All Star Action (Europe) (Disc 2);
SLES_008.58;Rascal (Europe);
"SLES_129.96#
SLES_129.96#2
SLES_129.96_P";Driver 2 - Back on the Streets (Italy) (Disc 2) (Rev 1);
SLPS_021.97;Simple 1500 Series Vol. 13 - The Race (Japan) (Culture Publishers);
"SLPS_020.20
SLPS_912.14";Ace Combat 3 - Electrosphere (Japan) (Disc 1);
"SLPS_020.21
SLPS_912.15";Ace Combat 3 - Electrosphere (Japan) (Disc 2);
SLUS_011.94;You Don't Know Jack - Mock 2 (USA);
SLUS_014.06;One Piece Mansion (USA);
SLUS_012.35;Rayman 2 - The Great Escape (USA) (En,Fr,Es);
SLUS_001.83;Zero Divide (USA);
SLPS_000.83;Zero Divide (Japan);
SLUS_006.86;Uprising X (USA);
"SLUS_007.74
SLUS_007.74GH";X-Men - Mutant Academy (USA);
SCPS_101.04;Pocket Jiman (Japan);
SLUS_002.54;Pitfall 3D - Beyond the Jungle (USA);
SLUS_013.23;Armored Core (USA) (Rerelease);
SLUS_013.36;Time Crisis - Project Titan (USA);
SLUS_004.44;Brahma Force - The Assault on Beltlogger 9 (USA);
SLUS_004.58;Forsaken (USA);
SCUS_941.02;Kileak - The DNA Imperative (USA);
SLUS_013.32;King of Fighters '99, The (USA);
SLUS_012.13;Land Before Time, The - Great Valley Racing Adventure (USA);
SLES_000.25;Swagman (Europe) (En,Fr,De);
SLES_004.38;Andretti Racing (Europe);
SLUS_006.41;Fighter Maker (USA);
SLES_036.47;Tony Hawk's Pro Skater 3 (Germany);
"SLES_031.36
SLES_031.36_P
SLES_031.36_T";007 - Die Welt Ist Nicht Genug (Germany);
"SLES_039.19
SLES_039.19/GER";Delta Force Urban Warfare (Germany);
SLES_041.17;FIFA Football 2004 (Germany);
SCPS_100.28;Wild Arms (Japan);
SCED_019.88;Registered Users Demo 06 (Europe);
SLUS_004.95;WWF War Zone (USA);
SLUS_005.57;Lode Runner (USA);
SCUS_944.08;Project - Horned Owl (USA);
"SLUS_005.30
SLUS_005.30GH";Croc - Legend of the Gobbos (USA);
SCES_006.02;Z (Germany);
SLES_000.17;Prince Naseem Boxing (Europe) (En,Fr,De,Es,It);
SLES_032.28;Army Men - Air Attack 2 (Germany);
SLES_022.13;Glover (Europe) (En,Fr,De,It);
SLES_002.84;Space Jam (Europe);
SLES_031.40;FIFA 2001 (Europe) (En,De,Es,Nl,Sv);
SLES_009.14;FIFA - Road to World Cup 98 (Europe) (En,Fr,De,Es,Nl,Sv);
SLES_036.05;BDFL Manager 2002 (Germany);
SLES_015.44;Premier Manager Ninety Nine (Europe);
SLES_017.66;Player Manager Ninety Nine (Germany);
SLES_002.58;Break Point (Europe) (En,Fr);
SLPS_006.43;Umihara Kawase Shun (Japan);
SLUS_014.58;Rayman Rush (USA);
SLES_010.47;Men in Black - The Game (Europe);
SLES_022.53;Warpath - Jurassic Park (Europe) (En,Fr,De);
SLES_002.78;Bust-A-Move 2 - Arcade Edition (Europe);
SLES_014.55;NBA Live 99 (Germany);
SLES_025.63;Anstoss - Premier Manager (Germany);
SLES_003.13;NHL Powerplay (Europe);
SLES_017.61;Action Man - Mission Xtreme (Europe) (En,Fr,De,Es,It,Nl,Sv,No,Da,Fi);
SLES_028.06;UEFA Challenge (Europe) (En,Fr,De,Nl);
SLES_039.45;Austin Powers Pinball (Europe) (En,Fr,De);
SLUS_012.66;Fear Effect 2 - Retro Helix (USA) (Disc 1);
SLUS_012.75;Fear Effect 2 - Retro Helix (USA) (Disc 2);
SLUS_012.76;Fear Effect 2 - Retro Helix (USA) (Disc 3);
SLUS_012.77;Fear Effect 2 - Retro Helix (USA) (Disc 4);
SLES_013.17;Virus - It Is Aware (Europe) (En,Fr,De,Es,It);
SLUS_001.98;VR Golf '97 (USA) (En,Fr);
"SLUS_000.67
SLUS_000.67GHA";Castlevania - Symphony of the Night (USA);
SLUS_004.25;Wild 9 (USA);
SLES_009.69;Resident Evil - Director's Cut (Europe);
SLED_009.77;Resident Evil 2 (Europe) (Preview);
SLUS_007.25;Bust-A-Move '99 (USA);
SLUS_012.60;Pro Pinball - Big Race USA (USA);
SLUS_001.02;Powerslave (USA);
SLES_012.35;Tommi Maekinen Rally (Italy);
SLES_024.82;Missile Command (Europe) (Fr,De);
SLES_020.96;Beatmania (Europe);
SLES_029.43;Equestriad 2001 (Europe) (En,De,Es);
SLES_005.26;Pandemonium! (Europe);
SCES_012.90;Zero Divide 2 - The Secret Wish (Spain);
SLES_025.51;Tiger Woods PGA Tour 2000 (Europe) (En,Fr,De,Es,Sv);
SLES_024.02;Manager de Liga (Spain);
SLUS_004.04;Ace Combat 2 (USA);
"SLPM_871.84
SLPS_019.21
SLPS_912.00";Devil Summoner - Soul Hackers (Japan) (Disc 1);
"SLPM_871.85
SLPS_019.22
SLPS_912.01";Devil Summoner - Soul Hackers (Japan) (Disc 2);
SLPS_019.23;Persona 2 - Tsumi - Innocent Sin (Japan) (Demo);
SLPS_010.08;Einhaender (Japan);
SLPS_034.44;Simple Character 2000 Series Vol. 08 - Kagaku Ninja-tai Gatchaman - The Shooting (Japan);
SLPS_003.03;Gradius Deluxe Pack (Japan);
SLPM_860.37;Salamander Deluxe Pack Plus (Japan);
SLPS_012.36;R-Types (Japan);
SLPS_004.07;Strikers 1945 (Japan);
SLES_017.34;Metal Gear Solid (Spain) (Disc 1) (Rev 1);
"SLES_117.34
SLES_117.34#2";Metal Gear Solid (Spain) (Disc 2) (Rev 1);
SLES_008.59;Formula 1 97 (Europe) (En,Fr,De,Es,It) (Rev 1);
SLES_016.82;Tomb Raider III - Les Aventures de Lara Croft (France);
SCUS_942.27;MediEvil (USA);
"SCPS_180.12
SCPS_454.69
SCPS_912.13
SCPS_913.08";Vib-Ribbon (Japan, Asia);
SLUS_015.54;XS Junior League Football (USA);
SCUS_946.40;Syphon Filter 3 (USA);
SCUS_944.02;Raiden Project, The (USA);
SLUS_004.31;Command & Conquer - Red Alert (USA) (Disc 1) (Allies);
SLUS_004.85;Command & Conquer - Red Alert (USA) (Disc 2) (Soviet);
SLUS_010.93;SnoCross Championship Racing (USA);
SLUS_011.75;World Destruction League - Thunder Tanks (USA);
SLUS_015.20;XS Junior League Soccer (USA);
"SCPS_454.03
SLPM_862.29";Beat Mania Append GottaMix (Japan, Asia);
SLPM_862.66;Beatmania Append 4thMix - The Beat Goes On (Japan);
SLPS_035.77;Super Robot Taisen Alpha Gaiden (Japan) (Premium Edition);
"SLPS_025.28
SLPS_035.76";Super Robot Taisen Alpha (Japan) (Limited Edition);
SLUS_015.60;XS Junior League Dodgeball (USA);
SLPS_031.48;Super Robot Taisen Alpha Gaiden (Japan);
"LSP_010170
LSP_010170_0.1
LSP_01017001
LSP_903013";Mars Moose Cosmic Quest 1 - City Sights (USA);
"SCPS_100.47
SCPS_451.80
SCPS_910.92
SCPS_913.09";Crash Bandicoot 2 - Cortex no Gyakushuu! (Japan, Asia);
"SCPS_100.73
SCPS_453.50
SCPS_911.64
SCPS_913.18";Crash Bandicoot 3 - Buttobi! Sekai Isshuu (Japan, Asia);
"SCPS_180.11
SCPS_912.26
SCPS_913.25";Um Jammer Lammy (Japan);
"SLPM_873.98
SLPS_009.53";Front Mission Alternative (Japan);
"SLPM_873.32
SLPM_873.99
SLPS_022.22
SLPS_027.72
SLPS_914.47";Front Mission 3 (Japan);
SLPS_016.30;Kasei Monogatari (Japan);
SCPS_100.05;Shanghai - Banri no Choujou (Japan) (Gentei Box);
SLES_033.84;Dancing Stage - Disney Mix (Europe);
SLES_029.34;Gold and Glory - The Road to El Dorado (Europe);
SLPS_011.55;Bomberman World (Japan);
SLPS_009.44;G.O.D pure (Japan);
SCES_012.24;Blasto (Europe) (En,Fr,De,Es,It);
"SLES_004.16
SLES_004.16#";F.A. Manager (Europe);
SLES_027.92;Silent Bomber (Europe);
SLES_032.98;Tunguska - Legend of Faith (Europe) (En,Fr,De,Es,It);
SLES_022.92;Premier Manager 2000 (Europe);
SLUS_011.40;Mega Man Legends 2 (USA);
SLES_039.77;FIFA Football 2003 (Europe) (En,Nl,Sv);
SLES_039.61;Super Slammin' Dodgeball (Europe);
SCES_007.36;Xevious 3D-G+ (Europe);
SLES_039.95;Stock Car Racer (Europe);
SLES_005.37;Re-Loaded (Europe) (En,Fr,De);
SLES_004.55;X2 - No Relief (Europe);
SCES_002.69;Galaxian^3 (Europe);
SLES_006.29;Psychic Force (Europe);
SLES_012.28;Tommi Maekinen Rally (Europe) (En,Fr,De,Es,Fi);
"LSP_010270_0.1
LSP_903020";Mars Moose Cosmic Quest 2 - Fairy Tale Island (USA);
"LSP_010370_0.1
LSP_903037";Mars Moose Cosmic Quest 3 - Race Through France (USA);
"LSP_907127
LSP_907127001";Road Writer (USA);
SLES_015.42;TOCA 2 Touring Cars (Europe) (En,Fr,De);
"LSP_090110_0.2
LSP_905062";K9.5 1 - Live in Airedale (USA);
SLES_029.48;Chris Kamara's Street Soccer (Europe);
SLES_023.53;MTV Sports - Snowboarding (Europe);
SLES_000.93;Assault Rigs (Europe);
SLES_036.76;Kirikou (Europe) (En,Fr,De);
SLES_016.22;UEFA Champions League - Season 1998-99 (Europe);
SLES_003.19;Player Manager (Europe) (En,Fr,De,Es,It,Sv,No);
SLES_011.37;WCW Nitro (Europe);
"SCES_028.85
SCES_028.85_ANZ";Grind Session (Europe, Australia) (En,Fr,De,Es,It,Nl,Pt);
"SLES_019.73
SLES_019.73#
SLES_019.73#2";Re-Volt (Europe) (En,Fr,De,Es,It);
SLES_013.45#GER;Command & Conquer - Alarmstufe Rot - Gegenschlag (Germany) (Disc 1) (Die Alliierten);
SLPS_005.55;Soul Edge (Japan);
SLPS_007.77;Kyousouba Ikusei Simulation - Derby Stallion (Japan) (Rev 1);
"SCPS_101.18
SCPS_454.70
SCPS_912.30
SCPS_913.28";Crash Bandicoot Racing (Japan, Asia);
SLES_029.22;Pinball Power (Europe);
SLES_009.78;WarGames - Defcon 1 (Europe) (En,Fr,De);
SCES_033.65;C-12 - Final Resistance (Europe) (Fr,De);
SLES_022.55;WWF Attitude (Germany);
SLES_032.06;Card Shark (Europe);
SLES_028.21;Ducati World (Europe);
SLES_024.76;Caesars Palace 2000 - Millennium Gold Edition (Europe);
SLES_027.63;SnoCross Championship Racing (Europe) (En,Fr,De,Es,It);
SLES_009.35;Tennis Arena (Europe) (En,Fr,De,Es,It);
"SCPS_454.67
SLPS_024.80";Parasite Eve II (Japan, Asia) (Disc 1);
"SCPS_454.68
SLPS_024.81";Parasite Eve II (Japan, Asia) (Disc 2);
SCPS_100.20;Omega Boost (Japan) (En,Ja);
SLPM_862.19;Bust A Move 2 - Dance Tengoku Mix (Japan);
"SLPM_861.26
SLPM_863.90";Beat Mania (Japan) (Disc 1) (Arcade);
"SLPM_861.27
SLPM_863.91";Beat Mania (Japan) (Disc 2) (Append);
SLPM_860.01;Private Collection - Tokimeki Memorial (Japan);
SLPS_031.77;Yutona Eiyuu Senki - TearRingSaga (Japan);
SLES_009.16;FIFA - Die WM-Qualifikation 98 (Germany) (En,Fr,De,Es,Nl,Sv);
SLES_030.68;RC de Go! (Europe);
SLES_039.31;Michael Schumacher Racing World Kart 2002 (Europe) (En,Fr,De,Es,It);
SLES_020.32;Swing (Europe) (En,Fr,De);
"SCPS_450.25
SLPM_860.33";Tobal 2 (Japan, Asia);
SLPS_011.50;Densha de Go! (Japan);
"SLPM_870.91
SLPS_031.41";Eithea (Japan) (Disc 1);
"SLPM_870.92
SLPS_031.42";Eithea (Japan) (Disc 2);
SLES_037.75;Alex Ferguson's Player Manager 2002 (Europe);
SLES_005.52;VMX Racing (Europe);
SLPS_001.88;NBA Power Dunkers (Japan);
SLPS_034.94;Quiz$Millionaire - Waku Waku Party (Japan);
SCES_006.23;Total NBA '97 (Europe);
SCPS_100.36;Ganbare Morikawa-kun 2-gou (Japan);
SCPS_100.33;Ganbare Morikawa-kun 2-gou (Japan) (Genteiban);
"SLPS_000.13
SLPS_910.02
SLPS_911.44";Raiden Project (Japan);
"SLPS_006.57
SLPS_910.56";Clock Tower 2 (Japan);
"SLPS_004.63
SLPS_910.40
SLPS_914.58";Fish Eyes (Japan);
"SCPS_910.71
SCPS_913.10";Arc the Lad II (Japan) (Rev 1);
SCPS_100.09;Philosoma (Japan);
SLED_009.68;Shadow Master (Europe) (En,Fr,De,Es,It) (Demo);
SLUS_012.01;Alone in the Dark - The New Nightmare (USA) (Disc 1);
SLUS_013.77;Alone in the Dark - The New Nightmare (USA) (Disc 2);
SLUS_000.37;Descent (USA);
SLPS_003.97;Jikuu Tantei DD - Maboroshi no Lorelei (Japan) (Disc 1);
SLPS_003.98;Jikuu Tantei DD - Maboroshi no Lorelei (Japan) (Disc 2);
SCPS_100.49;Zero Pilot - Gin'yoku no Senshi (Japan);
SCPS_911.27;Zero Pilot - Gin'yoku no Senshi (Japan) (Rev 1);
"SCPS_101.40
SCPS_455.11
SCPS_913.19";Crash Bandicoot Carnival (Japan, Asia);
SCPS_100.46;Granstream Denki - The Granstream Saga (Japan);
SCPS_100.01;Motor Toon Grand Prix (Japan);
SCPS_100.01;Motor Toon Grand Prix (Japan) (Rev 1);
SCPS_100.18;Motor Toon Grand Prix 2 (Japan) (Disc 1);
SCPS_100.19;Motor Toon Grand Prix 2 (Japan) (Disc 2) (Taisen Sen'you Disc);
SLPS_021.13;Tondemo Crisis! (Japan);
SLPS_031.03;Hamster no Odekake (Japan);
SLPM_870.45;World Greatest Hits Series Vol. 2 - Pipe Dreams 3D (Japan);
"SLPM_869.16
SLPM_873.77";Dragon Quest IV - Michibikareshi Monotachi (Japan);
SLPS_009.73;Elf o Karu Monotachi - Kanzenban (Japan) (Disc 1);
SLPS_009.74;Elf o Karu Monotachi - Kanzenban (Japan) (Disc 2);
SLPS_009.75;Robo-Pit 2 (Japan) (Demo 1);
SCUS_946.44;Who Wants to Be a Millionaire - 3rd Edition (USA);
SLUS_011.74;Wheel of Fortune - 2nd Edition (USA);
SCPS_100.06;Gunners Heaven (Japan);
SCPS_100.64;KulaQuest (Japan);
"LSP_090220_0.1
LSP_905079";K9.5 2 - We Are the Dogs! (USA);
SLPS_004.15;Street Fighter Zero 2 (Japan);
"SLPM_868.77
SLPS_017.77";Street Fighter Zero 3 (Japan);
SLES_023.73;EA Sports Supercross 2000 (Europe) (En,Fr,De,Es,It,Nl,Sv);
SLES_017.19;Darkstalkers 3 (Europe);
"LSP_130120_0.1
LSP_903167
LSP_903419";Creative Isle (USA);
"LSP_130110_0.1
LSP_903150";Creative Camp (USA);
SLUS_006.88;NCAA Football 99 (USA);
SLUS_005.14;NCAA Football 98 (USA);
SLES_038.89;Capcom vs. SNK - Millennium Fight 2000 Pro (Europe);
SLES_018.63;Street Fighter Alpha 3 (Europe);
SLES_001.99;Street Fighter Alpha - Warriors' Dreams (Europe);
SLES_023.05;Marvel vs. Capcom - Clash of Super Heroes (Europe);
SLES_017.92;Marvel Super Heroes vs. Street Fighter (Europe);
SLES_009.32;Marvel Super Heroes (Europe);
SLES_012.47;X-Men vs. Street Fighter (Europe);
SLUS_007.36;NBA Live 99 (USA);
SLUS_005.23;NBA Live 98 (USA);
SLES_028.67;Strider 2 (Europe);
SLES_128.67;Strider (Europe);
SCES_008.68;Final Fantasy VII (France) (Disc 1);
SCES_108.68;Final Fantasy VII (France) (Disc 2);
SCES_208.68;Final Fantasy VII (France) (Disc 3);
SCPS_100.89;Wild Arms - 2nd Ignition (Japan) (Disc 1);
SCPS_100.90;Wild Arms - 2nd Ignition (Japan) (Disc 2);
"SLES_027.00
SLES_027.00_T";Need for Speed - Porsche 2000 (Europe) (Fr,Es,It);
"LSP_010180_0.1
Part_#903075";Mars Moose Adventure - WalkAbout 1 - The Natural History Museum (USA);
"LSP_010280_0.1
Part_#903082";Mars Moose Adventure - WalkAbout 2 - The Shakespeare Festival (USA);
"LSP_010380
LSP_010380_0.1
LSP_01038001
LSP_903099";Mars Moose Adventure - WalkAbout 3 - World Sports Day (USA);
"LSP_200110
LSP_200110_0.1
LSP_905031";Calamity 1 - The Natural World (USA);
"LSP_907370
LSP_90737001";Timeless Math 7 - Rover Recovery (USA);
"LSP_907363
LSP_90736300";Timeless Math 6 - Brainswarm (USA);
"LSP_040120
LSP_04012001
LSP_907332";Timeless Math 3 - Maya, King Jaguar's Village (USA);
"LSP_040130
LSP_04013001
LSP_907325";Timeless Math 2 - Maya, Observatory (USA);
"LSP_040110_0.1
LSP_907318
Part_#907318";Timeless Math 1 - Maya, Search and Rescue (USA);
"LSP_907387
LSP_90738701";Timeless Jade Trade (USA);
"LSP_020780_0.1
Part_#903402";Secret of Googol 8, The - Googol Gulch - General Store & Math Arcade (USA);
"LSP_020650_0.1
LSP_903396
Part_#903396";Secret of Googol 7, The - Eggs All Around - Egg Trek & Balloon Picnic (USA);
"LSP_020280_0.1
LSP_903365";Secret of Googol 4, The - The Googol Counting Fair - Corral & Fun House (USA);
"LSP_020260_0.1
LSP_903358";Secret of Googol 3, The - The Googol Counting Fair - Midways (USA);
"LSP_020170_0.1
LSP_903341";Secret of Googol 2b, The - Reshaping Googol - Under the Ocean (USA);
"LSP_020180_0.1
LSP_903334";Secret of Googol 2a, The - Reshaping Googol - The Castle (USA);
"LSP_020150_0.1
LSP_903327";Secret of Googol 1b, The - Reshaping Googol - The Tower (USA);
"LSP_020160_0.1
LSP_903310";Secret of Googol 1a, The - Reshaping Googol - The Submarine (USA);
"LSP_020190_0.1
LSP_903426";Cali's Geo Tools (USA);
"LSP_907103
LSP_90710301";K9.5 5 - The Howlywood Premiere (USA);
"LSP_060103_0.1
LSP_905338
Part_#905338";Quaddle Family Mysteries, The 3 - The Case of the Scarce Scarab - Parlor & Family Room (USA);
"LSP_903440
LSP_90344001
Part_#903440";Math Gallery - Collection 2 (USA);
"LSP_100112
LSP_10011201
LSP_907394";Math on the Move! 1 - Addition-Subtraction Advanced (USA);
"LSP_100113
LSP_10011301
LSP_907400";Math on the Move! 2 - Multiplication-Division Advanced (USA);
"LSP_050101_0.1
LSP_050101_0.2
LSP_905017";Mona & Moki 1 - Drive Me Wild! (USA);
"LSP_050102_0.1
LSP_905024";Mona & Moki 2 - Drive Me Wilder! (USA);
"LSP_030101_0.1
LSP_907011";Str.at.e.s. 1 - Match-A-Batch (USA);
"LSP_030102
LSP_03010201
LSP_907028";Str.at.e.s. 2 - Matchamania! (USA);
"LSP_030103
LSP_03010301
LSP_907035";Str.at.e.s. 3 - Title This! Title That! (USA);
"LSP_030104
LSP_03010401
LSP_907042";Str.at.e.s. 4 - Titlerama! (USA);
"LSP_030105
LSP_03010501
LSP_907059";Str.at.e.s. 5 - Parallel Lives! (USA);
"LSP_030106
LSP_03010601
LSP_907066";Str.at.e.s. 6 - Analogy-ology! (USA);
"LSP_030107
LSP_03010701
LSP_907073";Str.at.e.s. 7 - Riddle Roundup! (USA);
"LSP_030108_0.1
LSP_907080";Str.at.e.s. 8 - Riddle Wrangler! (USA);
"LSP_060101_0.1
LSP_905314
Part_#905314";Quaddle Family Mysteries, The 1 - The Case of the Scarce Scarab - Lobby & Kitchen (USA);
"LSP_060102_0.1
LSP_905321
Part_#905321";Quaddle Family Mysteries, The 2 - The Case of the Scarce Scarab - Garden (USA);
"LSP_010150_0.1
Part_#903105";Liquid Books Adventure 1 - Lety's Favorite Stories (USA);
"LSP_010250_0.1
LSP_903112";Liquid Books Adventure 2 - Amrita's Trees & Cerdito and the Coyote (USA);
SLPS_001.30;Dokiou-ki (Japan);
"SCPS_100.74
SCPS_911.30
SCPS_911.98
SCPS_913.30";Ore no Shikabane o Koete Yuke (Japan);
"SCPS_100.30
SCPS_910.81";Rurouni Kenshin - Meiji Kenkaku Romantan - Ishin Gekitou-hen (Japan);
SCES_014.44#;Jackie Chan Stuntmaster (Europe);
SCUS_944.21;Star Ocean - The Second Story (USA) (Disc 2);
SCUS_944.21;Star Ocean - The Second Story (USA) (Disc 1);
SLES_017.89;Need for Speed - Road Challenge (Europe) (Fr,De);
SLES_005.55;Hexen (Europe);
"SLES_023.76
SLES_023.76_T";007 - Der Morgen Stirbt Nie (Germany);
SCES_017.00;This Is Football (Europe);
SLUS_012.51GH;Final Fantasy IX (USA, Canada) (Disc 1) (Rev 1);
SLES_000.50;Street Fighter - The Movie (Europe);
SLPS_011.46;Conveni 2, The - Zenkoku Chain Tenkai da! (Japan);
"SLPM_863.77
SLPS_015.47";Houshin Engi (Japan);
SLPS_030.27;Solid Link - Tower Side (Japan);
SLES_020.81;Final Fantasy VIII (France) (Disc 1);
SLES_120.81;Final Fantasy VIII (France) (Disc 2);
SLES_220.81;Final Fantasy VIII (France) (Disc 3);
SLES_320.81;Final Fantasy VIII (France) (Disc 4);
SLES_019.80;WWF Attitude (Europe);
SLUS_004.23;Street Fighter Collection (USA) (Disc 1);
SLUS_005.84;Street Fighter Collection (USA) (Disc 2);
SLPS_019.10;Cyber Org (Japan);
SLES_006.48;Crow, The - City of Angels (Germany);
SLES_001.68;PO'ed (Europe) (En,Fr,De,Es,It);
"SLPS_005.32
SLPS_028.84";Tasogare no Ode (Japan);
SLPS_025.23;Dice de Chocobo (Japan);
"SLPS_019.51
SLPS_025.22
SLPS_914.38";Chocobo Racing - Genkai e no Road (Japan);
"SLPS_025.20
SLPS_025.21";Chocobo Stallion (Japan);
SCPS_100.07;Jumping Flash! Aloha Danshaku Funky Daisakusen no Maki (Japan);
SLPS_015.59;Dokapon! Ikari no Tekken (Japan);
"SLPS_006.87
SLPS_011.23";Baseball Navigator (Japan);
SLES_009.98;Street Fighter Collection (Europe) (Disc 1);
SLES_109.98;Street Fighter Collection (Europe) (Disc 2);
SLPS_028.61;RPG Tkool 4 (Japan);
SLPS_028.62;Character Tkool (Japan);
"LSP_040410
LSP_04041001
Part_#907349";Timeless Math 4 - Lunar Base (USA);
LSP_99012201;16 Tales 2 (USA);
"LSP_903143
LSP_90314301";Liquid Books Adventure 5 - Pop-Out Prose (USA);
"LSP_903433
LSP_90343301";Math Gallery - Collection 1 (USA);
"LSP_040510
LSP_04051001
LSP_907356";Timeless Math 5 - Space Flight Rescue (USA);
"LSP_200220
LSP_200220_0.1
LSP_905048";Calamity 2 - People and Traditions (USA);
"LSP_200330
LSP_200330_0.1
LSP_905055";Calamity 3 - Around the World (USA);
"LSP_080230_0.1
LSP_905154
Part_#905154";Cosmic Cookoff - Language Arts (USA);
"LSP_080240_0.1
LSP_905413
Part_#905413";Cosmic Cookoff - Mathematics (USA);
"LSP_905109
LSP_90510901";Creative Journey (USA);
"LSP_080130_0.1
LSP_905161";Faire Games - Language Arts (USA);
"LSP_080140_0.1
Part_#905420";Faire Games - Mathematics (USA);
"LSP_090330_0.1
LSP_905086";K9.5 3 - WebTunes (USA);
"LSP_090440_0.1
LSP_905093";K9.5 4 - The Tail-Wag Tour (USA);
"LSP_070110_0.1
LSP_905123";KazMania 1 - Trail of Gems (USA);
"LSP_905130
LSP_90513001";KazMania 2 - Chaos in KazMania (USA);
"LSP_905147
LSP_90514700";Liquid Books Adventure 6 - The Wandering Path (USA);
"LSP_010360_0.1
LSP_903068";Mars Moose Stay and Play 3 - In Lonnie's Classroom (USA);
"LSP_100110_0.1
LSP_905390
Part_#905390";Math on the Move! 1 - Addition-Subtraction Intermediate (USA);
"LSP_100111_0.1
LSP_905406
Part_#905406";Math on the Move! 2 - Multiplication-Division Intermediate (USA);
SLPS_020.11;Doukyuu Re-mix - Billiards Multiple (Japan);
SLPS_019.40;Septentrion - Out of the Blue (Japan);
"SCPS_452.02
SLPM_864.53
SLPS_013.48";G Darius (Japan, Asia);
SLPM_860.23;Akumajou Dracula X - Gekka no Yasoukyoku (Japan) (Rev 1);
SLPS_020.70;Super Robot Taisen - Complete Box (Japan) (Disc 1) (Super Robot Wars Complete Box);
SLPS_020.71;Super Robot Taisen - Complete Box (Japan) (Disc 2) (History of Super Robot Wars);
"LSP_060190_0.1
Part_#905383";P.K.'s Math Studio (USA);
"LSP_060310_0.1
LSP_905345
Part_#905345";P.K.'s Place 1 - Party on the Patio! (USA);
"LSP_180210_0.1
LSP_905352";P.K.'s Place 2 - Hoopo at Sea! (USA);
"LSP_180310_0.1
LSP_905369
Part_#905369";P.K.'s Place 3 - Carlos at the Races! (USA);
"LSP_180410_0.1
Part_#905376";P.K.'s Place 4 - Daphne and the Seventh Wonder (USA);
SLUS_012.50;Spin Jam (USA);
SLUS_011.90;Surf Riders (USA);
SLES_027.75;Championship Bass (Europe);
SCED_039.10;McDonald's - Demo 02 (Europe);
SLPS_013.63;Slayers Royal (Japan);
"SLPS_014.71
SLPS_028.66";Goujin Senki (Japan);
SLPS_007.56;Doki Doki Pretty League (Japan);
SLUS_010.07;Tonka Space Station (USA);
SLUS_013.17;BursTrick - Wake Boarding!! (USA);
"SLPM_863.98
SLPM_865.73
SLPM_870.66";Yu-Gi-Oh! Shin Duel Monsters - Fuuin Sareshi Kioku (Japan);
SLPS_019.14;Bass Tsuri ni Ikou! (Japan);
SLPS_015.07;Doki Doki Pretty League - Nekketsu Otome Seishunki (Japan) (Disc 1);
SLPS_015.08;Doki Doki Pretty League - Nekketsu Otome Seishunki (Japan) (Disc 2);
SLPS_015.09;Doki Doki Pretty League - Nekketsu Otome Seishunki (Japan) (Disc 3);
SLPS_013.14;Shin Nihon Pro Wrestling - Toukon Retsuden 3 (Japan) (Antonio Inoki Intai Kinen Genteiban);
"SLPS_008.57
SLPS_910.59";Runabout (Japan);
SLPS_024.03;Runabout 2 (Japan);
SLPS_030.33;Runabout 2 (Japan) (Fukyuuban 1500);
SLPS_007.36;NBA Live 97 (Japan);
SLPS_012.96;NBA Live 98 (Japan);
SLPS_012.79;Wizardry - Llylgamyn Saga (Japan) (En,Ja);
SLES_040.96;Archer Maclean's 3D Pool (Europe);
SLES_034.14;Army Men - Lock 'n' Load (Europe) (En,Fr,De,Es,It);
SLES_036.33;Army Men - Team Assault (Europe) (En,Fr,De,Es,It);
"SLES_038.08
SLES_038.08#2
SLES_038.08#3";Atari Anniversary Edition Redux (Europe);
SCPS_100.40;Arc the Lad - Monster Game with Casino Game (Japan) (Disc 1) (Monster Game);
SCPS_100.41;Arc the Lad - Monster Game with Casino Game (Japan) (Disc 2) (Casino Game);
SLES_004.48;Bubble Bobble also featuring Rainbow Islands (Europe);
SLPS_020.85;Populous - The Beginning (Japan);
SLES_001.22;Bubsy 3D - Furbitten Planet (Europe);
"SCES_033.64
SCES_033.64_P";C-12 - Final Resistance (Europe);
"SLES_029.14
SLES_029.14_P";Digimon World (Europe);
"SLES_039.89
SLES_039.89#";Dinomaster Party (Europe) (En,Fr,De,Es,It,Nl);
"SLES_038.82
SLES_038.82#2
SLES_038.82_P";Dancing Stage - Party Edition (Europe);
SLES_005.34;Ten Pin Alley (Europe);
"SLPS_005.05
SLPS_028.11";Kuro no Juusan (Japan);
SLPS_001.16;Tadaima Wakusei Kaitaku-chuu! (Japan);
SLPS_010.24;Nissan Presents - Over Drivin' - Skyline Memorial (Japan);
SCED_026.63;Euro Demo 10-00 (Germany);
SLED_034.46;Asterix - Mega Madness (Europe) (En,Fr,De,Es,It,Nl) (Demo);
"SLES_029.95#
SLES_029.95_P
SLES_029.95_P#";Driver 2 - Back on the Streets (Germany) (Disc 1) (Rev 1);
SLPM_866.97;Simple 1500 Series Vol. 50 - The Billiard 2 (Japan);
SLES_016.83;Tomb Raider III - Adventures of Lara Croft (Germany);
SLES_013.63;C3 Racing - Car Constructors Championship (Europe) (En,Fr,De,Es,It);
SLES_004.86;Tomb Raider (Germany);
SLES_004.86#;Tomb Raider (Germany) (EDC);
SLES_025.60;Parasite Eve II (Germany) (Disc 1);
SLES_125.60;Parasite Eve II (Germany) (Disc 2);
SLPS_012.37;Bust A Move (Japan);
SLES_039.16;Wer wird Millionaer - Dritte Edition (Germany);
SLES_027.22;F1 2000 (Europe) (En,Fr,De,Nl);
SLES_001.52;Tilt! (Europe) (En,Fr,De);
"SLES_041.58
SLES_041.58#";Wanted (Europe);
SLES_012.81;Jeremy McGrath Supercross 98 (Europe);
SLES_001.35;Indy 500 (Europe);
SLES_020.21;Rampage 2 - Universal Tour (Europe);
SLES_033.25;Motocross Mania (Europe) (En,Fr,De,Es,It);
"SLES_034.85
SLES_034.85#";Family Games Compendium (Europe) (Disc 1);
"SLES_134.85
SLES_134.85#";Family Games Compendium (Europe) (Disc 2);
SLES_234.85#;Family Games Compendium (Europe) (En,Fr,De,It) (Disc 3);
SLES_010.87;Forsaken (Germany);
SLES_023.17;FIFA 2000 (Germany) (En,De,Es,Nl,Sv);
SLES_027.31;Vampire Hunter D (Europe) (En,Fr,De);
SLPS_000.79;J.League Soccer - Prime Goal EX (Japan);
SCES_017.02;Fussball Live (Germany);
SLPS_024.35;Simple 1500 Series Vol. 19 - The Sugoroku (Japan);
SLPS_027.26;Simple 1500 Series Vol. 28 - The Dungeon RPG (Japan);
SLPM_805.73;Dino Crisis 2 (Japan) (Demo);
SLPS_033.54;Zanac x Zanac (Japan);
SLPM_860.09;Sexy Parodius (Japan);
SLPS_005.74;Darius Gaiden (Japan);
SLPS_027.55;Simple 1500 Series Vol. 29 - The Tsuri (Japan);
SLPM_867.09;Simple 1500 Series Vol. 59 - The Suiri - IT Tantei 18 no Jikenbo (Japan);
SLPM_868.65;Simple 1500 Series Vol. 68 - The RC Car - RC de Go! (Japan);
SLPM_868.68;Simple 1500 Series Vol. 69 - The Putter Golf (Japan);
SLPS_025.27;Cool Boarders 4 (Japan);
SLPS_026.47;Bass Landing 2 (Japan);
SLES_012.22;Golden Goal 98 (Europe) (En,Fr,De,Es,It);
SLES_032.78;Moorhuhn 2 - Die Jagd Geht Weiter (Germany);
"SLES_023.31
SLES_023.31#";Worms Armageddon (Germany);
SLPS_001.96;Dai-4-ji Super Robot Taisen S (Japan);
SLPS_034.58;Simple Character 2000 Series Vol. 11 - Meitantei Conan - The Board Game (Japan);
SLES_014.82;Future Cop - L.A.P.D. (Germany);
SLPS_035.47;Simple Character 2000 Series Vol. 17 - Sentou Mecha Xabungle - The Race in Action (Japan);
SLPS_016.80;Star Ixiom (Japan);
SIPS_600.16;Porsche Challenge (Japan);
SLPS_000.22;Starblade Alpha (Japan);
"SLPS_016.79
SLPS_025.48";Saikyou Toudai Shougi (Japan);
"SLPS_023.97
SLPS_032.30";Saikyou Toudai Shougi 2 (Japan);
"SCPS_100.16
SCPS_100.17";Horned Owl (Japan);
SLPS_001.52;Yaku - Yuujou Dangi (Japan);
SLES_002.27;Resident Evil (France);
"SLPM_860.73
SLPM_873.28";Akumajou Dracula X - Gekka no Yasoukyoku (Japan) (Rev 2);
SCPS_100.26;Arc the Lad II (Japan);
SLPM_860.23;Akumajou Dracula X - Gekka no Yasoukyoku (Japan);
SLPS_010.33;Power DoLLS 2 (Japan);
SLPS_911.78;Daisenryaku - Player's Spirit (Japan) (Rev 1);
ESPM_700.03;Puffy no P.S. I Love You (Japan);
"SCPS_100.38
SCPS_451.81";Gensei Kyokou Seirei Kidoudan - Elemental Gearbolt (Japan, Asia);
"SLPS_015.36
SLPS_911.55";Kawa no Nushi-tsuri - Hikyou o Motomete (Japan);
SLPS_002.77;Fire Pro Wrestling - Iron Slam '96 (Japan);
SLPS_020.65;Fire Pro Wrestling G (Japan);
SLPS_013.66;Shin Nihon Pro Wrestling - Toukon Retsuden 3 (Japan);
SLES_004.95;Star Gladiator - Episode I - Final Crusade (Europe);
SLUS_008.30;High Heat Baseball 2000 (USA);
SLED_022.59;Final Fantasy VIII (France) (Demo);
PCPX_961.28;Yarudora - Yukiwari no Hana & Sampaguita (Japan) (Demo);
SCPS_180.09;Tomoyasu Hotei - Stolen Song (Japan) (Disc 1);
SCPS_180.10;Tomoyasu Hotei - Stolen Song (Japan) (Disc 2);
SCES_009.00#;Final Fantasy VII (Spain) (Disc 1) (Rev 1);
SCES_109.00#;Final Fantasy VII (Spain) (Disc 2) (Rev 1);
SCES_209.00#;Final Fantasy VII (Spain) (Disc 3) (Rev 1);
SLPM_802.85;Doki Doki Poyatchio!! (Japan) (Demo);
"SLPM_803.76
SLPM_803.82";Marvel Super Heroes vs. Street Fighter - EX Edition (Japan) (Taikenban);
"SLPM_873.15
SLPS_009.02
SLPS_911.06";Rockman X4 (Japan);
"SLPM_869.59
SLPM_871.83";Rockman X6 (Japan);
"SLPM_866.66
SLPM_870.21";Rockman X5 (Japan);
SLPS_007.50;Xevious 3D-G+ (Japan);
"SLPS_024.15
SLPS_030.31";Charumera (Japan);
SLPS_005.97;Sold Out (Japan);
SLPS_000.24;Myst (Japan);
SLES_006.27;Theme Hospital (Europe) (En,Fr,De,Es,It,Sv);
SLPM_860.02;Hyper Olympic in Atlanta (Japan);
SLPS_008.76;Simulation RPG Tkool (Japan);
SLPS_006.37;Shin Nihon Pro Wrestling - Toukon Retsuden 2 (Japan);
SLPS_016.03;Serial Experiments Lain (Japan) (Disc 1);
SLPS_016.04;Serial Experiments Lain (Japan) (Disc 2);
"SLPS_024.65
SLPS_912.19";Bakusou Dekotora Densetsu 2 - Otoko Jinsei Yume Ichiro (Japan);
SLPS_024.66;Driver - You Are the Wheelman & V-Rally - Championship Edition 2 (Japan) (Demo);
PCPX_961.61;Wild Arms - 2nd Ignition (Japan) (Demo 1);
SCPS_101.33;Koko Hore! Pukka (Japan);
SLPS_911.90;Dokapon! Ikari no Tekken (Japan) (Rev 2);
"SLPS_004.20
SLPS_910.98";SimCity 2000 (Japan);
SLPS_021.17;Spriggan - Lunar Verse (Japan);
"SLUS_003.81
SLUS_003.81GH
SLUS_0381";Star Wars - Rebel Assault II - The Hidden Empire (USA) (Disc 1);
"SLUS_003.86
SLUS_003.86GH";Star Wars - Rebel Assault II - The Hidden Empire (USA) (Disc 2);
PCPX_961.46;Global Force - Shin Sentou Kokka (Japan) (Demo);
SCED_026.51;Euro Demo 47 (France);
SLES_013.43;Command & Conquer - Red Alert - Retaliation (Europe) (Disc 1) (Allies);
SLES_113.43;Command & Conquer - Red Alert - Retaliation (Europe) (Disc 2) (Soviet);
"SCES_037.59
SCES_037.59_P";Disney-Pixar Monsters, Inc. - Scare Island (Europe);
"SLES_016.49
SLES_016.49_T";Tomb Raider III - Adventures of Lara Croft (Europe) (Rev 1) (EDC);
"SLES_036.23#
SLES_036.23_ANZ_P
SLES_036.23_P";Spider-Man 2 - Enter - Electro (Europe, Australia) (Rev 1);
SLPS_027.64;Oh No! (Japan);
SLPS_019.06;Monster Farm 2 (Japan);
SLPS_012.20;Namco Anthology 1 (Japan);
SLPS_002.41;America Oudan Ultra Quiz (Japan);
SLPS_015.88;Ren'ai Kouza - Real Age (Japan);
SLPS_015.89;Ren'ai Kouza - Real Age - The Art of Eguchi Hisashi (Japan);
SLPM_862.51;Vandal Hearts II - Tenjou no Mon (Japan);
"SLPS_018.46
SLPS_914.90";Sound Novel Evolution 3 - Machi - Unmei no Kousaten (Japan) (Disc 2);
"SLPS_018.45
SLPS_914.89";Sound Novel Evolution 3 - Machi - Unmei no Kousaten (Japan) (Disc 1);
SLES_005.09;Soviet Strike (Germany);
SLPS_010.10;Kaze no Klonoa - Door to Phantomile (Japan);
"SCPS_455.16
SLPS_034.33";Klonoa Beach Volley - Saikyou Team Ketteisen! (Japan, Asia);
SLPS_017.00;Vampire Savior - EX Edition (Japan);
"SLPM_868.96
SLPS_028.03";Tomb Raider IV - The Last Revelation (Japan);
SLES_036.85;Dragon Ball - Final Bout (Spain);
SLPS_007.53;Refrain Love - Anata ni Aitai (Japan);
SLES_033.24;Asterix - Mega Madness (Europe) (En,Fr,De,Es,It,Nl);
"SCPS_100.43
SCPS_450.92";Koukaku Kidoutai - Ghost in the Shell (Japan, Asia);
SLPS_026.00;Mr. Driller (Japan);
SLPS_005.83;Mighty Hits (Japan);
SLPS_010.45;Nightmare Project - Yakata (Japan) (Disc 1);
SLPS_010.46;Nightmare Project - Yakata (Japan) (Disc 2);
SLPS_010.47;Nightmare Project - Yakata (Japan) (Disc 3);
SLES_031.37_T;007 - El Mundo Nunca es Suficiente (Spain);
SLUS_002.64;Andretti Racing (USA);
SLPS_012.34;Chocobo no Fushigi na Dungeon (Japan);
SLPS_012.35;Fushigi na Data Disc (Japan);
"SCPS_100.88
SCPS_912.32";Boku no Natsuyasumi - Summer Holiday 20th Century (Japan);
SLPS_016.57;Zen Super Robot Taisen Denshi Daihyakka (Japan) (Disc 1);
SLPS_016.58;Zen Super Robot Taisen Denshi Daihyakka (Japan) (Disc 2);
SLPS_012.84;X-Men vs. Street Fighter - EX Edition (Japan);
SLPS_025.61;Cardcaptor Sakura - Clow Card Magic (Japan);
SLPS_012.29;Debut 21 (Japan);
"SLPS_008.88
SLPS_911.03";Burger Burger - Hamburger Simulation (Japan);
"SLPS_004.50
SLPS_910.53
SLPS_914.07";Smash Court (Japan);
SLPS_028.20;Kidou Senshi Gundam - Gihren no Yabou - Zeon no Keifu - Kouryaku Shireisho (Japan);
SLPM_871.30;Bakuten Shoot Beyblade 2002 - Bey Battle Tournament 2 (Japan);
"SLPM_872.86
SLPM_873.42";GeGeGe no Kitarou - Gyakushuu! Youma Daikessen (Japan);
SLPM_867.63;K-1 World Grand Prix 2001 - Kaimakuban (Japan);
SLPM_862.91;World Soccer Jikkyou Winning Eleven 4 (Japan);
SLPM_861.62;World Soccer Jikkyou Winning Eleven 3 - Final Ver. (Japan);
"SLPS_008.38
SLPS_911.83";Parlor! Pro (Japan);
SCED_026.52;Euro Demo 48 (France);
"SLPS_035.80
SLPS_910.89
SLPS_914.26";King's Field III (Japan) (Rev 1);
SLPM_863.81;Kinniku Banzuke Vol. 1 - Ore ga Saikyou no Otoko da! (Japan);
"SLPM_869.50
SLPM_866.90";Kinniku Banzuke Vol. 3 - Saikyou no Challenger Tanjou! (Japan);
SLES_003.16;Tempest X3 (Europe);
"SCUS_942.44
SCUS_942.44CE";Crash Bandicoot - Warped (USA);
SLUS_012.96GH;Final Fantasy IX (USA, Canada) (Disc 3) (Rev 1);
SLUS_012.97GH;Final Fantasy IX (USA, Canada) (Disc 4) (Rev 1);
SLUS_012.95GH;Final Fantasy IX (USA, Canada) (Disc 2) (Rev 1);
PAPX_900.33;Yarudora Series Vol. 1 - Double Cast (Japan) (Demo 1);
PAPX_900.94;Pocket Zanmai - 3 Title Iri Taikenban (PAQA, PokeTan, Pocket Jiman) (Japan);
SLPM_804.82;Click Manga (Japan) (Demo);
SLPM_802.15;Saishuu Densha (Japan) (Demo);
"PAPX_900.32
PAPX_900.39
PAPX_900.69";XI [sai] (Japan) (En,Ja) (Demo 1);
SCUS_942.40;Syphon Filter (USA) (Rev 1);
SLPS_024.48;Simple 1500 Series Vol. 12 - The Quiz (Japan);
SLPM_868.42;Simple 1500 Series Vol. 65 - The Golf (Japan);
SLPS_019.29;Keiba Eight '99 Haru Natsu (Japan);
SLPM_864.50;RayCrisis (Japan);
"SLES_012.26
SLES_012.26#";Actua Ice Hockey 2 (Europe);
SLES_008.62;Colony Wars (Germany) (Disc 1);
SLES_108.62;Colony Wars (Germany) (Disc 2);
"SLES_023.43
SLES_023.43#
SLES_023.43/0001";Dukes of Hazzard, The - Racing for Home (Europe);
SLES_012.67;Frankreich 98 - Die Fussball-WM (Germany) (En,Fr,De,Es,Nl,Sv,Da);
SLES_023.60;NBA Live 2000 (Germany);
SLES_039.68#;NBA Live 2003 (Germany);
SLES_028.24;RC Revenge (Europe) (En,Fr,De,Es);
SLES_000.80;Supersonic Racers (Europe) (En,Fr,De,Es,It);
SLES_007.22;Ubik (Europe) (En,Fr,De);
SLES_039.55;Tony Hawk's Pro Skater 4 (Germany);
SLES_025.36#;ECW Hardcore Revolution (Germany) (Rev 1);
"SLES_040.15
SLES_040.15_GER";Runabout 2 (Europe);
SLES_128.03;Alone in the Dark - The New Nightmare (Germany) (Disc 2);
SLES_028.03;Alone in the Dark - The New Nightmare (Germany) (Disc 1);
SLUS_000.60;NBA Live 96 (USA);
SCUS_945.04;NHL Face Off (USA);
"SLES_002.50
SLES_002.50#
SLES_002.50#2
SLES_002.50_T";V-Rally - 97 Championship Edition (Europe) (En,Fr,De) (Rev 2);
"SLES_004.77#3
SLES_004.77#4
SLES_004.77#5";Colin McRae Rally (Europe) (En,Fr,De,Es) (Rev 3);
SLES_009.76;Resident Evil 2 (Spain) (Disc 1);
SLES_109.76;Resident Evil 2 (Spain) (Disc 2);
SLES_039.92;Bratz - Dress Up, Get Down and Be a Bratz Superstar! (Europe) (En,Fr,De,Es,It);
SLPM_867.60;Simple 1500 Series Vol. 58 - The Sumou (Japan);
SLPM_869.12;Simple 1500 Series Vol. 75 - The Double Shooting - RayStorm x RayCrisis (Japan);
SCES_035.24;Formula One 2001 (Russia);
SLES_019.81;Jeremy McGrath Supercross 2000 (Europe) (En,Fr,De);
SLES_016.65;Racing Simulation 2 (Germany);
SLES_032.15;Blade (Germany);
SLUS_008.39;Test Drive 6 (USA);
SLUS_011.61;Driver 2 (USA) (Disc 1);
SLUS_013.18;Driver 2 (USA) (Disc 2);
"SLUS_010.82
SLUS_010.82GH";Triple Play 2001 (USA);
SLUS_007.23;Spice World (USA);
"SLUS_001.13
SLUS_001.13GH";SimCity 2000 (USA);
SLUS_007.82;FIFA 99 (USA) (En,Fr,De,Es,Nl,Sv);
"SLUS_014.15
SLUS_014.15GH";Harry Potter and the Sorcerer's Stone (USA) (En,Fr,Es);
"SLUS_012.62
SLUS_012.62S";FIFA 2001 (USA) (En,De,Es,Nl,Sv);
SLUS_007.35;NHL 99 (USA);
SLUS_005.19;NHL 98 (USA);
SLUS_009.65;NHL 2000 (USA);
SLUS_012.64;NHL 2001 (USA);
SLUS_009.86;Galerians (USA) (Disc 1);
SLUS_010.98;Galerians (USA) (Disc 2);
SLUS_010.99;Galerians (USA) (Disc 3);
"SLUS_008.42A
SLUS_900.53
SLUS_900.53T";Driver - You Are the Wheelman (USA) (Demo);
"SLPM_860.54
SLPS_001.00";Detana Twinbee Yahoo! Deluxe Pack (Japan);
"SLPM_860.31
SLPM_873.29
SLPS_000.02";Gokujou Parodius Da! Deluxe Pack (Japan);
SLES_028.84;Star Trek - Invasion (Germany);
SCPS_100.96;Panekit - Infinitive Crafting Toy Case (Japan);
SLUS_009.26;NBA Basketball 2000 (USA);
SLPS_014.08;Gunnm - Kasei no Kioku (Japan);
SCUS_946.69;Stuart Little 2 (USA);
SCUS_945.59;Cool Boarders 4 (USA);
SLES_038.05;E.T. the Extra-Terrestrial - Interplanetary Mission (Europe) (En,Fr,De,Es,It);
SLUS_010.15;Die Hard Trilogy 2 - Viva Las Vegas (USA);
SLUS_010.73;Rhapsody - A Musical Adventure (USA);
SCPS_100.23;PoPoLoCrois Monogatari (Japan);
"SCPS_100.51
SCPS_911.66
SCPS_913.03";XI [sai] (Japan) (En,Ja);
SLPS_018.68;iS - Internal Section (Japan);
"SCUS_940.03
SCUS_942.00";Battle Arena Toshinden (USA);
SLES_026.08;Star Wars - Episode I - Jedi Power Battles (France);
SLES_020.35;Star Wars - Episode I - La Menace Fantome (France);
"SLES_030.95
SLES_030.95#2
SLES_030.95_T";Disney's Donald Duck - Quack Attack (Europe) (En,Fr,De,It);
SLES_005.59#;International Superstar Soccer Pro (Europe) (Rev 1);
"SCES_028.34
SCES_028.34_P";Crash Bash (Europe) (En,Fr,De,Es,It);
SLES_038.58;Amazing Virtual Sea-Monkeys, The (Europe) (En,Fr,De,Es,It,Nl,Pt);
SCES_018.33#;Anna Kournikova's Smash Court Tennis (Europe) (Rev 1);
SLES_027.73;BattleTanx - Global Assault (Europe) (En,Fr,De);
SLES_004.77#2;Colin McRae Rally (Europe) (En,Fr,De,Es) (Rev 2);
SLES_002.72;Cyberia (Europe) (Fr,De);
SLES_038.29;Dexter's Laboratory - Mandark's Lab (Europe) (Fr,De);
SLES_017.14;Grand Theft Auto - Mission Pack 1 - London 1969 (Europe) (En,Fr,De,It) (Rev 1);
SLES_009.43;Lucky Luke (Europe) (En,Fr,De,Es);
SLES_040.98;Motocross Mania 2 (Europe) (En,Fr,De,Es,It);
SLES_023.35;NFL Blitz 2000 (Europe);
SCES_017.53;Um Jammer Lammy (Europe) (En,Fr,De,Es,It);
SLES_002.34;Virtual Pool (Europe);
SLES_038.15;X-Bladez - Inline Skater (Europe);
"SCES_009.84_P/GER
SCES_009.84_T";Gran Turismo (Europe) (En,Fr,De,Es,It) (EDC);
SLES_023.48;Amerzone - Das Testament des Forschungsreisenden (Germany) (Disc 1);
SLES_123.48;Amerzone - Das Testament des Forschungsreisenden (Germany) (Disc 2);
SLES_021.43;Bundesliga Stars 2000 (Germany);
SLES_113.45;Command & Conquer - Alarmstufe Rot - Gegenschlag (Germany) (Disc 2) (Die Sowjets);
SLES_005.74;Stadt der verlorenen Kinder, Die (Germany);
SLES_005.65;Disruptor (Germany);
"SLES_019.75
SLES_019.75#
SLES_019.75_P";Driver (Germany);
SLES_039.79;FIFA Football 2003 (Germany);
SLES_022.35;Fighting Force 2 (Germany);
SLES_032.19;Mat Hoffman's Pro BMX (Germany);
SLES_022.27;NHL 2000 (Germany);
SLES_025.31;Resident Evil 3 - Nemesis (Germany);
SLES_015.82;Small Soldiers (Germany);
SLES_027.06;UEFA Euro 2000 (Germany);
SLES_017.30;Versailles - Verschwoerung am Hof (Germany);
SLUS_007.69;Game of Life, The (USA);
SLUS_006.82;Jeopardy! (USA);
"SCES_027.76
SCES_027.76_P";Time Crisis - Project Titan (Europe) (En,Fr,De,Es,It);
SLES_026.29;Army Men - Sarge's Heroes (Spain);
SCES_024.91;Barbie - Super Sports (Spain);
"SLES_129.95#
SLES_129.95_P";Driver 2 - Back on the Streets (Germany) (Disc 2) (Rev 1);
SLES_039.67;MTV Celebrity Deathmatch (Europe) (En,Fr,De,Es,It);
SCES_000.59;Philosoma (Europe) (En,Fr,De);
"SLES_029.41
SLES_029.41#";Dancing Stage - Euromix (Europe);
"SLES_017.26
SLES_017.26/775";Bugs Bunny - Lost in Time (Europe) (En,Fr,De,Es,It,Nl);
SCES_014.30;LiberoGrande (Europe);
SLES_037.70;Scooter Racing (Europe);
SLES_041.20;XS Junior League Soccer (Europe) (En,Fr,De,Es,It);
SLPM_860.98;Metal Gear Solid (Japan) (Demo 2);
SLPM_860.97;Jikkyou Powerful Pro Yakyuu '98 - Kaimakuban (Japan);
SCPS_100.21;Jumping Flash! 2 - Aloha Danshaku Ooyowari no Maki (Japan);
SCPS_100.22;Jumping Flash! (Japan) (Europe-ban);
"SCPS_453.08
SLPM_861.05";Star Ocean - The Second Story (Japan, Asia) (Disc 1);
"SCPS_453.09
SLPM_861.06";Star Ocean - The Second Story (Japan, Asia) (Disc 2);
"SCPS_453.10
SLPM_861.07";Astronoka (Japan, Asia) (Taikenban);
SLPS_003.36;Sid Meier's Civilization - Shin Sekai Shichidai Bunmei (Japan);
"SLPS_020.15
SLPS_028.36";Tokyo Majin Gakuen - Oboro Kitan (Japan);
SLPS_030.06;Simple 1500 Series Vol. 40 - The Shougi 2 (Japan);
SLPM_868.69;Simple 1500 Series Vol. 70 - The War Simulation - Hito no Tsukurishi Monotachi (Japan);
SLPM_869.75;Simple 1500 Series Vol. 91 - The Gambler - Honoo no Tobaku Densetsu (Japan);
SLPS_011.30;Armored Core - Project Phantasma (Japan) (Rev 1);
"SLPS_911.10
SLPS_914.24";Armored Core - Project Phantasma (Japan) (PlayStation the Best);
SLPM_890.01;Play de Oboeru Eitango Deruderu 1700 - Center Shiken Level Taiou (Japan);
"SLPS_015.18
SLPS_911.43
SLPS_914.03";Echo Night (Japan);
"SCPS_101.09
SCPS_454.78";Chase the Express (Japan, Asia) (Disc 1);
"SCPS_101.10
SCPS_454.79";Chase the Express (Japan, Asia) (Disc 2);
"SLPS_011.40
SLPS_025.69";Choro Q Jet - Rainbow Wings (Japan);
"SLPS_017.94
SLPS_911.87";Sound Novel Evolution 2 - Kamaitachi no Yoru Tokubetsu-hen (Japan);
SLPM_860.65;Broken Helix (Japan);
SIPS_600.08;Total NBA '96 (Japan);
SLPS_024.04;True Love Story Fan Disc (Japan);
SLPS_022.03;L no Kisetsu - A Piece of Memories (Japan) (Shokai Genteiban);
SCPS_100.27;Velldeselba Senki - Tsubasa no Kunshou (Japan);
SCUS_942.06;Samurai Shodown III - Blades of Blood (USA);
SIPS_600.15;Total NBA '97 (Japan);
SCUS_943.51;Wipeout XL (USA);
SCUS_943.51;Wipeout XL (USA) (Beta) (1996-08-08);
SLPM_801.64;Einhaender (Japan) (Demo);
SLPM_805.24;GaiaMaster - Kamigami no Board Game (Japan) (Demo);
SCES_039.22;Klonoa Beach Volleyball (Europe) (En,Fr,De,Es,It);
SLPM_800.80;Kowloon's Gate (Japan) (Special Disc);
SCES_010.00;Kula World (Europe);
PAPX_900.29;Rittai Ninja Katsugeki - Tenchu (Japan) (Demo);
"PAPX_900.79
SCPS_100.84
SCPS_453.96";Saru! Get You! (Japan, Asia) (Demo 1);
PCPX_960.34;Wild Arms (Japan) (Demo);
"SCPS_450.14
SLPS_006.69";Kowloon's Gate - Kowloon Fuusuiden (Japan, Asia) (Disc 1) (Byakko) (Shokai Genteiban);
"SCPS_450.15
SLPS_006.70";Kowloon's Gate - Kowloon Fuusuiden (Japan, Asia) (Disc 2) (Genbu) (Shokai Genteiban);
"SCPS_450.16
SLPS_006.71";Kowloon's Gate - Kowloon Fuusuiden (Japan, Asia) (Disc 3) (Suzaku) (Shokai Genteiban);
"SCPS_450.17
SLPS_006.72";Kowloon's Gate - Kowloon Fuusuiden (Japan, Asia) (Disc 4) (Seiryuu) (Shokai Genteiban);
SLPS_010.03;B Senjou no Alice - Alice on Borderlines (Japan) (Disc 1);
SLPS_010.04;B Senjou no Alice - Alice on Borderlines (Japan) (Disc 2);
SLPS_010.05;B Senjou no Alice - Alice on Borderlines (Japan) (Disc 3);
SLPS_021.92;Galerians (Japan) (Disc 1);
SLPS_021.93;Galerians (Japan) (Disc 2);
SLPS_021.94;Galerians (Japan) (Disc 3);
SLPS_008.44;Eberouge (Japan) (Disc 1);
SLPS_008.45;Eberouge (Japan) (Disc 2);
SLPS_016.45;Sound Novel Evolution 1 - Otogirisou - Sosei-hen (Japan);
SLPS_017.43;True Love Story 2 (Japan) (Disc 1);
SLPS_017.44;True Love Story 2 (Japan) (Disc 2);
SLPS_017.45;True Love Story 2 (Japan) (Disc 3);
SCPS_100.03;Crime Crackers (Japan);
SLUS_008.65;Wipeout 3 (USA);
SLPS_018.34;Chibi Chara Game - Ginga Eiyuu Densetsu (Japan) (Disc 1) (Go! Go! Casino) (Shokai Tokuten Reinhart Genteiban);
SLPS_018.35;Chibi Chara Game - Ginga Eiyuu Densetsu (Japan) (Disc 2) (Let's Sugoroku) (Shokai Tokuten Reinhart Genteiban);
SLPS_020.91;Soukou Kidoutai L.A.P.D. (Japan);
"SLPS_005.86
SLPS_911.13";True Love Story (Japan);
SLPS_014.22;Dark Messiah (Japan);
"SLPM_863.39
SLPM_867.04";Saiyuuki (Japan) (Rev 1);
SLPS_024.98;Pocke-Kano - Ueno Fumio (Japan);
SLPS_024.99;Pocke-Kano - Houjouin Shizuka (Japan);
SLPS_001.85;LifeScape - Seimei 40-okunen Haruka na Tabi (Japan) (Disc 1) (Aquasphere);
SLPS_001.86;LifeScape - Seimei 40-okunen Haruka na Tabi (Japan) (Disc 2) (Landsphere);
SLPS_016.76;Kuon no Kizuna (Japan);
SLPS_010.75;Home Doctor (Japan);
SLES_011.58;Road Rash 3D (Germany);
SLES_008.88;Shadow Master (Europe) (En,Fr,De,Es,It);
SLES_005.17;NBA Live 97 (Europe) (En,Fr,De);
SLES_024.41;GZSZ Vol. 2 (Germany) (Disc 1);
SLES_124.41;GZSZ Vol. 2 (Germany) (Disc 2);
SLES_016.03;Atlantis - Das sagenhafte Abenteuer (Germany) (Disc 1);
SLES_116.03;Atlantis - Das sagenhafte Abenteuer (Germany) (Disc 2);
SLES_216.03;Atlantis - Das sagenhafte Abenteuer (Germany) (Disc 3);
SLES_036.26;Italian Job, The (Europe) (Fr,De,Es);
SCES_036.99;Syphon Filter 3 (Germany);
"SLPS_004.56
SLPS_910.31";Cool Boarders (Japan);
"SCPS_451.03
SLPS_009.67
SLPS_911.22";Cool Boarders 2 - Killing Session (Japan, Asia);
SLES_028.39;Mike Tyson Boxing (Europe) (En,Fr,De,Es,It);
SLES_014.61;Lemmings & Oh No! More Lemmings (Europe) (En,Fr,De,Es,It);
SLES_009.70;Resident Evil - Director's Cut (France);
SLES_027.44;Resident Evil - Survivor (France);
SLES_006.82;Spider - The Video Game (Germany);
SLES_001.59;Zero Divide (Europe);
SCES_012.88;Zero Divide 2 - The Secret Wish (Germany);
SLES_038.46;Moorhen 3 - Chicken Chase (Europe) (En,Fr,De);
"SLPS_017.34
SLPS_022.86";Marl Oukoku no Ningyou-hime - The Adventure of Puppet Princess (Japan);
"SCPS_101.02
SCPS_101.08";PokeTan (Japan);
SLPS_021.21;PlayStadium 4 - Fumetsu no Dai League Ball (Japan);
SLPS_007.12;Tenga Seiha (Japan);
SLPS_008.82;Sound Novel Tkool 2 (Japan);
"SLPS_011.56
SLPS_911.93";Momotarou Dentetsu 7 (Japan) (Rev 1);
SLUS_000.30;NHL 97 (USA);
SLUS_002.27;NHL Powerplay '96 (USA);
SLPS_012.99;Tail Concerto (Japan);
SLPS_004.47;Nazoou (Japan);
SLPS_005.29;Kaijuu Senki (Japan);
SLPS_007.26;Area 51 (Japan);
SLPS_005.81;Beltlogger 9 (Japan) (Shokai Genteiban);
SLPS_000.69;King's Field II (Japan);
SLPM_871.55;Tennis no Oujisama - Sweat & Tears (Japan);
SLPS_001.70;Kileak, The Blood 2 - Reason in Madness (Japan);
SLPS_016.81;LiberoGrande (Japan);
SCPS_101.06;Arc the Lad III (Japan) (Disc 1);
SCPS_101.07;Arc the Lad III (Japan) (Disc 2);
"SLES_029.10
SLES_029.10/P";Tony Hawk's Pro Skater 2 (Germany);
SLUS_009.77;Xena - Warrior Princess (USA);
SLPS_025.55;Rescue Shot Bubibo (Japan);
"SLPS_010.56
SLPS_018.98";Spectral Force (Japan);
SLPS_002.73;Sotsugyou - Crossworld (Japan);
SLPS_015.87;Pinocchia no Miru Yume (Japan);
SLPS_007.58;PGA Tour 97 (Japan);
SLPS_013.32;Sotsugyou III - Wedding Bell (Japan);
SLPS_000.12;Space Griffon VF-9 (Japan);
SLPS_000.08;Metal Jacket (Japan);
SLPS_005.70;DX Nippon Tokkyuu Ryokou Game - Let's Travel in Japan (Japan);
"SLPS_019.06
SLPS_911.99";Monster Farm 2 (Japan) (Rev 1);
SLPS_020.14;Virtual Kyoutei '99 (Japan);
SLPM_865.46;RC de Go! (Japan);
SLPS_014.29;Combination Pro Soccer - J.League no Kantoku ni Natte Sekai o Mezase! (Japan) (Rev 1);
SLUS_013.48;Tennis (USA);
SLUS_014.31;All-Star Slammin' D-Ball (USA);
SLES_008.70;Clock Tower (Europe);
SLUS_009.15;X-Files, The (USA) (Disc 1);
SLUS_009.49;X-Files, The (USA) (Disc 2);
SLUS_009.50;X-Files, The (USA) (Disc 3);
SLUS_009.51;X-Files, The (USA) (Disc 4);
SLES_029.59;Dalmatians, The (Europe) (En,Fr,De,Nl);
SLPS_910.14;Dai-4-ji Super Robot Taisen S (Japan) (Rev 1);
SLPS_015.60;SD Gundam - GGeneration (Japan);
"SLPS_015.60
SLPS_911.33";SD Gundam - GGeneration (Japan) (Rev 1);
SLPS_015.61;SD Gundam - GGeneration (Premium Disc) (Japan);
SLPS_003.89;NBA Live 96 (Japan);
"SLPS_010.77
SLPS_910.78";Gallop Racer 2 (Japan);
SLES_008.36;Pitfall 3D - Beyond the Jungle (France);
SLPM_860.13;Speed King - Neo Kobe 2045 (Japan);
"SCPS_452.91
SLPS_014.90
SLPS_027.69";Brave Fencer Musashiden (Japan, Asia);
"SCPS_452.92
SLPS_014.91";Square's Preview 3 (Japan, Asia);
SLPS_014.34;3D Kakutou Tkool (Japan);
SCES_012.31;Spice World (France);
SLES_003.26;Courier Crisis - The Saga of the Modern Fatalist (Europe) (En,Fr,De,It);
SLES_019.16;Sports Car GT (Germany);
SLES_030.67;Madden NFL 2001 (Europe);
SLES_007.14;Dreams (Europe) (En,Fr,De,Es,It);
SLES_028.49;Rampage - Through Time (Europe) (En,Fr,De);
SLES_029.72;Woody Woodpecker Racing (Europe) (En,Fr,De,Es,It);
SLES_039.90;Extreme Ghostbusters - The Ultimate Invasion (Europe) (En,Fr,De,Es,It,Nl);
SLES_027.81;Harvest Moon - Back to Nature (Europe) (En,De);
"SLPM_872.50
SLPM_874.09
SLPS_022.20";Rockman (Japan);
"SLPM_872.49
SLPM_874.10
SLPS_022.55";Rockman 2 - Dr. Wily no Nazo (Japan);
"SLPM_872.58
SLPS_022.62";Rockman 3 - Dr. Wily no Saigo! (Japan);
"SLPM_872.59
SLPS_023.24";Rockman 4 - Aratanaru Yabou!! (Japan);
"SLPM_872.68
SLPS_023.38";Rockman 5 - Blues no Wana! (Japan);
"SLPM_872.69
SLPS_023.79";Rockman 6 - Shijou Saidai no Tatakai!! (Japan);
SLES_014.06;Colony Wars - Vengeance (Germany);
SCES_008.42;Armored Core (Europe) (En,Fr,De,Es,It);
SLES_009.23;ReBoot (France);
SLES_024.72;Medal of Honor (Germany);
SLES_031.68;WCW Backstage Assault (Europe);
"SCES_022.83
SCES_022.83#
SCES_022.83_P";Cool Boarders 4 (Europe);
SLES_006.15;Lifeforce Tenka (Germany);
SLES_007.11;Chill (Europe) (En,Fr,De,Es,It);
SLES_009.65;Pandemonium 2 (Europe);
SLES_025.56_ANZ;Thrasher - Skate and Destroy (Australia);
SLES_038.64;DSF Fussball Manager 2002 (Germany);
SLES_040.67;Block Buster (Europe);
"SLES_041.04
SLES_041.04_GER";Buttsubushi (Europe, Australia);
"SLES_032.09
SLES_032.09#";Kart Challenge (Europe) (En,Fr,De,It);
SLES_010.01;Maximum Force (Europe) (En,Fr,Es,It);
SLES_009.44;One (Europe) (En,Fr,De,Es,It);
SLES_002.01;Pitball (Europe) (En,Fr,De,Es,It);
SLES_001.40;Primal Rage (Europe) (En,Fr,De,Es,It,Pt);
SLES_006.06;Pro Pinball - Timeshock! (Europe) (En,Fr,De,Es,It);
SLES_019.00;Centipede (Europe) (Fr,De,It,Nl);
SCES_007.41;Ray Tracers (Europe);
SLES_036.81;V.I.P. (Europe) (En,Fr,De,Es,It);
SLUS_004.03;Rage Racer (USA);
SLES_029.74;Grinch, The (Europe) (En,Fr,De,Es,It);
SCES_013.13;Bust-A-Groove (Europe) (En,Fr,De,Es,It);
"SCES_015.64
SCES_015.64_P";Ape Escape (Europe);
SLPS_006.00;Rage Racer (Japan) (Rev 1);
SCES_010.50;Ghost in the Shell (Europe);
SLES_014.36;Rival Schools - United by Fate (Europe) (Disc 1) (Evolution Disc);
SLES_114.36;Rival Schools - United by Fate (Europe) (Disc 2) (Arcade Disc);
"SLES_027.81/GER
SLES_027.81#";Harvest Moon - Back to Nature (Europe) (En,De) (Rev 1);
SCES_008.86;Point Blank (Europe) (En,Fr,De);
"SLPS_012.00
SLPS_911.19
SLPS_914.34";Tomb Raider 2 (Japan);
"SLPS_001.50
SLPS_910.28";Ridge Racer Revolution (Japan) (Rev 1);
SCED_009.94;Euro Demo Classics Special (Germany);
SLPS_030.28;Solid Link - Dungeon Side (Japan);
SLUS_006.50;Nickelodeon Rugrats - Search for Reptar (USA);
SCED_003.60;Adidas Power Soccer + Resident Evil + Shellshock + Descent (Europe);
SCED_006.70;Euro Demo Five (Germany);
SCED_006.71;Euro Demo Six (Germany);
SCED_006.73;Euro Demo 8 (Germany);
SCED_006.74;Euro Demo 09 (Germany);
SCED_006.75;Euro Demo 10 (Germany);
SCED_006.78;Euro Demo 13 (Germany);
SLES_004.27;Slamscape (Europe);
SLES_030.97;Disney's Donald Duck - Quack Attack (Scandinavia) (Sv,No,Da,Fi);
SLES_009.07;NHL 98 (Europe) (En,Sv,Fi);
SLES_013.34;Jimmy White's 2 - Cueball (Europe) (En,Fr,De,Es,It);
SLES_006.24;NHL Breakaway 98 (Europe);
SLES_033.62;NBA Hoopz (Europe) (En,Fr,De);
SLES_001.30;Jupiter Strike (Europe);
SCES_015.21;Disney-Pixar Das grosse Krabbeln (Germany);
SCES_037.64;Disney-Pixar Die Monster AG - Schreckens-Insel (Germany);
"SLES_039.72
SLES_039.72#";Harry Potter and the Chamber of Secrets (Europe) (En,Fr,De);
SLES_027.94;NHL Rock the Rink (Europe);
"SLES_031.20
SLES_031.20#";3, 2, 1, Smurf! My First Racing Game (Europe) (En,Fr,De,Es,It,Nl);
SCES_022.87/T1;Syphon Filter 2 (Germany) (Disc 1) (EDC);
"SCES_122.87
SCES_122.87/P
SCES_122.87/T2";Syphon Filter 2 (Germany) (Disc 2);
SLES_016.70;Nickelodeon Rugrats - Auf der Suche nach Reptar (Germany);
SLES_035.94;Wer wird Millionaer - Junior (Germany);
SLUS_002.40;Soul Blade (USA);
SLES_008.78;WarCraft II - The Dark Saga (Europe) (En,Fr,De,Es,It);
"SLPS_007.05
SLPS_911.62";Namco Museum Vol. 5 (Japan);
"SLPS_005.40
SLPS_911.61";Namco Museum Vol. 4 (Japan);
"SLPS_002.10
SLPS_911.59";Namco Museum Vol. 2 (Japan);
"SLPS_001.07
SLPS_911.58";Namco Museum Vol. 1 (Japan);
SLPS_002.09;Namco Museum Vol. 2 (Japan) (Gentei Box);
"SLPS_003.90
SLPS_911.60";Namco Museum Vol. 3 (Japan);
SLPS_010.50;Namco Museum Encore (Japan);
SLPS_007.65;Namco Museum Encore (Japan) (Shokai Gentei Special Box);
SLPS_911.63;Namco Museum Encore (Japan) (Shokai Gentei Special Box) (Rev 1);
SCES_007.01;Namco Museum Vol. 4 (Europe);
SCES_007.02;Namco Museum Vol. 5 (Europe);
SLPM_861.96;Tomb Raider III - Adventures of Lara Croft (Japan) (Disc 1) (Japanese Version);
SLPM_861.97;Tomb Raider III - Adventures of Lara Croft (Japan) (Disc 2) (International Version);
SLPM_867.79;Tomb Raider V - Chronicles (Japan);
SLPM_862.33;Gungage (Japan);
SCPS_101.27;Koneko mo Issho (Japan);
"SLUS_000.27
SLUS_000.27CE";Blood Omen - Legacy of Kain (USA);
SLPS_004.31;Koutetsu Reiiki - Steeldom (Japan);
SLPS_012.72;Rittai Ninja Katsugeki - Tenchu (Japan) (Rev 1);
SLPS_024.00;Rittai Ninja Katsugeki - Tenchu - Shinobi Hyakusen (Japan);
"SLPS_019.01
SLPS_911.74";Rittai Ninja Katsugeki - Tenchu - Shinobi Gaisen (Japan) (En,Ja,Fr,It);
"SLUS_010.68
SLUS_010.68CE";NASCAR Rumble (USA, Canada);
SLUS_015.31;Motocross Mania 2 (USA);
SLPS_010.80;Puyo Puyo Sun - Ketteiban (Japan);
SLPS_005.49;DigiCro - Digital Number Crossword (Japan);
SLPS_004.44;Mortal Kombat II (Japan);
SIPS_600.06;Mortal Kombat 3 (Japan);
SLPS_007.91;Mortal Kombat Trilogy (Japan);
SLUS_010.04;CyberTiger (USA);
SLES_021.17;Chessmaster II (Europe);
SLES_016.61;Retro Force (Europe) (En,Fr,De,Es,It);
SLPS_914.44;Armored Core - Master of Arena (Japan) (Disc 1) (PSone Books);
SLPS_914.45;Armored Core - Master of Arena (Japan) (Disc 2) (PSone Books);
SLPM_872.13;Puyo Puyo Sun - Ketteiban (Japan) (Rerelease);
SIPS_600.03;Wipeout (Japan);
"SCPS_450.78
SIPS_600.10";Wipeout XL (Japan, Asia);
SLUS_005.13;Vs. (USA);
SLES_001.60;D (Germany) (Disc 1);
SLES_201.60;D (Germany) (Disc 3);
SLES_002.28;Resident Evil (Germany);
SLES_101.60;D (Germany) (Disc 2);
SLPM_863.11;Zill O'll (Japan);
"SLPS_003.46
SLPS_910.67";Pal - Shinken Densetsu (Japan);
SLPS_023.34;Silent Bomber (Japan);
"SLPS_004.81
SLPS_910.83";Densetsu no Ogre Battle (Japan);
"SLPS_002.80
SLPS_002.81";Mobile Suit Gundam - Version 2.0 (Japan) (Limited Edition);
"SLPS_002.80
SLPS_910.48";Mobile Suit Gundam - Version 2.0 (Japan);
SLPM_800.51;Bastard!! Utsuronaru Kamigami no Utsuwa (Japan) (Demo);
SLPS_005.42;Bastard!! Utsuronaru Kamigami no Utsuwa (Japan);
SLES_014.51;Box-Champions (Germany);
SLPS_013.25;Classic Road - Yuushun 2 (Japan);
"SLPS_001.60
SLPS_910.12";Classic Road (Japan);
SLES_000.84;Krazy Ivan (Europe);
SLUS_006.10;Test Drive 5 (USA);
SLUS_006.59;Backstreet Billiards (USA);
SLES_022.25;NHL 2000 (Europe) (En,Sv,Fi);
SCES_011.07;Granstream Saga, The (Europe);
SLES_031.28;NBA Live 2001 (Europe);
SLES_000.28;Warhammer - Shadow of the Horned Rat (Europe) (En,Fr,De);
SLUS_005.62;Star Wars - Masters of Teras Kasi (USA);
SLES_041.64;Yetisports Deluxe (Europe) (En,Fr,De,Es,It);
SLES_019.16;Sports Car GT (Germany) (EDC);
SLPS_910.07;Boxer's Road (Japan) (Rev 1);
SLES_004.18;NHL Powerplay 98 (Europe) (En,Fr,De);
"SLPS_010.01
SLPS_910.76";Moonlight Syndrome (Japan) (Disc 1);
"SLPS_010.02
SLPS_910.77";Moonlight Syndrome (Japan) (Disc 2);
"SLPS_006.30
SLPS_910.45";Rockman 8 - Metal Heroes (Japan);
SLES_031.80;Sesame Street Sports (Europe);
SLPS_020.39;Classic Road 2 (Japan);
SLPM_802.78;Astronoka (Japan) (Demo Movie);
"PAPX_901.06
PAPX_901.07";Chase the Express (Japan) (Demo 1);
"PAPX_900.70
PCPX_961.45";Crash Bandicoot 3 - Buttobi! Sekai Isshuu (Japan) (Demo);
SLPS_009.20;Mobile Suit Gundam - Perfect One Year War (Japan);
SIPS_600.11;Formula 1 (Japan);
SLPS_006.00;Rage Racer (Japan);
SLES_022.74;Renegade Racers (Europe);
"SLES_024.94
SLES_024.94#";Guilty Gear (Europe);
SCPS_101.01;Formula One 99 (Japan);
SCES_013.12;Devil Dice (Europe) (En,Fr,De,Es,It);
SLES_019.35;Interplay Sports Baseball 2000 (Europe);
SCUS_944.12;Blasto (USA);
"PCPX_960.90
SCPS_451.32
SIPS_600.23";Formula 1 97 (Japan, Asia) (En,Ja,Fr,De,Es,It) (Rev 1);
SLES_029.02;Batman of the Future - Return of the Joker (Europe) (En,Fr,De);
"SLES_032.07
SLES_032.07#";GP Challenge (Europe) (En,Fr,De,It);
SLUS_003.24;Burning Road (USA);
SLES_026.17;Armorines - Project S.W.A.R.M. (Europe) (En,Fr,Es,It);
SLES_018.70;Infestation (Europe) (En,Fr,De,Es,It,Nl);
SLES_025.74;Mobil 1 Rally Championship (Europe) (En,Fr,De,Es,It);
SCES_017.05;Dragon Valor (Europe) (Disc 1);
SCES_117.05;Dragon Valor (Europe) (Disc 2);
SLPS_000.36;Vampire - The Night Warriors (Japan);
"SCPS_452.49
SLPS_013.97
SLPS_911.29";Lunar - Silver Star Story (Japan, Asia) (Disc 1);
"SCPS_452.50
SLPS_013.98
SLPS_911.30";Lunar - Silver Star Story (Japan, Asia) (Disc 2);
SLUS_015.06;XS Moto (USA);
SLPS_021.74;Wild Boater (Japan);
SLPS_032.50;Doko Demo Hamster 4 - Doki Doki Sugoroku Daibouken! (Japan);
SLPS_028.19;Doko Demo Hamster 2 (Japan);
SLPS_024.24;Klaymen Gun-Hockey (Japan);
SLUS_003.97;WCW Nitro (USA);
"SCPS_450.02
SLPS_005.30";Puyo Puyo Tsuu - Ketteiban (Japan, Asia);
SLPS_010.31;Moon - Remix RPG Adventure (Japan);
SLUS_007.66;K-1 Revenge (USA);
"SLES_023.39
SLES_023.39_ANZ";Arcade Party Pak (Europe, Australia);
SLUS_004.61;Xevious 3D-G+ (USA);
SLUS_007.57;Quake II (USA);
SLUS_015.61;Qix Neo (USA);
SLPM_804.46;Garou Densetsu - Wild Ambition (Japan) (Demo);
PCPX_961.37;I.Q Final (Japan) (Demo 1);
SLPM_804.32;Soukou Kidoutai L.A.P.D. (Japan) (Demo);
SLPM_803.44;Tales of Phantasia (Japan) (Demo);
PAPX_900.12;Velldeselba Senki - Tsubasa no Kunshou (Japan) (Demo);
SLES_029.58;Hunchback of Notredame (Europe);
SLES_029.53;Lion and the King (Europe) (En,Fr,De);
SLES_029.55;Legend of Pocahontas (Europe) (En,De,Nl);
SLUS_008.31;WWF Attitude (USA);
SLUS_004.95;WWF War Zone (USA) (Rev 1);
"SLPS_017.93
SLPS_911.81";Initial D (Japan);
SLES_029.61;Anastasia (Europe) (En,Fr,De,Nl);
SLUS_009.68;BoomBots (USA);
SLUS_008.67;Rollcage Stage II (USA);
SLUS_000.93;Steel Harbinger (USA);
SLUS_010.31;Blaster Master - Blasting Again (USA);
SCUS_941.67;Jet Moto 2 - Championship Edition (USA);
SLUS_005.02;Bio F.R.E.A.K.S. (USA);
SLUS_013.87;Men in Black - The Series - Crashdown (USA);
SLUS_013.92;Skydiving Extreme (USA);
SLUS_014.10;Razor Racing (USA);
SLPM_866.68;J.League Jikkyou Winning Eleven 2000 2nd (Japan);
SLPS_000.68;J.League Jikkyou Winning Eleven (Japan);
SLUS_009.92;Missile Command (USA);
SLUS_013.76;RC Helicopter (USA);
SLES_040.61;Dalmatians 2 (Europe) (En,Fr,De);
SLES_029.18;Vegas Casino (Europe);
PAPX_900.97;Alundra 2 - Mashinka no Nazo (Japan) (Demo);
SLPM_804.10;Bust A Move 2 - Dance Tengoku Mix (Japan) (Demo);
SLPM_802.94;Dokapon! Ikari no Tekken (Japan) (Demo);
PCPX_961.52;Doko Demo Issho (Japan) (Demo 1);
SLPM_804.79;Dragon Quest Characters - Torneko no Daibouken 2 - Fushigi no Dungeon (Japan) (Demo);
SLPM_802.97;Grandia - Prelude (Japan) (Demo 1);
SLPM_800.81;Konami Best Collection - '96 Fuyu-'97 Haru-ban (Japan);
SLPM_803.79;Monster Farm 2 (Japan) (Demo);
SLPM_804.99;Panzer Front (Japan) (Demo);
PAPX_900.92;PAQA (Japan) (Demo);
PAPX_900.62;Play! '98 Fuyu Taikenban (Japan) (Green Disc);
PAPX_900.95;Tokyo Game Show '99 Aki Special Taikenban (Japan);
SLPS_000.65;Tokimeki Memorial - Forever with You (Japan) (Rev 4);
"SLPM_860.39
SLPM_863.60";Tokimeki Memorial Drama Series Vol. 1 - Nijiiro no Seishun (Japan);
SLPM_867.16;Bishoujo Ren'ai Mahjong Series 2nd - Shiritsu Houou Gakuen - 2-nen Junjou-gumi (Japan);
SLPM_866.80;Bishoujo Ren'ai Mahjong Series 2nd - Shiritsu Houou Gakuen - 1-nen Jun'ai-gumi (Japan);
SLPM_864.14;Bishoujo Ren'ai Mahjong Series - Karan Koron Gakuen - Doki Doki-hen (Japan);
"SLPM_873.65
SLPS_017.25";Capcom Generation - Dai-5-shuu Kakutoukatachi (Japan);
"SLPM_868.14
SLPS_017.01";Capcom Generation - Dai-4-shuu Kokou no Eiyuu (Japan);
"SLPM_873.62
SLPS_016.49";Capcom Generation - Dai-3-shuu Koko ni Rekishi Hajimaru (Japan);
"SLPM_867.48
SLPS_015.35";Capcom Generation - Dai-1-shuu Gekitsuiou no Jidai (Japan);
PAPX_900.22;Yoi Ko to Yoi Otona no. PlayStation Taikenban Vol. 1 (Japan);
PAPX_900.23;Yoi Ko to Yoi Otona no. PlayStation Taikenban Vol. 2 (Japan);
SLPS_013.64;DoDonPachi (Japan);
SLPS_000.64;Tokimeki Memorial - Forever with You (Japan) (Genteiban) (Rev 1);
SLPS_000.65;Tokimeki Memorial - Forever with You (Japan) (Rev 1);
SLES_001.77;Return Fire (Europe) (En,Ja,Fr,De,Es,It,Pt,Ko,Ru,Ar);
SLUS_006.27;X-Men vs. Street Fighter (USA);
SLUS_000.44;X-Men - Children of the Atom (USA);
SLUS_014.18;Gundam Battle Assault 2 (USA);
"SLES_012.98
SLES_012.98_GER";Akuji the Heartless (Europe) (En,Fr,De);
SLES_032.11;KISS Pinball (Europe) (En,Fr,De);
SLES_041.21;Dance-UK (UK);
SLPM_861.42;Densha de Go! 2 (Japan);
SLPM_860.10;J.League Jikkyou Winning Eleven '97 (Japan);
SLPM_861.54;J.League Jikkyou Winning Eleven '98-'99 (Japan);
SLES_022.19;Versalles - Complot en la Corte del Rey Sol (Spain);
SCES_015.26;Disney-Pixar Ett smakryps liv (Sweden);
SLES_022.97;China - The Forbidden City (Europe) (En,Es,Nl,Sv);
SLES_003.73;Steel Harbinger (Europe);
SLES_004.92;NHL 97 (Europe);
"SLES_028.64
SLES_028.64#
SLES_028.64_P";Disney's Dinosaur (Europe) (En,Nl,Sv,No,Da,Fi);
SLES_012.39;Adidas Power Soccer 98 (Europe) (En,Fr,De,Es,It,Nl);
"SLPS_001.02
SLPS_014.42";Twilight Syndrome - Tansaku-hen (Japan);
"SLPS_028.50
SLPS_914.66";Twilight Syndrome - Saikai (Japan);
SCES_001.63;Mickey's Wild Adventure (Europe) (EDC);
SLES_031.02;F1 World Grand Prix (Europe);
SLES_029.75;LMA Manager 2001 (Europe);
"SLES_033.55
SLES_033.55_P";007 Racing (Europe);
SLES_019.37;40 Winks (Europe);
SLES_031.78;Disney's Goofy's Fun House (Europe);
SLES_010.03;NBA Fastbreak '98 (Europe);
SLES_038.41;Digimon Rumble Arena (Europe) (En,Fr,De,Es,It);
SLES_005.04;FIFA 97 (Europe) (En,Fr,De,Es,It,Sv);
SLES_040.63;Dinosaurs (Europe) (En,Fr,De);
SLPS_002.72;World Soccer Winning Eleven (Japan);
SLPM_860.35;World Soccer Winning Eleven '97 (Japan) (Rev 1);
SLES_030.61;F.A. Premier League Football Manager 2001, The (Europe);
SLUS_006.76;Unholy War, The (USA);
SLES_041.15;FIFA Football 2004 (Europe) (En,Nl,Sv);
SCES_000.67;Total NBA '96 (Europe);
SLES_039.65;Disney Learning - Mickey (Europe) (En,Fr,De,Es,It,Nl);
SLUS_011.43;Ultimate Fighting Championship (USA);
"SCES_035.42
SCES_035.42_P";Disney's Atlantis - En foersvunnen vaerld (Sweden);
SLES_014.73;T'ai Fu - Die Rache des Tigers (Germany);
SCES_021.82;Disneys Tarzan (Sweden);
SCES_037.07;Disney's Peter Pan - Adventures in Never Land (Europe);
SCES_016.95;Disney's Mulan - Story Studio (Europe);
SLES_024.99;Midnight in Vegas (Europe) (En,Fr,De) (Rev 1);
SLPM_862.91;World Soccer Jikkyou Winning Eleven 4 (Japan) (Rev 1);
"SCES_034.24
SCES_034.24_P";Formula One 2001 (Europe) (Es,It);
SLPM_866.00;World Soccer Jikkyou Winning Eleven 2000 - U-23 Medal e no Chousen (Japan);
SLPM_860.86;World Soccer Jikkyou Winning Eleven 3 - World Cup France '98 (Japan);
SLPM_860.86;World Soccer Jikkyou Winning Eleven 3 - World Cup France '98 (Japan) (Rev 1);
"SLUS_009.74
SLUS_009.74CE
SLUS_009.74GH";Medal of Honor (USA);
SCES_010.43;Cardinal Syn (Europe);
SCES_014.43;Blood Lines (Europe) (En,Fr,De,Es,It);
"SLES_028.74
SLES_028.74#";Batman - Gotham City Racer (Europe) (En,Fr,De,Es,It,Nl);
SLES_017.79;Rising Zan - The Samurai Gunman (Europe) (En,Fr,De,Es,It);
SLUS_006.09;Test Drive Off-Road 2 (USA);
SLES_024.63;Tenchu 2 - Birth of the Stealth Assassins (Germany);
SLES_005.23;Blood Omen - Legacy of Kain (Germany);
SLUS_011.51;Covert Ops - Nuclear Dawn (USA) (Disc 1);
SLUS_011.57;Covert Ops - Nuclear Dawn (USA) (Disc 2);
SLUS_004.42;Courier Crisis - The Saga of the Modern Fatalist (USA);
SLUS_009.69;Demolition Racer (USA);
SLPS_017.96;Motto! Nyan to Wonderful 2 (Japan);
"SLPS_004.42
SLPS_910.47";Nyan to Wonderful (Japan);
SLPM_860.97;Jikkyou Powerful Pro Yakyuu '98 - Kaimakuban (Japan) (Rev 1);
SCUS_946.47;Disney's Treasure Planet (USA);
SLUS_011.31;Spec Ops - Stealth Patrol (USA);
"SLUS_006.22
SLUS_006.22TP";Sesame Street - Elmo's Number Journey (USA);
SLED_028.80;Play Zone Vol. 20 (Germany);
SLED_030.49;Play Zone Vol. 22 (Germany);
SLES_039.83;Disney Learning - Winnie the Pooh (Europe) (En,Fr,De,It,Nl,Sv,Da);
SLES_005.32;Command & Conquer - Teil 1 - Der Tiberiumkonflikt (Germany) (Disc 1) (GDI);
SLES_105.32;Command & Conquer - Teil 1 - Der Tiberiumkonflikt (Germany) (Disc 2) (NOD);
SCED_006.72;Euro Demo Seven (Germany);
SCED_006.79;Euro Demo 14 (Germany);
SLED_020.65;Play Fun 06-99 (Germany);
SLED_015.12;Next Wave Herbst '98 (Germany);
SLED_014.01;International Superstar Soccer Pro '98 (Europe) (Demo);
SLED_021.10;Play Fun 07-99 (Germany);
"SLUS_012.34
SLUS_012.34GH";WWF SmackDown! 2 - Know Your Role (USA);
SLUS_014.00;Chess (USA);
SCED_011.27;Euro Demo 10-98 (Germany);
"SCPS_453.71
SLPS_017.71";Chocobo no Fushigi na Dungeon 2 (Japan, Asia);
"SCPS_453.72
SLPS_017.72";Fushigi na Data Disc 2 (Japan, Asia);
SLPS_000.03;Tama - Adventurous Ball in Giddy Labyrinth (Japan);
SLPM_862.93;Dragon Quest Characters - Torneko no Daibouken 2 - Fushigi no Dungeon (Japan);
"SLPS_013.65
SLPS_911.16";Klaymen Klaymen - Neverhood no Nazo (Japan);
"SLPS_015.01
SLPS_021.47";Klaymen Klaymen 2 - Skullmonkey no Gyakushuu (Japan);
SLES_009.40;Felony 11-79 (Europe) (En,Fr,De);
SCES_006.00;Z (Europe);
"SCPS_450.05
SLPS_006.78
SLPS_910.50";RayStorm (Japan, Asia);
SLPS_021.39;Real Robot Sensen (Japan);
SLES_001.17;Spider - The Video Game (Europe);
SCES_008.98;Disney's Action Spel med Herkules (Sweden);
"SLUS_013.96
SLUS_013.96GH";Scooby-Doo and the Cyber Chase (USA);
SLUS_013.45;Triple Play Baseball (USA);
SLUS_013.74;Virtual Pool 3 (USA);
SLUS_006.24;Gauntlet Legends (USA);
SLUS_014.98;Gekioh - Shooting King (USA);
"SCPS_454.81
SLPS_025.70";Kidou Senshi Gundam - Gihren no Yabou - Zeon no Keifu (Japan, Asia) (Disc 1) (Earth Federation Disc);
"SCPS_454.82
SLPS_025.71";Kidou Senshi Gundam - Gihren no Yabou - Zeon no Keifu (Japan, Asia) (Disc 2) (Zeon Disc);
SLPS_025.70;Kidou Senshi Gundam - Gihren no Yabou - Zeon no Keifu (Japan) (Disc 1) (Earth Federation Disc) (Rev 1);
SLPS_025.71;Kidou Senshi Gundam - Gihren no Yabou - Zeon no Keifu (Japan) (Disc 2) (Zeon Disc) (Rev 1);
SLES_036.88;Largo Winch - Commando SAR (Europe) (En,De,Es,It);
SLPS_017.68;Theme Aquarium (Japan);
SLUS_004.55;WCW vs. the World (USA);
SCUS_942.45;NFL Xtreme (USA);
SLUS_008.19;Warzone 2100 (USA);
SLUS_011.65;World's Scariest Police Chases (USA);
SLUS_015.14;Disney's Winnie the Pooh - Preschool (USA);
SLUS_015.13;Disney's Winnie the Pooh - Kindergarten (USA);
"SLPS_006.26
SLPS_910.66";Goo-Cho de Park - Theme Park Monogatari (Japan);
SLPS_003.77;King's Field III (Japan);
"SLPS_000.17
SLPS_035.78
SLPS_914.01";King's Field (Japan);
SLPS_910.03;King's Field II (Japan) (PlayStation the Best);
"SLUS_005.61
SLUS_005.61GH";Mega Man X4 (USA);
SLUS_002.74;ReBoot (USA);
SLUS_003.82;Re-Loaded - The Hardcore Sequel (USA);
SLPS_014.89;Bakusou Kyoudai Let's & Go!! Eternal Wings (Japan);
SLUS_011.95;Hogs of War (USA);
SLUS_013.57;Motocross Mania (USA);
SLPM_800.27;Bio Hazard (Japan) (Demo);
SLPS_035.53;Naruto - Shinobi no Sato no Jintori Gassen (Japan);
SLPS_007.28;Raiden DX (Japan);
"SLUS_003.38
SLUS_003.38GH";Tetris Plus (USA);
SLUS_012.02;Army Men - Sarge's Heroes 2 (USA);
SLUS_008.95;Shadow Man (USA);
"SLPS_017.24
SLPS_032.59";Mobile Suit Gundam - Char's Counterattack (Japan);
"SLUS_008.00
SLUS_008.00LE";Rollcage (USA);
SLUS_002.46;WWF In Your House (USA) (Rev 1);
SLED_017.83;PlayStation Zone CD Vol. 4 (Germany);
SLED_018.98;PlayStation Zone CD Vol. 5 (Germany);
SLED_019.68;PlayStation Zone CD Vol. 6 (Germany);
"SLUS_007.77
SLUS_007.77GH";Activision Classics (USA);
SLUS_900.52;Rollcage (USA) (Demo);
SLUS_007.26;Brave Fencer Musashi (USA);
SLUS_900.29;Squaresoft on PlayStation 1998 Collector's CD Vol. 2 (USA) (Final Fantasy VIII Demo);
"SCUS_942.34
SCUS_942.74";NFL GameDay 99 (USA);
SLES_015.80;Small Soldiers (Europe);
SLES_024.66;Pro Pinball - Fantastic Journey (Europe) (En,Fr,De,Es);
SLUS_001.84;Return Fire (USA) (En,Ja,Fr,De,Es,It,Pt,Ko,Ru,Ar);
SCUS_942.94;Contender (USA);
SLUS_015.69;Barbie - Gotta Have Games (USA);
SLUS_012.26;Gundam Battle Assault (USA);
SLUS_010.45;ECW Hardcore Revolution (USA);
SLUS_002.94;NBA in the Zone 2 (USA);
SCUS_944.53;SuperCross Circuit (USA);
SLES_035.98;Jim Henson's Bear in the Big Blue House (Europe);
SLPS_016.93;Smash Court 2 (Japan);
SLES_013.46;Player Manager Ninety Nine (Europe);
SCUS_946.92;MLB 2005 (USA);
SLUS_009.25;NHL Championship 2000 (USA);
SLUS_011.80;Sesame Street Sports (USA);
SLUS_012.08;Sabrina the Teenage Witch - A Twitch in Time! (USA);
SLPS_910.79;Dragon Ball - Final Bout (Japan) (Rev 1);
SCPS_101.03;Robbit mon Dieu (Japan);
SLPS_004.06;Aquanaut no Kyuujitsu - Memories of Summer 1996 (Japan);
SLES_015.49;Discworld Noir (Europe) (En,Es,It);
SCES_016.25;G-Police - Weapons of Justice (Europe);
"SLES_037.30
SLES_037.30_GER";Saban's Power Rangers - Time Force (Europe);
SCES_019.24;Colony Wars - Red Sun (Europe);
SLES_020.34;Star Wars - Episode I - The Phantom Menace (Europe);
SLES_039.00;Digimon Digital Card Battle (Europe);
SLES_015.62;Hellnight (Europe) (En,Fr,De);
SCES_039.08;Jinx (Europe) (En,Fr,De,Es,It);
SLES_031.43;FIFA 2001 (Greece);
SLPS_009.49;Dragon Ball - Final Bout (Japan);
"SLPS_009.45
SLPS_910.63";Hajime no Ippo - The Fighting! (Japan);
SLES_028.54;Breakout - A Story of Bat Meets Ball...! (Europe) (En,Fr,De,It);
SLES_017.16;Millennium Soldier - Expendable (Europe) (En,Fr,De,Es,It);
SLES_014.12;O.D.T. (Spain);
SLUS_009.32;NCAA Football 2000 (USA) (Rev 1);
SLUS_001.19;Die Hard Trilogy (USA);
SLUS_011.61GH;Driver 2 (USA) (Disc 1) (Rev 1);
"SLUS_013.18
SLUS_013.18GH";Driver 2 (USA) (Disc 2) (Rev 1);
SLES_004.81;Pitfall 3D - Beyond the Jungle (Europe);
SLES_013.28;Kick Off World (Greece);
SLES_009.06;NBA Live 98 (Europe) (En,Es,It);
"SLUS_009.14
SLUS_009.14CE";Army Men - Sarge's Heroes (USA);
SLUS_007.64;Nectaris - Military Madness (USA);
SLUS_001.08;HardBall 5 (USA);
"SLUS_008.57
SLUS_008.57GH";Ready 2 Rumble Boxing (USA);
SLUS_012.43;Dukes of Hazzard II, The - Daisy Dukes It Out (USA);
SLUS_014.49;2002 FIFA World Cup (USA) (En,Es);
SLUS_001.10;Bubsy 3D - Furbitten Planet (USA);
SLUS_007.42;Rampage 2 - Universal Tour (USA);
SLUS_005.35;Riven - The Sequel to Myst (USA) (Disc 1);
SLUS_005.80;Riven - The Sequel to Myst (USA) (Disc 5);
SLUS_003.79;Command & Conquer (USA) (Disc 1) (GDI);
SLUS_004.10;Command & Conquer (USA) (Disc 2) (NOD);
SLUS_010.89;Caesars Palace 2000 - Millennium Gold Edition (USA);
SLUS_001.00;Blazing Dragons (USA);
SLUS_004.84;Broken Sword - The Shadow of the Templars (USA);
SLUS_007.99;Crusaders of Might and Magic (USA);
SLUS_011.93;Digimon World 2 (USA);
SLUS_014.40;Dracula - The Last Sanctuary (USA) (Disc 1);
SLUS_014.43;Dracula - The Last Sanctuary (USA) (Disc 2);
SCUS_942.49;Twisted Metal III (USA);
SLUS_001.01;Fox Hunt (USA) (Disc 1);
SLUS_001.75;Fox Hunt (USA) (Disc 2);
SLUS_001.76;Fox Hunt (USA) (Disc 3);
SLUS_005.66;Ian Livingstone's Deathtrap Dungeon (USA);
SLUS_900.64;Resident Evil 3 - Nemesis (USA) (Demo);
SLUS_015.52;Dirt Jockey - Heavy Equipment Operator (USA);
SLES_001.65;Chronicles of the Sword (Europe) (Disc 1);
SLES_020.69;Gungage (Europe);
SLES_101.65;Chronicles of the Sword (Europe) (Disc 2);
SLPS_910.93;Rockman - Battle & Chase (Japan) (PlayStation the Best for Family);
SLPS_029.07;Play de Oboeru Eijukugo Deruderu 750 (Japan);
SLPS_002.85;Tokyo Shadow (Japan) (Disc 1);
SLPS_002.86;Tokyo Shadow (Japan) (Disc 2);
SLPS_026.61;Brigandine - Grand Edition (Japan) (Disc 1);
SLPS_026.62;Brigandine - Grand Edition (Japan) (Disc 2);
SLUS_013.82;X-Men - Mutant Academy 2 (USA);
SLUS_015.66;XS Airboat Racing (USA);
SLUS_005.44;G-Police (USA) (Disc 1);
SLUS_008.11;Guardian's Crusade (USA);
SLUS_007.98;G-Police - Weapons of Justice (USA);
SLUS_005.52;Ghost in the Shell (USA);
"SCUS_944.76
SCUS_947.76";Hot Shots Golf 2 (USA);
SLUS_006.51;HardBall '99 (USA);
SLUS_006.96;Heart of Darkness (USA) (Disc 1);
SLUS_007.41;Heart of Darkness (USA) (Disc 2);
SLES_022.45;Missile Command (Europe) (En,It);
SLES_033.48;Dracula 2 - The Last Sanctuary (Europe) (Disc 1);
SLES_133.48;Dracula 2 - The Last Sanctuary (Europe) (Disc 2);
SLUS_002.55;King's Field II (USA);
SLUS_006.77;Kagero - Deception II (USA);
SLES_011.03;Rat Attack (Europe) (En,Fr,De,Es,It,Nl);
SLES_033.44;Nickelodeon Rugrats en Paris - La pelicula (Spain);
SLES_028.97;Koudelka (Europe) (Disc 1);
SLES_128.97;Koudelka (Europe) (Disc 2);
SLES_228.97;Koudelka (Europe) (Disc 3);
SLES_328.97;Koudelka (Europe) (Disc 4);
SLPS_015.91;Destrega (Japan);
SLPM_866.52;Love Hina - Ai wa Kotoba no Naka ni (Japan);
SLPM_866.77;Love Hina 2 - Kotoba wa Konayuki no You ni (Japan);
"SLPS_910.94
SLPS_911.07";Rockman Dash - Hagane no Boukenshin (Japan) (Digest-ban);
SLUS_006.84;Jackie Chan Stuntmaster (USA);
SLUS_001.77;Jupiter Strike (USA);
SLUS_013.83;JumpStart Wildlife Safari - Field Trip (USA);
SLES_041.02;Sonic Wings Special (Europe);
SLPS_012.97;Guardian Recall - Shugojuu Shoukan (Japan) (Disc 1);
SLPS_012.98;Guardian Recall - Shugojuu Shoukan (Japan) (Disc 2);
SCPS_100.48;Rurouni Kenshin - Meiji Kenkaku Romantan - Juuyuushi Inbou-hen (Japan);
SLPS_031.80;World Stadium 5 (Japan);
SLUS_001.50;Incredible Hulk, The - The Pantheon Saga (USA);
SLUS_014.21;Dexter's Laboratory - Mandark's Lab (USA);
SLUS_012.78;Walt Disney's The Jungle Book - Rhythm n' Groove (USA);
"SLUS_010.26
SLUS_010.26GH";Dave Mirra Freestyle BMX (USA) (Rev 1);
SLUS_012.16;Championship Surfer (USA);
SLUS_014.35;Army Men - World War - Team Assault (USA);
SLUS_010.97;IHRA Drag Racing (USA);
SCUS_943.55;Motor Toon Grand Prix (USA);
SLUS_010.16;Mission - Impossible (USA) (En,Fr,Es);
SLUS_000.20;Off-World Interceptor Extreme (USA);
SLUS_012.12;Metal Slug X (USA);
SLUS_006.40;RPG Maker (USA);
SLES_023.28;Galerians (Europe) (Disc 1);
SLES_123.28;Galerians (Europe) (Disc 2);
SLES_223.28;Galerians (Europe) (Disc 3);
SLUS_005.58;Shipwreckers! (USA);
SLUS_013.02;Starfighter Sanvein (USA);
SLUS_900.54;Jade Cocoon - Story of the Tamamayu (USA) (Demo);
"SLUS_002.97
SLUS_002.97GH";Star Wars - Dark Forces (USA);
SLES_014.60;T'ai Fu - Wrath of the Tiger (Europe);
SLES_009.48;Test Drive 4 (Europe) (En,Fr,De,It);
SLES_031.83;Dragon Tales - Dragonseek (Europe);
SLUS_011.76;Dragon Tales - Dragonseek (USA);
SLUS_013.34;Mega Man X5 (USA);
"SLES_013.89
SLES_013.89#";Bust-A-Move 4 (Europe);
SLES_029.60;Nice Cats (Europe) (En,Fr,De,Nl);
"SLES_017.33
SLES_017.33#";UEFA Striker (Europe) (En,Fr,De,Es,It,Nl);
SLES_028.57;Sydney 2000 (Europe);
"SLPM_870.99
SLPS_000.97";Gensou Suikoden (Japan);
SLPM_860.17;Gensou Suikoden (Japan) (PlayStation the Best);
SLPM_861.68;Gensou Suikoden II (Japan);
SLUS_015.47;Tall - Infinity (USA);
SLES_023.20;FIFA 2000 (Greece);
SLES_023.04;Trick'n Snowboarder (Europe);
SLES_014.46;NBA Live 99 (Europe);
"SCPS_451.26
SLPM_860.47";Other Life Azure Dreams (Japan, Asia);
SLPM_867.54;Castlevania Chronicle - Akumajou Dracula (Japan);
SLPS_021.00;Persona 2 - Tsumi - Innocent Sin (Japan);
SLES_007.12;Arcade's Greatest Hits - The Atari Collection 2 (Europe);
SLUS_006.33;Alien Resurrection (USA);
SLUS_014.60;All Star Racing (USA);
SLUS_004.60;Descent Maximum (USA);
SLUS_006.30;Judge Dredd (USA);
SLUS_010.21;Mort the Chicken (USA);
SLUS_012.91;Racing (USA) (En,Fr,Es);
SLUS_001.97;Street Fighter Alpha - Warriors' Dreams (USA);
SLUS_002.29;Tokyo Highway Battle (USA);
SLUS_013.59;Smurf Racer! (USA) (En,Fr,Es);
"SLPM_869.67
SLPS_028.25";Persona 2 - Batsu - Eternal Punishment (Japan) (Disc 1);
SLPS_028.26;Persona 2 - Batsu - Eternal Punishment (Japan) (Disc 2) (Sumaru TV Special Preview Disc);
SLES_032.10;Hunter, The (Europe);
SLES_040.86;Sorcerer's Maze (Europe) (En,Fr,De,Es,It);
SLES_013.91;O.D.T. (Europe);
SLES_030.83;Action Man - Destruction X (Europe) (En,Fr,De,Es,It);
SLES_040.40;International Karate + (Europe);
SCES_028.14;Chase the Express (Germany) (Disc 1);
SCES_128.14;Chase the Express (Germany) (Disc 2);
SLES_009.03;Lost World, The - Jurassic Park (Europe) (En,Fr,De,Es,It,Nl,Sv);
SLES_009.03;Lost World, The - Jurassic Park (Europe) (En,Fr,De,Es,It,Nl,Sv) (EDC);
SLES_029.50;California Watersports (Europe) (En,Fr,De);
SLES_031.39;NHL 2001 (Europe) (En,Sv,Fi);
SLES_029.80;GZSZ Vol. 3 (Germany);
SLES_009.04;Madden NFL 98 (Europe);
SLES_031.54;NHL 2001 (Germany);
SLES_030.62;Fussball Manager 2001 (Germany);
SLES_012.00;Men in Black - The Game (Germany);
SLES_024.98;Army Men - Air Attack (Europe) (En,Fr,De);
SLES_035.81;Junior Sports Fussball (Germany);
SLES_035.91;Wer wird Millionaer - 2. Edition (Germany);
SLES_029.27;Tiny Toon Adventures - Toonenstein - Geisterstunde! (Germany);
SLES_007.16;Explosive Racing (Europe);
"SLES_023.79
SLES_023.79#";Mary King's Riding Star (Europe) (En,Fr,De,Es,It,Nl,Pt);
"SLES_018.07#
SLES_018.07#2
SLES_018.07/GER";Hugo 2 (Germany) (Rev 1);
"SLES_031.42
SLES_031.42/P";FIFA 2001 (Germany) (En,De,Es,Nl,Sv);
SLES_032.70#;Disneys Der Koenig der Loewen - Simbas grosses Abenteuer (Germany);
SLES_022.95;Verrat in der Verbotenen Stadt (Germany);
SCED_031.75;PS One Special Demo 01 (Europe) (En,Fr,De,Es,It);
SLES_000.20;Last Report, The (Europe) (De,Nl);
SLES_014.45;NHL 99 (Europe) (En,Fr,Sv,Fi);
SLES_015.50;B-Movie (Germany);
"SLES_001.44
SLES_001.44#";Firestorm - Thunderhawk 2 (Germany);
SLES_037.76;Sky Sports Football Quiz (Europe);
SLES_027.52;Test Drive 6 (Europe) (En,Fr,De,Es,It);
SLES_038.56;Sky Sports Football Quiz - Season 02 (Europe);
SLES_034.83;Vem vill bli Miljonaer (Sweden);
SLES_005.25;Batman Forever - The Arcade Game (Europe);
SLES_021.40;R-C Stunt Copter (Germany);
SLUS_007.32;Destrega (USA);
SLES_023.41;Autobahn Raser II (Germany);
SLES_040.52;Pro Backgammon (Europe);
SCES_002.41;Aquanaut's Holiday (Europe);
SLES_017.18;Attack of the Saucerman (Europe) (En,Fr,De,Es,It);
SLES_000.98;Mass Destruction (Europe) (En,Fr,De,Es);
SLES_002.56;Trash It (Europe) (En,Fr,De,Es,It);
SLES_011.79;Test Drive 4x4 (Europe) (En,Fr,De);
SCES_007.00;Battle Arena Toshinden 3 (Europe);
"SLES_018.78
SLES_018.78#";Killer Loop (Europe) (En,Fr,De,Es,It);
SLES_020.68;Star Trek - Invasion (Europe);
SLES_002.17;Sampras Extreme Tennis (Europe) (En,Fr,De,Es,It);
SLES_002.81;Iron Man & X-O Manowar in Heavy Metal (Europe) (En,Fr,De);
SCES_030.10;Disney's The Emperor's New Groove (Europe);
SLES_019.70;NBA Pro 99 (Europe);
SLES_025.01;F1 Racing Championship (Europe) (En,Fr,De,Es,It);
SLES_032.62;UEFA Champions League - Season 2000-2001 (Europe);
SLES_021.68;Fear Effect (Germany) (Disc 1);
SLES_121.68;Fear Effect (Germany) (Disc 2);
SLES_221.68;Fear Effect (Germany) (Disc 3);
SLES_321.68;Fear Effect (Germany) (Disc 4);
"SLES_004.63
SLES_004.63#2";Heart of Darkness (Germany) (Disc 1);
SLES_104.63;Heart of Darkness (Germany) (Disc 2);
SCES_013.58;Pet in TV (Germany);
SLES_019.39;Ruff & Tumble (Germany);
SLES_038.32;2002 FIFA World Cup (Germany);
SLES_017.96;Civilization II (Germany);
SLES_033.20;Flintstones, Die - Bedrock Bowling (Germany);
SLES_022.09;Dino Crisis (Germany);
SCUS_942.43;Einhaender (USA);
SCPS_100.82;Global Force - Shin Sentou Kokka (Japan) (Rev 1);
SLPM_860.08;Jikkyou Oshaberi Parodius - Forever with Me (Japan);
"SLPS_026.13
SLPS_032.73";Driver - Sennyuu! Car Chase Daisakusen (Japan);
SCES_016.31;Rally Cross 2 (Europe);
SLUS_002.70;Wing Commander IV - The Price of Freedom (USA) (Disc 1);
SLUS_002.71;Wing Commander IV - The Price of Freedom (USA) (Disc 2);
SLUS_002.72;Wing Commander IV - The Price of Freedom (USA) (Disc 3);
SLUS_002.73;Wing Commander IV - The Price of Freedom (USA) (Disc 4);
"SLUS_005.87
SLUS_005.87";Wreckin Crew - Drive Dangerously (USA) (En,Es);
SLUS_014.44;X-Bladez - Inline Skater (USA);
SLUS_013.33;Top Shop (USA);
SLES_027.97;Rayman Junior (Europe) (Fr,De,Es,It);
SCED_035.16;C-12 - Final Resistance (Europe) (En,Fr,De,Es,It) (Demo);
SLED_013.81;Colin McRae Rally (Germany) (Demo);
SLUS_005.48;Street Fighter EX Plus Alpha (USA);
SLUS_002.08;Buster Bros. Collection (USA);
SLUS_002.68;Crusader - No Remorse (USA);
"SLUS_011.13
SLUS_011.13GH";Mat Hoffman's Pro BMX (USA);
SLES_018.11;Hugo 2 (Sweden);
"SLES_034.87
SLES_034.87#";Hugo - Black Diamond Fever (Europe) (En,Sv,Fi);
SLES_038.37;Hugo - The Evil Mirror (Scandinavia) (Sv,No,Fi);
SLES_022.47;Dune 2000 (Europe);
SLUS_012.88;Bowling (USA);
SCUS_942.88;Disney-Pixar A Bug's Life (USA);
SLUS_012.92;Bombing Islands, The (USA);
SLUS_003.42;Time Commando (USA);
SLUS_003.88;NBA Jam Extreme (USA);
SLUS_011.20;F1 2000 (USA) (En,Fr,Es);
SLUS_012.90;F1 Championship Season 2000 (USA) (En,Fr,Es);
"SLUS_006.21
SLUS_006.21TP";Sesame Street - Elmo's Letter Adventure (USA);
SLUS_013.86;Mary-Kate and Ashley - Crush Course (USA);
SLES_036.50;Gundam Battle Assault (Europe) (En,Fr,De,Es,It);
SLES_011.04;Vs. (Europe);
SLES_024.99;Midnight in Vegas (Europe) (En,Fr,De);
SLES_010.08;Caesars Palace (Europe);
SLES_104.63#2;Heart of Darkness (Germany) (Disc 2) (EDC);
SLES_025.82;Crusaders of Might and Magic (Europe);
SLES_001.05;Wing Commander III - Heart of the Tiger (Germany) (Disc 1);
SLES_101.05;Wing Commander III - Heart of the Tiger (Germany) (Disc 2);
SLES_201.05;Wing Commander III - Heart of the Tiger (Germany) (Disc 3);
SLES_301.05;Wing Commander III - Heart of the Tiger (Germany) (Disc 4);
SLUS_011.28;Wild Thornberrys, The - Animal Adventures (USA);
SLUS_008.45;Thousand Arms (USA) (Disc 1);
SLUS_008.58;Thousand Arms (USA) (Disc 2);
SCUS_944.57;Grandia (USA) (Disc 1);
SCUS_944.65;Grandia (USA) (Disc 2);
SLUS_001.41;X-COM - UFO Defense (USA);
SLUS_005.98;Gex - Enter the Gecko (USA);
SLUS_004.81;Point Blank (USA);
SLUS_007.96;Point Blank 2 (USA);
SLUS_014.48;Worms World Party (USA) (En,Fr,De,Es,It,Nl,Sv,Da);
SLUS_001.72;In the Hunt (USA);
SLUS_006.53;Pocket Fighter (USA);
SLUS_013.09;Boxing (USA);
SLUS_008.80;Nickelodeon Rugrats - Studio Tour (USA);
SLUS_007.78;Hello Kitty - Cube Frenzy (USA);
SLUS_002.43;Space Jam (USA);
SLUS_004.35;Ninja - Shadow of Darkness (USA);
SLUS_007.19;Lucky Luke (USA);
SLUS_000.63;World Cup Golf - Professional Edition (USA);
SLUS_000.34;Virtual Pool (USA);
SLES_023.30;Galerians (Germany) (Disc 1);
SLES_123.30;Galerians (Germany) (Disc 2);
SLES_223.30;Galerians (Germany) (Disc 3);
SLUS_000.13;WWF WrestleMania - The Arcade Game (USA);
SCUS_941.94;Gran Turismo (USA);
SLUS_005.26;March Madness '98 (USA);
SLUS_013.79;Card Games (USA);
SLUS_009.93;Knockout Kings 2000 (USA);
"SLPS_012.48
SLPS_911.45";Ultraman - Fighting Evolution (Japan);
SLPM_869.24;Shin Megami Tensei II (Japan);
SLPM_800.48;Square's Preview Extra - FF VII Sample & SIGGRAPH '95 Works (Japan);
SLUS_012.74;WCW Backstage Assault (USA);
SLUS_008.13;T.R.A.G. - Mission of Mercy (USA);
SLUS_013.11;Tomb Raider Chronicles (USA);
SLUS_002.92;Suikoden (USA) (Rev 1);
SLUS_011.66;NASCAR Heat (USA);
SLUS_008.64;Ultimate 8 Ball (USA);
"SLUS_013.53
SLUS_013.53GH";Nickelodeon Rocket Power - Team Rocket Rescue (USA);
SLUS_012.87;Snowboarding (USA);
SLUS_010.33;Polaris SnoCross (USA);
SLES_004.07;Black Dawn (Europe);
SLES_023.36;NBA Showtime - NBA on NBC (Europe);
SLES_006.54;Star Wars - Rebel Assault II - The Hidden Empire (Europe) (Disc 1);
SLES_106.54;Star Wars - Rebel Assault II - The Hidden Empire (Europe) (Disc 2);
SLPS_031.64;From TV Animation One Piece - Grand Battle! (Japan);
"SLPS_018.02
SLPS_914.84";America Oudan Ultra Quiz (Japan) (Fukkokuban);
SLES_023.58;NBA Live 2000 (Europe);
SLES_026.82;Land Maker (Europe);
SCES_015.56;X Games Pro Boarder (Europe) (En,Fr,De,Es,It,Sv,No);
SLES_015.03;Oddworld - Abe's Exoddus (Germany) (Disc 1);
"PBPX_950.10
SCUS_942.87";Interactive CD Sampler Disc Vol. 9 (USA);
SLPS_012.33;Bust A Move (Japan) (Disc 2) (Premium CD-ROM) (Genteiban);
SCED_018.37;Euro Demo 06-99 (Germany);
SCED_020.50;Euro Demo 06-99 'Special' (Germany);
SLES_026.81;Ronaldo V-Football (Europe) (De,Es,It,Pt);
SLES_016.91;Monaco Grand Prix Racing Simulation 2 (Europe) (En,Fr,Es,It);
SLUS_011.88;Woody Woodpecker Racing (USA);
SLES_027.38;HBO Boxing (Europe) (En,De);
SLES_005.98;Jersey Devil (Europe) (En,Fr,De);
SLPM_865.81;SuperLite 1500 Series - The Tetris (Japan);
PAPX_900.26;Gran Turismo (Japan) (Taikenban);
SLES_002.33;Cyberia (Europe);
"PBPX_950.06
SCUS_942.58";Interactive CD Sampler Disc Volume 7 (USA);
SLES_037.84;100% Star (Europe);
SLES_038.36;Hugo - The Evil Mirror (Europe) (En,Da,Pl);
SLES_040.64;5 Star Racing (Europe);
SLES_029.16;King of Bowling 2 (Europe);
SLES_000.79;Onside Complete Soccer (Europe) (En,Fr,De,Es) (Rev 1);
"SLES_004.83
SLES_004.83#";Worms Pinball (Europe) (En,Fr,De,Es,It);
SLES_029.54;Moses - Prince of Egypt (Europe) (En,Fr,De,Nl);
SLES_015.93;Hugo (Scandinavia) (Sv,No);
SLES_018.05;Hugo 2 (Europe);
SLUS_005.42;Rascal (USA);
SLUS_015.63;Robo Pit 2 (USA);
SLUS_012.65;Rayman Brain Games (USA);
SLUS_007.50;Rosco McQueen Firefighter Extreme (USA);
"SLUS_010.46
SLUS_010.46GH";Star Wars - Episode I - Jedi Power Battles (USA);
SLUS_015.39;Patriotic Pinball (USA);
SLUS_014.94;Pinobee (USA);
SLUS_013.89;Pajama Sam - You Are What You Eat from Your Head to Your Feet (USA);
SLUS_011.50;Grudge Warriors (USA);
SLUS_013.98;Gunfighter - The Legend of Jesse James (USA);
SLUS_003.19;Golden Nugget (USA) (Disc 1);
SLUS_005.55;Golden Nugget (USA) (Disc 2);
SLES_029.11;Nickelodeon Rugrats - Excursion al estudio (Spain);
SLES_013.00;Unholy War, The (Europe) (En,Fr,De,Es,It);
SLUS_009.59;Play with the Teletubbies (USA);
SLUS_001.99;VR Soccer '96 (USA, Canada);
SLUS_009.67;Tiny Toon Adventures - Toonenstein - Dare to Scare! (USA);
SLUS_000.97;PO'ed (USA);
SLES_030.57;Sports Superbike (Europe) (En,Fr,De,It);
SLES_012.99;Gex - Deep Cover Gecko (Europe) (En,Es,It);
SLES_006.51;BallBlazer Champions (Europe);
SLES_008.11;Xenocracy - The Ultimate Solar War (Europe);
SLUS_008.59;Dukes of Hazzard, The - Racing for Home (USA);
SLUS_014.45;Power Play - Sports Trivia (USA);
SLUS_012.28;V.I.P. (USA);
SCES_007.98;Broken Sword II - The Smoking Mirror (Europe);
SLPS_003.32;Alien Trilogy (Japan);
SLES_027.40;Dave Mirra Freestyle BMX (Europe);
"SLPS_009.10
SLPS_911.09";Monster Farm (Japan);
"SLPS_016.95
SLPS_023.46";Waku Waku Volley (Japan);
SLPS_032.52;From TV Animation One Piece - Tobidase Kaizokudan! (Japan);
SLPS_016.31;Simple 1500 Series Vol. 1 - The Mahjong (Japan) (Culture Publishers) (Rev 1);
SLPS_016.85;Simple 1500 Series Vol. 7 - The Card (Japan) (Culture Publishers);
SLPS_021.79;Simple 1500 Series Vol. 12 - The Quiz (Japan) (Culture Publishers);
SLPS_024.73;Simple 1500 Series Vol. 23 - The Gateball (Japan);
SLPS_024.75;Simple 1500 Series Vol. 25 - The Keiba (Japan);
SLPS_029.23;Simple 1500 Series Vol. 36 - The Ren'ai Simulation - Natsuiro Celebration (Japan);
SLPS_000.23;CyberSled (Japan);
SLPS_000.71;3x3 Eyes - Kyuusei Koushu (Japan) (Disc 1);
SLPS_000.72;3x3 Eyes - Kyuusei Koushu (Japan) (Disc 2);
"SLPS_000.93
SLPS_015.68
SLPS_031.16";Oh-chan no Oekaki Logic (Japan);
SCES_030.23;Walt Disneyn Viidakkokirja - Svengiseikkailu (Finland);
SLPS_001.13;Sotsugyou II - Neo Generation (Japan);
SLPS_001.23;TIZ - Tokyo Insect Zoo (Japan);
SLPS_001.43;Reverthion (Japan);
SLPS_001.64;Tetsudou-ou '96 - Iku ze Okuman Chouja!! (Japan);
SLPS_001.94;Wizard's Harmony (Japan);
SLPS_002.00;Battle Arena Toushinden 2 (Japan);
SCES_037.62;Disney-Pixar Monsterit Oy - Saeikkysaari (Finland);
SLPS_002.61;Sotsugyou R - Graduation Real (Japan);
SLPS_002.82;MeltyLancer - Ginga Shoujo Keisatsu 2086 (Japan);
SLPS_002.96;Killing Zone (Japan);
SLUS_000.17;Theme Park (USA);
SLPS_004.61;3D Mission Shooting - Finalist (Japan);
SLPS_004.68;Stakes Winner - G1 Kanzen Seiha e no Michi (Japan);
SLPS_004.84;Soreike no Kokology - Kokoro ga Oshieru Koi, Kekkon, Jinsei (Japan);
"SLPS_006.17
SLPS_910.49
SLPS_914.33";Tomb Raiders (Japan);
"SLPM_872.35
SLPM_873.41";Croket! Kindan no Kinka Box! (Japan);
SLPS_012.32;Bust A Move (Japan) (Disc 1) (Genteiban);
"SLPS_005.09
SLPS_910.82";Winning Post 2 - Program '96 (Japan) (Rev 1);
SLPS_005.33;Aubirdforce (Japan) (Shokai Genteiban);
SLPS_005.39;Star Gladiator - Episode I - Final Crusade (Japan);
SLPS_005.84;Eternal Melody (Japan);
SLPS_005.89;Jewel Bem Hunter Lime with Paint Maker (Japan);
"SCPS_451.90
SLPS_012.89";Dead or Alive (Japan, Asia);
SLUS_006.43;Rogue Trip - Vacation 2012 (USA);
"SCPS_450.33
SLPS_006.40";Real Bout Garou Densetsu (Japan, Asia) (En,Ja);
"SCPS_450.31
SLPS_006.50";Battle Arena Toushinden 3 (Japan, Asia);
SLPS_006.59;Grid Runner (Japan);
SLPS_006.77;F-1 Grand Prix 1996 - Team Un'ei Simulation (Japan);
SLPS_006.84;Koukai Sarenakatta Shuki (Japan);
SLPS_006.94;Transport Tycoon 3D - SL Kara Hajimeyou!! (Japan);
"SLPS_005.96
SLPS_007.40";Wares 1092 - Souheiden (Japan);
SLPS_007.57;Bounty Sword First (Japan);
SLPS_007.62;Formation Soccer '97 - The Road to France (Japan);
SLPS_007.81;Fantastep (Japan);
"SCPS_450.34
SLPS_007.85";SD Gundam - GCentury (Japan, Asia);
"SLPM_862.04
SLPS_007.88";Teitoku no Ketsudan III (Japan);
"SLPS_003.73
SLPS_008.42";Masters - Shin Harukanaru Augusta (Japan);
SLPS_008.81;Shuukan Pro Wres Kanshuu - Pro Wres Sengokuden (Japan);
"SCPS_450.86
SLPS_008.83";Gundam the Battle Master (Japan, Asia);
SCUS_941.81;I.Q - Intelligent Qube (USA);
SLPS_009.13;Nessa no Hoshi (Japan) (Disc 1);
SLPS_009.14;Nessa no Hoshi (Japan) (Disc 2);
SLPS_009.16;Master of Monsters - Akatsuki no Kenjatachi (Japan);
"SLPS_009.54
SLPS_911.32";Sidewinder 2 - Let's Dance in the Sky (Japan) (En,Ja);
"SCPS_451.35
SLPS_009.84";Wizard's Harmony 2 (Japan, Asia);
SLPS_009.96;My Dream - On Air ga Matenakute (Japan) (Disc 1);
SLPS_009.97;My Dream - On Air ga Matenakute (Japan) (Disc 2);
SCES_020.99;Shadow Madness (Europe) (Disc 1);
SCES_120.99;Shadow Madness (Europe) (Disc 2);
"SLES_000.49
SLES_000.49#
SLES_000.49_T";Rayman (Europe) (En,Fr,De) (EDC);
SLES_008.48;Devil's Deception (Europe) (En,Fr,De);
SLUS_005.10;Vigilante 8 (USA) (Rev 1);
SLUS_000.06;Tekken (USA);
"SLES_004.61
SLES_004.61#
SLES_004.61#2";Heart of Darkness (Europe) (Disc 1);
SLES_012.19;Azure Dreams (Europe) (En,Fr,De);
"SCES_030.00
SCES_030.00/P";Disney's Aladdin in Nasira's Revenge (Europe);
SLPM_862.98;SuperLite 1500 Series - Card II (Japan);
SLPM_863.19;SuperLite 1500 Series - Hanafuda II (Japan);
SLPS_020.68;SuperLite 1500 Series - Oekaki Puzzle (Japan);
SLPS_020.66;SuperLite 1500 Series - Suudoku (Japan);
SLPS_003.86;Macross Digital Mission VF-X (Japan);
SLPS_910.58;Macross Digital Mission VF-X (Japan) (Rev 1);
SLPS_022.37;Macross VF-X2 (Japan);
SCES_039.41/P;Disney El Planeta del Tesoro (Spain);
SLES_001.32#;Doom (Europe) (EDC);
SLES_005.35;Disruptor (Europe);
"SCPS_451.36
SLPS_010.13";Project Gaiaray (Japan, Asia);
SLPS_010.23;Pachi-Slot Kanzen Kouryaku - Cranky Pro (Japan);
SLPS_010.41;Soukuu no Tsubasa - Gotha World (Japan) (Disc 1);
SLPS_010.42;Soukuu no Tsubasa - Gotha World (Japan) (Disc 2);
SLPS_010.92;Photo Genic (Japan) (Genteiban);
SLPS_003.94;Spot Goes to Hollywood (Japan);
SLPM_867.34;Tenkuu no Restaurant - Hello! Project Ver. (Japan);
SLPM_868.37;One Piece Mansion (Japan);
SLPS_015.26;Azito 2 (Japan);
"SLPM_867.49
SLPS_025.53";Biohazard - Gun Survivor (Japan);
SLPS_014.79;Bounty Sword - Double Edge (Japan);
SLES_002.04;Vandal Hearts (Europe) (En,Fr,De);
"SCPS_453.87
SLPM_861.98
SLPS_019.50";Final Fantasy VI (Japan, Asia);
"SLPM_860.28
SLPS_019.48";Final Fantasy IV (Japan);
"SCPS_452.14
SLPM_860.81
SLPS_019.49";Final Fantasy V (Japan, Asia);
SLES_028.66;X-Men - Mutant Academy (Germany);
SCUS_942.01;Mortal Kombat 3 (USA);
SLPS_034.37;Bakuretsu Soccer (Japan);
SLPS_016.64;Meremanoid (Japan);
SLUS_008.47;Hydro Thunder (USA);
SLES_009.09;Auto Destruct (Europe) (En,Fr,De,Es,Sv);
SLES_002.82;Magic - The Gathering - BattleMage (Europe);
SLPS_011.15;Nobunaga no Yabou - Shouseiroku (Japan);
SLPS_011.35;DamDam Stompland (Japan);
SLPS_011.42;Mobile Suit Z-Gundam (Japan) (Disc 1);
SLPS_011.43;Mobile Suit Z-Gundam (Japan) (Disc 2);
SLPS_011.47;MeltyLancer - Re-inforce (Japan) (Disc 1);
SLPS_011.48;MeltyLancer - Re-inforce (Japan) (Disc 2);
SLPS_011.87;Alnam no Tsubasa - Shoujin no Sora no Kanata e (Japan) (Disc 1);
SLPS_011.88;Alnam no Tsubasa - Shoujin no Sora no Kanata e (Japan) (Disc 2);
SLPS_011.89;Alnam no Tsubasa - Shoujin no Sora no Kanata e (Japan) (Disc 3);
"SLPS_012.58
SLPS_023.26";Yuukyuu Gensoukyoku 2nd Album (Japan);
SLPS_013.10;Straight Victory - Hoshino Kazuyoshi e no Chousen (Japan);
SLPS_013.35;World Stadium 2 (Japan);
"SCPS_452.65
SLPS_014.09";Ai to Yuujou no Neko Monogatari. Jingle Cats - Love Para Daisakusen no Maki (Japan, Asia);
"SCPS_452.58
SLPS_014.14";Dynamite Soccer 98 (Japan, Asia);
SLPS_014.53;Parlor! Pro 3 (Japan);
SLPS_014.70;Godzilla - Trading Battle (Japan);
"SLPS_016.00
SLPS_911.65
SLPS_914.98";Pilot ni Narou! (Japan);
SLPS_016.05;Pro Mahjong Kiwame Plus II (Japan);
SLPS_016.06;Aubirdforce - After (Japan);
SLPS_016.22;Street Boarders (Japan);
"SLPS_016.46
SLPS_911.85";Parlor! Pro 4 (Japan);
SLPS_016.66;Zeus - Carnage Heart Second (Japan);
"SLPS_006.58
SLPS_016.67
SLPS_027.96";Nihon Pro Golf Kyoukai Kanshuu - Double Eagle (Japan);
SLPS_018.17;Deep Freeze (Japan);
SLPS_018.28;Parlor! Pro 5 (Japan);
SLPS_018.57;Option - Tuning Car Battle 2 (Japan);
SLPS_018.60;Tricky Sliders - Freestyle Snowboard (Japan);
"SLPM_840.20
SLPM_873.80
SLPS_010.57
SLPS_914.40";Final Fantasy VII International (Japan) (Disc 1);
"SLPM_840.21
SLPM_873.81
SLPS_010.58
SLPS_914.41";Final Fantasy VII International (Japan) (Disc 2);
"SLPM_840.22
SLPM_873.82
SLPS_010.59
SLPS_914.42";Final Fantasy VII International (Japan) (Disc 3);
"SLPM_840.23
SLPM_873.83
SLPS_010.60
SLPS_914.43";Final Fantasy VII International (Japan) (Disc 4) (Perfect Guide);
SLUS_000.66;3D Baseball (USA);
"SLPM_873.31
SLPM_873.97";Front Mission 2 (Japan) (Front Mission History);
SLES_041.10;Robin Hood - The Siege (Europe);
"SLPM_873.74
SLPS_024.30
SLPS_914.46";Chrono Trigger (Japan);
"SCPS_454.36
SLPM_874.02
SLPS_023.30
SLPS_914.55";DewPrism (Japan, Asia);
SCES_039.43;Disneys Skattkammarplaneten (Sweden);
"SLPS_008.32
SLPS_911.15";Iwatobi Penguin Rocky x Hopper (Japan);
SLPS_012.83;Iwatobi Penguin Rocky x Hopper 2 - Tantei Monogatari (Japan);
SLPS_022.13;My Garden (Japan);
SLES_007.07;Risk (Europe) (En,Fr,De,Es);
SCPS_913.12;PoPoRoGue (Japan) (Rev 1);
"SLPS_005.30
SLPS_911.94";Puyo Puyo Tsuu - Ketteiban (Japan) (Rev 1);
SCPS_180.07;Tomoyasu Hotei - Stolen Song (Japan) (Disc 1) (VPick Included);
SCPS_180.08;Tomoyasu Hotei - Stolen Song (Japan) (Disc 2) (VPick Included);
SLUS_000.05;Rayman (USA);
"SLPM_870.98
SLPS_024.69";Game of Life, The - DX Jinsei Game III (Japan);
"SLPS_025.96
SLPS_033.05";Gale Gunner (Japan);
"SLPS_014.78
SLPS_027.53";Dome no Yabou 2 - The Race of Champions (Japan);
SLPS_028.10;Shiki Oriori no Bass Tsuri (Japan);
SLPS_028.71;Max Surfing 2nd (Japan);
SLPS_030.38;Yamasa Digi Guide - M771 (Japan);
SLPS_031.00;Gunbalina (Japan);
"SCPS_455.14
SLPS_031.88";Time Crisis - Project Titan (Japan, Asia);
SLPS_032.32;Mobile Suit Z-Gundam (Japan) (Disc 1) (Bandai the Best);
SLPS_032.33;Mobile Suit Z-Gundam (Japan) (Disc 2) (Bandai the Best);
SLPS_033.49;Slotter Mania 2 - Chounetsu 30 Phi! Hana Hana & KingBary & Hai Hai Siosai (Japan);
SLPS_034.41;Pachi-Slot Teiou - Golgo 13, Las Vegas (Japan);
SCES_017.01;Monde des Bleus, Le - Le Jeu Officiel de l'Equipe de France (France);
"SCPS_450.97
SLPM_863.15
SLPS_009.50
SLPS_915.16";Metal Slug - Super Vehicle-001 (Japan, Asia);
SCPS_100.82;Global Force - Shin Sentou Kokka (Japan);
SLPM_872.24;Biohazard 3 - Last Escape (Japan) (Rev 1);
SLPM_867.35;Bounty Hunter Sara - Holy Mountain no Teiou (Japan);
"SLPM_874.01
SLPS_026.20";Strider Hiryuu 1 & 2 (Japan) (Disc 1) (Strider Hiryuu);
SLPS_026.21;Strider Hiryuu 1 & 2 (Japan) (Disc 2) (Strider Hiryuu 2);
"SLPM_861.55
SLPM_865.72";Ganbare Goemon - Kuru nara Koi! Ayashige Ikka no Kuroi Kage (Japan);
SLPS_019.00;Uchuu Senkan Yamato - Haruka naru Hoshi Iscandar (Japan);
SLPS_028.86;Tetris with Cardcaptor Sakura - Eternal Heart (Japan);
SLPS_024.60;Koudelka (Japan) (Disc 1);
SLPS_024.61;Koudelka (Japan) (Disc 2);
SLPS_024.62;Koudelka (Japan) (Disc 3);
SLPS_024.63;Koudelka (Japan) (Disc 4);
"SCPS_101.23
SCPS_912.31";XI [sai] Jumbo (Japan);
SCPS_101.26;Addie no Okurimono - To Moze from Addie (Japan);
SIPS_600.19;Street Games '97 (Japan);
"SLPS_003.30
SLPS_910.34
SLPS_914.11";Taiyou no Shippo - Wild, Pure, Simple Life (Japan);
"SLPS_028.51
SLPS_914.29";Denkou Sekka Micro Runner - Maniac Hakase no Hisaku (Japan);
"SLPS_009.31
SLPS_910.85
SLPS_915.20";My Home Dream (Japan);
SLPS_911.25;Tsuridou - Umizuri-hen (Japan) (PlayStation the Best);
"SLPS_011.03
SLPS_911.20";Gakkou o Tsukurou!! (Japan);
"SLPM_869.92
SLPS_001.06
SLPS_910.22";Nobunaga no Yabou - Haouden (Japan);
SLPS_910.19;A Ressha de Ikou 4 - Evolution Global (Japan) (En,Ja,Fr,De) (PlayStation the Best);
SLPS_910.10;Sidewinder USA (Japan);
SLPS_910.06;Battle Arena Toushinden 2 Plus (Japan);
SCUS_942.91;MediEvil (USA) (Demo) (Rev 1);
SLES_014.57;NBA Live 99 (Spain);
"SLES_023.99
SLES_023.99#";Grandia (Germany) (Disc 1);
SLES_123.99;Grandia (Germany) (Disc 2);
SLPS_001.25;A Ressha de Ikou 4 - Evolution Global (Japan) (En,Ja,Fr,De);
SLPS_014.29;Combination Pro Soccer - J.League no Kantoku ni Natte Sekai o Mezase! (Japan);
SLPM_860.43;Hard Blow (Japan);
SLPM_860.46;Jikkyou American Baseball (Japan);
"SLPM_861.79
SLPS_004.10";Nanatsu no Hikan (Japan) (Disc 1);
"SLPM_861.80
SLPS_004.11";Nanatsu no Hikan (Japan) (Disc 2);
"SLPM_861.81
SLPS_004.12";Nanatsu no Hikan (Japan) (Disc 3);
"SLPM_864.90
SLPM_867.37";Kinniku Banzuke - Road to Sasuke (Japan);
"SLPM_861.44
SLPM_865.94";Ishin no Arashi - Bakumatsu Shishiden (Japan);
SLPM_866.25;Bounty Sword - Double Edge (Japan) (Major Wave);
"SLPM_863.78
SLPM_867.05";Densha de Go! Professional Shiyou (Japan);
SLPM_867.28;Sangokushi VII (Japan);
"SLPM_861.78
SLPM_867.86
SLPS_004.48";Teitoku no Ketsudan II (Japan);
SLPM_869.93;Mahjong Taikai II Special (Japan) (Rev 1);
SLPM_870.15;Mini-Moni. Dice de Pyon! (Japan);
SLPM_872.96;Tennis no Oujisama - Sweat & Tears (Japan) (Rev 1);
SLPS_019.70;World Stadium 3 (Japan);
SLPS_026.60;World Stadium 4 (Japan);
SLPS_000.94;Thunder Storm & Road Blaster (Japan) (Disc 1) (Thunder Storm);
SLPS_000.95;Thunder Storm & Road Blaster (Japan) (Disc 2) (Road Blaster);
SCUS_941.83;PaRappa the Rapper (USA) (En,Fr,De,Es,It);
SLPS_027.24;Hamster Monogatari (Japan);
SLPS_001.47;Floating Runner - 7-tsu no Suishou no Monogatari (Japan);
SLES_036.64;Harry Potter and the Philosopher's Stone (Scandinavia) (Sv,No,Fi);
SLUS_006.37;N2O - Nitrous Oxide (USA);
SLES_022.99;NBA Basketball 2000 (Europe) (En,Fr,De,Es,It);
SLES_008.76;Three Lions (UK) (En,Fr,De,Es,It);
SCUS_942.36;Tomba! (USA);
SLES_009.64;Dragon Ball - Final Bout (France);
SLPS_020.75;GaiaMaster - Kamigami no Board Game (Japan);
SLPS_023.35;Oz no Mahoutsukai - Another World - Rung Rung (Japan);
SLPS_028.63;Super Tokusatsu Taisen 2001 (Japan);
"SCPS_454.90
SLPM_864.56
SLPS_034.49";Metal Slug X - Super Vehicle-001 (Japan, Asia);
"SLPS_007.21
SLPS_023.21";Nibiiro no Koubou - 32-nin no Senshachou (Japan);
SLPM_862.23;Culdcept - Expansion (Japan);
SLES_010.16;LMA Manager (Europe);
SLPS_016.37;Strikers 1945 II (Japan);
SLPM_866.31;SuperLite 1500 Series - Strikers 1945 II (Japan);
SLPS_007.39;Saber Marionette J - Battle Sabers (Japan);
SLES_004.36;Madden NFL 97 (Europe);
SLES_014.27;Madden NFL 99 (Europe);
SLES_021.92;Madden NFL 2000 (Europe);
SCES_025.69;Rescue Shot (Europe) (En,Fr,De,Es,It);
SCES_000.04;Rapid Reload (Europe);
SLPM_863.16;Jikkyou Kyousouba Ikusei Simulation Game - Breeding Stud '99 (Japan);
SLES_007.70;OverBlood (Germany);
SLES_001.74;Buggy (Europe) (En,Fr,De,Es,It,Pt);
SLES_034.95;Necronomicon - Das Mysterium der Daemmerung (Germany) (Disc 1);
SLES_134.95;Necronomicon - Das Mysterium der Daemmerung (Germany) (Disc 2);
SLPS_027.48;Virtual Kyoutei 2000 (Japan);
SLPS_031.99;Virtual Kyoutei 21 (Japan);
SCED_011.90;MIP Club Demo 02 (Germany);
SLED_017.32;Rollcage (Europe) (En,Fr,De,Es,It) (Demo);
SLED_012.70;Command & Conquer - Alarmstufe Rot & Bloody Roar (Germany) (Demo);
SCED_006.76;Euro Demo 11 (Germany);
SLPM_860.53;Tokimeki Memorial - Forever with You (Japan) (PlayStation the Best);
SLPS_911.54;Tamamayu Monogatari (Japan) (PlayStation the Best);
SCED_006.22;Euro Demo Three (Germany);
SCED_013.06;Autorennen Spezial '98 (Germany);
SLED_013.05;Crime Killer (Germany) (Demo);
SCED_003.62;Euro Demo 10 (Europe);
SCED_003.61;Euro Demo 09 (Europe);
SCES_001.86;Euro Demo 08 (Europe);
SLED_012.63;Forsaken (Europe) (Demo);
SCED_008.90;Euro Demo 08b (Germany);
SCED_011.14;Euro Demo 21 (France);
SCED_011.16;Euro Demo 23 (France);
SCED_018.49;Euro Demo 29 (France);
SCED_018.57;Euro Demo 37 (France);
SCED_017.13;M-6 PlayStation Demo (France);
SLES_002.98;Formula 1 (Europe) (En,Fr,De,Es,It) (Rev 1);
SLES_037.79;Westlife - Fan-O-Mania (Europe) (Fr,De);
SLES_017.22;Bloody Roar 2 - Bringer of the New Age (Europe);
SLES_035.08;Future Racer (Europe);
"SLES_029.96#2
SLES_029.96#
SLES_029.96_P";Driver 2 - Back on the Streets (Italy) (Disc 1) (Rev 1);
SLPS_030.01;Smash Court 3 (Japan);
SLPS_008.15;Gundam 0079 - The War for Earth (Japan) (Disc 1);
SLPS_008.16;Gundam 0079 - The War for Earth (Japan) (Disc 2);
SLPS_006.54;3D Shooting Tkool (Japan);
SIPS_600.04;ESPN Street Games (Japan);
SLES_008.09;N2O (Europe) (En,Fr,De,Es,It,Pt);
SLES_038.10;US Racer (Europe) (En,Fr,De,Nl);
SLES_032.08;Gubble (Europe);
SLPS_024.85;Gunpey (Japan);
SLPS_018.69;Psychometrer Eiji (Japan);
SLPS_017.76;Super Hero Sakusen (Japan);
"SLUS_010.70A
SLUS_010.70B";Vanguard Bandits (USA);
SLUS_900.83;Lunar 2 - Eternal Blue Complete (USA) (Demo);
SLES_010.29;Actua Soccer 2 (Germany) (En,De);
SLPS_027.91;Macross Plus - Game Edition (Japan);
SLPS_020.05;Chou Jikuu Yousai Macross - Ai Oboete Imasu ka (Japan) (Disc 1);
SLPS_020.06;Chou Jikuu Yousai Macross - Ai Oboete Imasu ka (Japan) (Disc 2);
SLPS_020.07;Macross VF-X2 & Patlabor - The Game (Japan) (Demo);
SLPM_862.73;Psychic Force 2 (Japan);
SLPS_010.18;Psychic Force - Puzzle Taisen (Japan) (Disc 1) (Game Disc);
SLPS_010.19;Psychic Force - Puzzle Taisen (Japan) (Disc 2) (Premium CD-ROM);
SLED_025.41;Resident Evil 3 - Nemesis (Europe) (Demo);
SLPM_863.79;Valkyrie Profile (Japan) (Disc 1);
SLPM_863.71;Valkyrie Profile (Japan) (Disc 1) (Deluxe Pack);
SLPM_863.72;Valkyrie Profile (Japan) (Disc 2) (Deluxe Pack);
SLUS_013.84;Castlevania Chronicles (USA);
SLPM_862.52;Dance Dance Revolution 2nd Remix (Japan);
SLPS_000.86;Kaitei Daisensou - In the Hunt (Japan);
SLPS_023.67;Aerodive (Japan);
SLES_035.11;Rageball (Europe);
SLES_002.51;Darkstalkers - The Night Warriors (Europe);
SLPS_032.44;Inagawa Junji - Mayonaka no Taxi (Japan);
SLPS_912.25;Sound Novel Evolution 1 - Otogirisou - Sosei-hen (Japan) (Rev 1);
SLES_001.16;FIFA Soccer 96 (Europe) (En,Fr,De,Es,It,Sv);
SLPS_009.65;Iru! (Japan);
"SCPS_452.99
SLPS_015.00";Gunbarl (Japan, Asia);
SLES_033.16;Army Men - Sarge's Heroes 2 (Europe) (En,Fr,De,Es,It);
SLES_037.72;RTL Skispringen 2002 (Germany) (En,De);
SLES_009.33;Newman Haas Racing (Europe) (En,Fr,De,It);
SLPM_865.03;Dance Dance Revolution 3rd Mix (Japan);
SLPS_005.02;Kensei - The King of Boxing (Japan);
SLPS_006.29;LifeScape 2 - Body Bionics - Kyoui no Shouuchuu Jintai (Japan);
"SLPM_866.89
SLPM_869.09";Wizardry Empire - Inishie no Oujo (Japan);
"SLPM_871.39
SLPM_872.97";Wizardry Empire II - Oujo no Isan (Japan);
SLPM_870.33;Jikkyou Powerful Pro Yakyuu 2002 - Haru (Japan);
SLPS_000.16;Jikkyou Powerful Pro Yakyuu '95 (Japan);
SLPM_865.78;Jikkyou Powerful Pro Yakyuu 2000 - Kaimakuban (Japan);
SLPM_868.07;Jikkyou Powerful Pro Yakyuu 2001 (Japan);
SLPS_009.17;Clock Tower - The First Fear (Japan);
"SLPM_867.91
SLPM_870.75";Konohana - TrueReport (Japan);
SLES_040.48;Paradise Casino (Europe);
SCES_003.93;Epidemic (Europe);
SLES_003.49;Blam! Machinehead (Europe);
SLPS_005.07;Gallop Racer (Japan);
SLPS_007.37;Magical Hoppers (Japan);
SLPS_015.13;Bio Hazard - Director's Cut - Dual Shock Ver. Complete Disc (Japan);
SCUS_943.76;Bust A Groove (USA) (Demo);
SLES_025.30;Resident Evil 3 - Nemesis (France);
SLPS_012.21;Namco Anthology 2 (Japan);
SLPM_866.49;Pop'n Music 4 - Append Disc (Japan);
SLPM_861.83;Pop'n Music (Japan);
"SLPM_862.94
SLPM_865.12";Pop'n Music 2 (Japan);
SLPM_864.15;Pop'n Music 3 - Append Disc (Japan);
SLPM_870.89;Pop'n Music 6 (Japan);
SLPM_869.37;Pop'n Music 5 (Japan);
SLPS_004.18;Open Golf, The - History of Turnberry (Japan);
SLPS_005.24;King of Parlor (Japan);
SLPS_014.23;King of Parlor 2 (Japan);
SLPS_016.31;Simple 1500 Series Vol. 1 - The Mahjong (Japan) (Culture Publishers);
"SLUS_804.21
SLUS_900.09";Resident Evil 2 (USA) (Demo);
SLPS_009.05;Ridegear Guybrave (Japan);
SLPS_020.33;NBA Live 99 (Japan);
SCPS_101.05;Brightis (Japan);
SLPM_864.07;R-C Stunt Copter (Japan);
SLES_028.38;Surf Riders (Europe);
SLES_036.29;Powerpuff Girls, The - Chemical X-Traction (Europe) (En,Fr,De,Es);
SLES_013.64;Eliminator (Europe) (En,Fr,De,Es,It);
SCUS_944.03;Philosoma (USA);
"SLPM_866.63
SLPM_872.62";Gensou Suiko Gaiden Vol. 2 - Crystal Valley no Kettou (Japan);
SLES_008.40;Oddworld - Abe's Oddysee (Italy);
SLES_027.54;Vagrant Story (Europe);
SLES_024.69;Vandal Hearts II (Europe) (En,Fr,De);
"SLES_015.04
SLES_015.04_P";Oddworld - Abe's Exoddus (Italy) (Disc 1);
"SLES_115.04
SLES_115.04_P";Oddworld - Abe's Exoddus (Italy) (Disc 2);
SLES_016.84;Tomb Raider III - Adventures of Lara Croft (Italy);
SLES_025.99;JoJo's Bizarre Adventure (Europe);
SLES_031.98;Danger Girl (Europe);
SLPS_014.28;JGTC - All Japan Grand Touring Car Championship (Japan);
SLES_039.73;Harry Potter and the Chamber of Secrets (Europe) (Es,It,Pt);
SLPS_011.21;Egg (Japan);
SCES_008.93;Disneys Hercules Action-Spiel (Germany);
SLPS_021.58;Finger Flashing (Japan);
SLPS_025.95;Kakuge Yarou - Fighting Game Creator (Japan);
SLPS_031.47;Super Robot Taisen Alpha Gaiden (Japan) (Shokai Genteiban);
SLES_005.96;Gex 3D - Enter the Gecko (Europe);
SLPS_002.40;Oracle no Houseki - Jewels of the Oracle (Japan) (En,Ja,Fr,De);
SLPM_874.06;Tobal 2 (Japan) (Rev 1);
SLPS_000.06;Nekketsu Oyako (Japan);
SLPS_002.70;Galaxian^3 (Japan);
SLPS_009.70;Kosodate Quiz My Angel (Japan);
SLPS_009.70;Kosodate Quiz My Angel (Japan) (Rev 1);
SLPM_860.15;Lightning Legend - Daigo no Daibouken (Japan);
"SLPM_862.46
SLPM_868.04";Burger Burger 2 (Japan);
SLPS_016.87;Simple 1500 Series Vol. 9 - The Chess (Japan) (Culture Publishers);
SLPS_024.45;Simple 1500 Series Vol. 9 - The Chess (Japan);
SLPS_006.35;Time Crisis (Japan) (Time Crisis + GunCon);
"SLPS_002.83
SLPS_911.92";Rockman X3 (Japan);
"SLPS_011.41
SLPS_911.35";Rockman Dash - Hagane no Boukenshin (Japan);
"SCPS_451.29
SLPS_010.70
SLPS_911.57";Bloody Roar - Hyper Beast Duel (Japan, Asia) (En,Ja);
SLPS_010.11;Cyberbots - Fullmetal Madness (Japan);
SLPS_016.34;Simple 1500 Series Vol. 4 - The Reversi (Japan) (Culture Publishers);
SLPS_021.78;Simple 1500 Series Vol. 11 - The Pinball 3D (Japan) (Culture Publishers);
"SLPS_016.90
SLPS_911.70";Meitantei Conan (Japan);
"SLPS_028.04
SLPS_034.56";Meitantei Conan - 3-nin no Meisuiri (Japan);
SLPS_032.51;From TV Animation One Piece - Tobidase Kaizokudan! (Japan) (PocketStation Doukon);
SLPS_007.31;Sangoku Musou (Japan);
SLPS_001.31;Two-Ten Kaku (Japan);
SLES_009.73;Resident Evil 2 (France) (Disc 1);
SLES_109.73;Resident Evil 2 (France) (Disc 2);
SLPS_024.52;Simple 1500 Series Vol. 16 - The Pachi-Slot (Japan);
SLPS_024.50;Simple 1500 Series Vol. 14 - The Block Kuzushi (Japan);
SLPS_015.12;Bio Hazard - Director's Cut - Dual Shock Ver. (Japan);
SLPS_030.82;Pet Pet Pet (Japan);
SLPS_006.33;Welcome House 2 - Keaton and His Uncle (Japan);
SLUS_006.72;Devil Dice (USA);
SLPS_012.63;Winning Post 3 (Japan);
"SLPM_861.28
SLPM_862.14
SLPM_862.83";Winning Post 3 - Program '98 (Japan);
SLPS_002.93;Winning Post 2 (Japan);
SCED_011.40;Essential PlayStation 9 (Europe, Australia);
SLPM_863.02;Winning Post 4 (Japan);
SLPM_864.45;Winning Post 4 - Program 2000 (Japan);
SLPS_001.89;Winning Post EX (Japan);
SLES_115.03;Oddworld - Abe's Exoddus (Germany) (Disc 2);
SLES_006.61;Wing Commander IV - The Price of Freedom (Germany) (Disc 1);
SLES_106.61;Wing Commander IV - The Price of Freedom (Germany) (Disc 2);
SLES_206.61;Wing Commander IV - The Price of Freedom (Germany) (Disc 3);
SLES_306.61;Wing Commander IV - The Price of Freedom (Germany) (Disc 4);
SLUS_000.77;Doom (USA) (Rev 1);
SLUS_003.31;Final Doom (USA);
SLPS_023.03;Simple 1500 Series Vol. 17 - The Bike Race (Japan) (Culture Publishers);
SLPS_024.53;Simple 1500 Series Vol. 17 - The Bike Race (Japan);
SLPS_014.41;Bakusou Dekotora Densetsu - Otoko Ippiki Yume Kaidou (Japan);
SLPS_026.91;Wizardry - Dimguil (Japan);
SLPS_006.32;Pebble Beach no Hatou Plus (Japan);
SLPS_016.33;Simple 1500 Series Vol. 3 - The Gomoku Narabe (Japan) (Culture Publishers);
SLPS_025.17;Yuukyuu Gensoukyoku 3 - Perpetual Blue (Japan);
SLES_024.71;Medal of Honor (France);
SLPS_010.20;Winning Post 2 - Final '97 (Japan);
SLPS_024.41;Simple 1500 Series Vol. 5 - The Igo (Japan);
SLPS_024.34;Simple 1500 Series Vol. 20 - The Puzzle (Japan);
SLPS_014.97;3x3 Eyes - Tenrin'ou Genmu (Japan) (Disc 1);
SLPS_014.98;3x3 Eyes - Tenrin'ou Genmu (Japan) (Disc 2);
SLPS_014.99;3x3 Eyes - Tenrin'ou Genmu (Japan) (Disc 3);
"SLPS_017.42
SLPS_023.27";Yuukyuu Gensoukyoku Ensemble (Japan);
"SLPS_018.75
SLPS_023.28";Yuukyuu Gensoukyoku Ensemble 2 (Japan);
SLPS_009.55;Yuukyuu Gensoukyoku (Japan) (Genteiban);
SLPS_029.11;Yuukyuu Kumikyoku - All Star Project (Japan);
SLPS_020.34;Fantastic Night Dreams - Cotton Original (Japan);
SLES_032.17;Mat Hoffman's Pro BMX (Europe, Australia);
SLUS_001.73;D (USA) (Disc 2);
SLUS_001.74;D (USA) (Disc 3);
SLUS_001.28;D (USA) (Disc 1);
SLPS_024.38;Simple 1500 Series Vol. 2 - The Shougi (Japan);
SLPS_016.84;Simple 1500 Series Vol. 6 - The Hanafuda (Japan) (Culture Publishers);
SLPS_016.86;Simple 1500 Series Vol. 8 - The Solitaire (Japan) (Culture Publishers);
SLPS_024.33;Simple 1500 Series Vol. 18 - The Bowling (Japan);
SLPS_024.71;Simple 1500 Series Vol. 21 - The Yakyuu (Japan);
SLPM_867.19;Simple 1500 Series Vol. 21 - The Yakyuu - Pro Yakyuu Jitsumeiban (Japan);
SLPS_024.74;Simple 1500 Series Vol. 24 - The Gun Shooting (Japan);
SLPS_022.28;Simple 1500 Series Vol. 26 - The Tennis (Japan);
SLPS_026.30;Simple 1500 Series Vol. 27 - The Snowboard (Japan);
SLPS_015.10;Biohazard 2 - Dual Shock Ver. (Japan) (Disc 1) (Leon-hen);
SLPS_015.11;Biohazard 2 - Dual Shock Ver. (Japan) (Disc 2) (Claire-hen);
SLPS_019.66;Waku Puyo Dungeon - Ketteiban (Japan);
SLPS_026.15;Vigilante 8 - 2nd Battle (Japan);
SLUS_008.36;Vegas Games 2000 (USA);
"PBPX_950.09
SCUS_942.68
SCUS_942.73";Interactive CD Sampler Disc Volume 8 (USA);
SLES_007.66;Mega Man - Battle & Chase (Europe);
SCED_012.29;PlayStation Kids (Europe);
SCES_019.96;Tiny Toon Adventures - Buster and the Beanstalk (Europe) (Fr,De,It);
SLED_013.11;Adidas Power Soccer 98 (Germany) (Demo);
SLES_032.23;Dino Crisis 2 (Germany);
SCED_013.07;Fussball Spezial 01 (Germany);
SLED_020.42;PlayStation Zone CD Vol. 7 (Germany);
SLED_024.36;PlayStation Zone CD Vol. 14 (Germany);
SLUS_008.87;Action Man - Operation Extreme (USA);
SLUS_015.07;Rescue Copter (USA);
SLPM_862.74;Reikoku - Ikeda Kizoku Shinrei Kenkyuujo (Japan);
SCED_011.21;Euro Demo 04-98 (Germany);
SCED_011.22;Euro Demo 05-98 (Germany);
SCED_011.29;Euro Demo 12-98 (Germany);
SCED_011.30;Euro Demo 01-99 (Germany);
"SCPS_454.51
SLPM_863.55";Tokimeki Memorial 2 (Japan, Asia) (Disc 1);
"SCPS_454.52
SLPM_863.56";Tokimeki Memorial 2 (Japan, Asia) (Disc 2);
"SCPS_454.53
SLPM_863.57";Tokimeki Memorial 2 (Japan, Asia) (Disc 3);
"SCPS_454.54
SLPM_863.58";Tokimeki Memorial 2 (Japan, Asia) (Disc 4);
"SCPS_454.55
SLPM_863.59";Tokimeki Memorial 2 (Japan, Asia) (Disc 5);
SCED_018.36;Euro Demo 05-99 (Germany);
"SLPS_023.20
SLPS_029.69";Silver Jiken - The Silver (Japan);
SLPM_864.61;SuperLite 1500 Series - Fantastic Night Dreams - Cotton Original (Japan);
SCED_018.38;Euro Demo 07-99 (Germany);
SCED_018.48;Euro Demo 05-00 (Germany);
SCED_026.64;Euro Demo 11-00 (Germany);
SCED_026.65;Euro Demo 12-00 (Germany);
SCED_026.69;Euro Demo 04-01 (Germany);
SCED_006.77;Euro Demo 12 (Germany);
SCED_006.80;Euro Demo 15 (Germany);
SLPS_029.59;Simple 1500 Series Vol. 38 - The Real Racing - Toyota (Japan);
SLPS_029.10;Simple 1500 Series Vol. 35 - The Shooting (Japan);
SLPS_029.08;Simple 1500 Series Vol. 33 - The Takkyuu (Japan);
SLPS_027.56;Simple 1500 Series Vol. 30 - The Basket - 1 on 1 Plus (Japan);
SLUS_000.23;Agile Warrior - F-111X (USA);
SCUS_944.24;Bloody Roar II (USA);
SLUS_012.63;NASCAR 2001 (USA);
SLUS_010.08;Smurfs, The (USA) (En,Fr,Es);
SLUS_002.76;Need for Speed II (USA);
SLPM_868.60;Sangoku Musou (Japan) (Rev 1);
SLUS_014.56;Austin Powers Pinball (USA);
SLES_034.36;Digimon World (Spain);
SLUS_006.32;VR Baseball 99 (USA);
"LSP_903174
LSP_90317401";Three Decoders 1, The - Riddle of the Ring (USA);
"SLPS_021.08
SLPS_912.03";Tron ni Kobun (Japan);
"SLPS_021.09
SLPS_912.04";Rockman Dash 2 - Episode 1 - 'Roll-chan Kiki Ippatsu!' no Maki (Japan) (Demo);
SLUS_002.81;VR Baseball '97 (USA);
"SLPS_017.82
SLPS_032.28";Backgammon (Japan);
SLPS_024.09;Perfect Fishing - Bass Tsuri (Japan);
SLUS_005.24;Road Rash 3D (USA);
SLUS_010.53;Road Rash - Jailbreak (USA);
SLES_006.45;Herc's Adventures (Spain);
SLUS_001.23;VMX Racing (USA);
SLUS_011.44;Bugs Bunny & Taz - Time Busters (USA) (En,Fr,Es);
"LSP_903181
LSP_90318101";Three Decoders 2, The - Key to the Carousel (USA);
SLUS_009.02;Silent Bomber (USA);
"LSP_020450_0.1
LSP_903372
Part_#903372";Secret of Googol 5, The - Googolfest - Party Isle & Toy Isle (USA);
SLUS_008.18;Street Sk8er (USA);
SCUS_941.10;Sentient (USA);
SLUS_011.89;Bomberman - Party Edition (USA);
SLUS_007.92;Civilization II (USA);
"SLUS_003.77
SLUS_003.77GH";Ten Pin Alley (USA);
SLES_009.15;FIFA - En Route pour la Coupe du Monde 98 (France) (En,Fr,De,Es,Nl,Sv);
SLES_033.36;Tomb Raider Chronicles (Spain);
SLUS_004.26;MDK (USA);
SLUS_003.55;Duke Nukem - Total Meltdown (USA);
SCUS_942.47;Rally Cross 2 (USA);
SCUS_944.05;Assault Rigs (USA);
"LSP_010160_0.1
LSP_903044";Mars Moose Stay and Play 1 - In the Clubhouse (USA);
SLUS_005.63;Riven - The Sequel to Myst (USA) (Disc 2);
SLUS_005.64;Riven - The Sequel to Myst (USA) (Disc 3);
SLUS_005.65;Riven - The Sequel to Myst (USA) (Disc 4);
SLUS_900.36;Duke Nukem - Time to Kill (USA) (Demo);
SLPS_003.44;Idol Promotion - Suzuki Yumie (Japan) (Yumie Island);
SLPS_003.43;Idol Promotion - Suzuki Yumie (Japan);
SLPS_029.09;Simple 1500 Series Vol. 34 - The Quiz Bangumi (Japan);
SLPS_030.04;Simple 1500 Series Vol. 39 - The Mahjong 2 (Japan);
SLPS_029.22;Simple 1500 Series Vol. 32 - The Boxing (Japan);
SCUS_949.66;Interactive CD Sampler Pack Volume Three (Version 3.5) (USA) (Rev 1);
SLPS_018.32;Luftwaffe - Deutsch Kuugun o Shiki seyo (Japan);
SIPS_600.02;3D Lemmings (Japan);
SIPS_600.27;Nightmare Creatures (Japan);
"SLPS_000.47
SLPS_021.04";Missland (Japan);
SLPS_017.15;Missland 2 (Japan);
"LSP_020570_0.1
LSP_903389
Part_#903389";Secret of Googol 6, The - Googolfest - Arcade Isle & Moon Feast Isle (USA);
"SLPS_000.05
SLPS_015.64
SLPS_028.28";Mahjong Station Mazin (Japan) (Rev 1);
SLPM_863.63;Chaos Break (Japan);
SCPS_180.04;Quest for Fame - Be a Virtual Rock Legend (Japan) (Disc 1);
SCPS_180.05;Quest for Fame - Be a Virtual Rock Legend (Japan) (Disc 2);
SLPS_000.75;World Stadium EX (Japan);
SLPS_000.75;World Stadium EX (Japan) (Rev 1);
"LSP_010260
LSP_01026001
LSP_903051";Mars Moose Stay and Play 2 - In Mars' Bedroom (USA);
"LSP_010350_0.1
LSP_903129";Liquid Books Adventure 3 - Far-Fetched Frontier Tales (USA);
"LSP_010355_0.1
LSP_903136";Liquid Books Adventure 4 - The Adventures of Adelita and Bo (USA);
SLPS_030.05;Simple 1500 Series Vol. 42 - The Igo 2 (Japan);
SLPS_030.36;Simple 1500 Series Vol. 45 - The Block Kuzushi 2 (Japan);
SLPS_021.10;'99 Koushien (Japan);
SLPS_000.50;Night Striker (Japan);
SLUS_008.62;Next Tetris, The (USA);
SLES_015.38;Nickelodeon Rugrats - Search for Reptar (Europe);
SCES_015.65;X-Files, The (Europe, Australia) (Disc 1);
SCES_115.65;X-Files, The (Europe, Australia) (Disc 2);
SCES_215.65;X-Files, The (Europe, Australia) (Disc 3);
SCES_315.65;X-Files, The (Europe, Australia) (Disc 4);
SLPS_017.35;Civilization II (Japan);
SLES_018.76;Need for Speed - High Stakes (Australia);
SCUS_943.98;Um Jammer Lammy (USA) (Demo);
"SLUS_012.17
SLUS_012.17A";RayCrisis - Series Termination (USA);
"SLPS_000.73
SLPS_910.17";Dragon Ball Z - Ultimate Battle 22 (Japan);
SLES_006.59;Wing Commander IV - The Price of Freedom (Europe) (Disc 1);
SLES_106.59;Wing Commander IV - The Price of Freedom (Europe) (Disc 2);
SLES_206.59;Wing Commander IV - The Price of Freedom (Europe) (Disc 3);
SLES_306.59;Wing Commander IV - The Price of Freedom (Europe) (Disc 4);
SCED_037.85;Euro Demo 82 (Europe);
SLPM_867.02;Simple 1500 Series Vol. 52 - The Pro Wrestling 2 (Japan);
SLPM_867.01;Simple 1500 Series Vol. 53 - The Helicopter (Japan);
SLPM_867.62;Simple 1500 Series Vol. 56 - The Sniper (Japan);
SLUS_004.93;Dragon Ball GT - Final Bout (USA);
SLUS_004.68;Shadow Madness (USA) (Disc 1);
SLUS_007.18;Shadow Madness (USA) (Disc 2);
SLUS_000.50;Silverload (USA);
SLUS_009.97;South Park - Chef's Luv Shack (USA);
SLUS_005.05;San Francisco Rush - Extreme Racing (USA);
SLUS_000.07;Alien Trilogy (USA);
SLPS_018.79;AirRace Championship (Japan);
SLES_037.39;Dragon Ball Z - Ultimate Battle 22 (Spain);
"SLPS_019.00
SLPS_032.34";Uchuu Senkan Yamato - Haruka naru Hoshi Iscandar (Japan) (Rev 1);
SLUS_000.35;Road Rash (USA);
SLUS_014.50;Street Racquetball (USA);
SLUS_013.91;Cabela's Big Game Hunter - Ultimate Challenge (USA);
SLPS_030.10;Simple 1500 Series Vol. 41 - The Reversi 2 (Japan);
SLPM_866.99;Simple 1500 Series Vol. 49 - The Casino (Japan);
SLPM_866.98;Simple 1500 Series Vol. 48 - The Puzzle 2 (Japan);
SLPS_030.35;Simple 1500 Series Vol. 46 - The Mahjong Ochigee - Raku Jongg (Japan);
SLPS_030.09;Simple 1500 Series Vol. 43 - The Hanafuda 2 (Japan);
SLUS_014.70;Aces of the Air (USA);
SLUS_003.35;Crypt Killer (USA);
SLUS_014.75;Amazing Virtual Sea-Monkeys, The (USA) (En,Es);
SLPM_872.16;Jikkyou Powerful Pro Yakyuu - Premium-ban (Japan);
SLPM_864.33;Jikkyou Powerful Pro Yakyuu '99 - Ketteiban (Japan);
SLPM_866.94;Jikkyou Powerful Pro Yakyuu 2000 - Ketteiban (Japan);
SLUS_004.88;Bravo Air Race (USA);
"SLPS_021.67
SLPS_914.25";Echo Night 2 - Nemuri no Shihaisha (Japan);
SCUS_941.87;Porsche Challenge (USA) (En,Fr,Es);
SLUS_005.03;Maximum Force (USA);
SLUS_008.40;Test Drive Off-Road 3 (USA);
SLUS_012.98;Sheep (USA);
SLUS_003.96;Test Drive Off-Road (USA);
SLUS_006.34;Croc 2 (USA);
SLUS_011.87;Mummy, The (USA);
SCUS_946.02;Myst (USA);
SLUS_013.05;Contender 2 (USA);
SLUS_006.79;Trap Gunner (USA);
SLUS_010.05;EA Sports Supercross 2000 (USA);
SLPS_003.52;Vadims (Japan);
SLPM_863.24;Jet de Go! Let's Go by Airliner (Japan) (JAL Kinai Hanbai Gentei);
SLPS_005.46;Aubirdforce (Japan);
SLPS_028.40;Simple 1500 Series Vol. 31 - The Sound Novel (Japan);
SLPS_031.54;Sister Princess (Japan) (Disc 1) (Shokai Genteiban);
SLPS_031.55;Sister Princess (Japan) (Disc 2) (Shokai Genteiban);
"SLPS_031.56
SLPS_915.00";Sister Princess (Japan) (Disc 1);
"SLPS_031.57
SLPS_915.01";Sister Princess (Japan) (Disc 2);
"SLPS_035.21
SLPS_915.27";Sister Princess 2 (Japan) (Disc 1) (Shokai Genteiban);
"SLPS_035.22
SLPS_915.28";Sister Princess 2 (Japan) (Disc 2) (Shokai Genteiban);
SLPS_035.23;Sister Princess 2 (Japan) (Disc 1);
SLPS_035.24;Sister Princess 2 (Japan) (Disc 2);
"SLPS_017.60
SLPS_023.86";Janhai Yuugi '99 - Tanuki no Kawazanyou (Japan);
SLPS_001.73;Alnam no Kiba - Juuzoku Juuni Shinto Densetsu (Japan);
SLUS_000.12;Revolution X - Music Is the Weapon (USA);
SLPM_868.41;Simple 1500 Series Vol. 64 - The Kick Boxing (Japan);
SLPM_867.13;Simple 1500 Series Vol. 54 - The Volleyball - Break Volley Plus (Japan);
SLPM_868.40;Simple 1500 Series Vol. 66 - The Kaiten - Mawasundaa!! (Japan);
SLPS_028.05;Punch the Monkey! Game Edition (Japan);
SIPS_600.21;Twisted Metal EX - World Tour (Japan);
SLPM_868.03;Simple 1500 Series Vol. 61 - The Quiz 2 (Japan);
SLPM_867.54;Castlevania Chronicle - Akumajou Dracula (Japan) (Rev 1);
SLPM_870.58;World Greatest Hits Series Vol. 1 - Pro Pinball - Big Race USA (Japan);
SLPS_006.89;Yaku Tsuu - Noroi no Game (Japan);
SLUS_007.46;Street Fighter Collection 2 (USA);
SCUS_949.57;Interactive CD Sampler Pack Volume 2 (USA);
SLPS_018.07;Eve - The Lost One (Japan) (Disc 3) (Lost One Disc);
SLPS_018.06;Eve - The Lost One (Japan) (Disc 2) (Snake Disc);
SLPS_018.05;Eve - The Lost One (Japan) (Disc 1) (Kyoko Disc);
SLPS_018.08;Eve - The Lost One (Japan) (Disc 4) (Premium Disc);
SCUS_942.80;Official U.S. PlayStation Magazine Demo Disc 18 (USA);
SCUS_942.81;Official U.S. PlayStation Magazine Demo Disc 19 (USA);
SCUS_944.30;Official U.S. PlayStation Magazine Demo Disc 22 (USA);
SCUS_944.33;Official U.S. PlayStation Magazine Demo Disc 25 (USA);
SCUS_942.82;Official U.S. PlayStation Magazine Demo Disc 20 (USA);
SCUS_944.34;Official U.S. PlayStation Magazine Demo Disc 26 (USA);
SCUS_944.35;Official U.S. PlayStation Magazine Demo Disc 27 (USA);
SCUS_944.36;Official U.S. PlayStation Magazine Demo Disc 28 (USA);
SCUS_944.38;Official U.S. PlayStation Magazine Demo Disc 30 (USA);
SCUS_944.99;Official U.S. PlayStation Magazine Demo Disc 31 (USA);
SCUS_946.17;Official U.S. PlayStation Magazine Demo Disc 38 (USA);
SCUS_945.96;Official U.S. PlayStation Magazine Demo Disc 35 (USA);
SCUS_945.99;Official U.S. PlayStation Magazine Demo Disc 36 (USA);
SLES_027.28;Submarine Commander (Europe);
SLPS_002.47;King of Stallion (Japan);
"SLPS_002.38
SLPS_911.37";Honkaku Mahjong - Tetsuman Special (Japan) (Rev 1);
SCES_023.65;Barbie - Race & Ride (Europe);
SLES_038.03;Detective Barbie - The Mystery Cruise (Europe);
SLES_008.57;Adidas Power Soccer 2 (Europe) (En,Fr,De,Es,It,Nl);
SLPS_000.87;Perfect Golf, The (Japan);
SLPS_000.41;Gussun Oyoyo (Japan);
SLPS_008.19;Treasure Gear (Japan);
SLPM_867.61;Simple 1500 Series Vol. 60 - The Table Hockey (Japan);
SLPM_869.70;Simple 1500 Series Vol. 79 - The Shisenshou (Japan);
SLPM_869.15;Simple 1500 Series Vol. 77 - The Suiei (Japan);
SLPM_869.01;Simple 1500 Series Vol. 74 - The Horror Mystery - Sangeki-kan - Kevin Hakushaku no Fukkatsu (Japan);
"SLPM_867.89
SLPS_002.34
SLPS_910.42";Taikou Risshiden II (Japan) (Rev 1);
SLPS_005.72;Rescue 24 Hours (Japan);
SLPS_028.47;Chakushin Melody da mon Gold (Japan);
SLPS_026.01;Chakushin Melody da mon Volume. 3 (Japan);
SLPS_027.07;Chakushin Melody da mon Volume. 4 (Japan);
SLPS_016.09;Million Classic (Japan) (Disc 1) (Honpen Game Sen'you);
SLPS_016.10;Million Classic (Japan) (Disc 2) (Taisen Game Sen'you);
SLPS_016.55;Another Mind (Japan);
SLPS_034.70;Dragon Drive - Tactics Break (Japan);
"SLPS_006.09
SLPS_910.51";Time Bokan Series - Bokan to Ippatsu! Doronbow (Japan);
SLPS_031.33;Time Bokan Series - Bokan GoGoGo (Japan);
SLPM_870.26;Simple 1500 Series Vol. 87 - The Kyoutei (Japan);
SLPM_869.74;Simple 1500 Series Vol. 84 - The Intro Quiz (Japan);
SLPM_869.73;Simple 1500 Series Vol. 82 - The Sensuikan (Japan);
SLPM_869.72;Simple 1500 Series Vol. 81 - The Ren'ai Adventure - Okaeri! (Japan);
SLUS_014.20;Spec Ops - Covert Assault (USA);
SLUS_014.47;Spec Ops - Airborne Commando (USA);
SLUS_013.20;NCAA March Madness 2001 (USA);
SLPS_022.44;Zipangu-jima - Unmei wa Saikoro ga Kimeru! (Japan) (Demo 1);
SLPS_022.43;Remote Control Dandy (Japan);
SLPS_029.93;Hokuto no Ken - Seikimatsu Kyuuseishu Densetsu (Japan);
SLPS_004.90;Power Rangers Pinball (Japan);
"SCPS_100.83
SCPS_453.95";Spyro the Dragon (Japan, Asia) (Shokai Genteiban);
SLPS_003.81;Shin Fortune Quest - Shokutaku no Kishitachi (Japan);
SLUS_013.06;M&M's - Shell Shocked (USA);
SLUS_011.97;Grinch, The (USA) (En,Fr,Es);
SLUS_006.18;Triple Play 99 (USA) (En,Es);
SLUS_008.27;Triple Play 2000 (USA);
SLUS_000.18;Madden NFL 97 (USA);
SLUS_009.98;NBA Live 2000 (USA);
SLPS_028.21;Happy Salvage (Japan);
SLPS_028.22;Happy Salvage - Otakara Disc (Japan);
SLES_028.88#;Spider-Man (Germany);
SLES_027.12;Mort the Chicken (Europe);
SLES_032.57;Disneys Tiggers Honigjagd (Germany);
SLES_033.13;Disney-Pixar Captain Buzz Lightyear - Star Command (Germany);
SCES_024.60;Disney-Pixar A Bug's Life - Disneys Malen und Spielen (Germany);
SLES_041.76#;Shoot (Germany);
SLPS_022.32;Getter Robo Daikessen! (Japan);
SLPS_022.75;Devil Man (Japan);
SLUS_005.16;Madden NFL 98 (USA) (Alt);
"SLPS_003.55
SLPS_910.35";Dragon Ball Z - Idainaru Dragon Ball Densetsu (Japan);
SLES_031.81;Tom and Jerry in House Trap (Europe) (En,Fr,De,Es,It,Nl,Da);
SLES_032.26;Army Men - Air Attack 2 (Europe);
SLES_041.74/GER;Moorhuhn X (Germany) (En,De);
SLES_026.18;Brunswick Circuit Pro Bowling 2 (Europe);
"SLPM_866.18
SLPS_002.84
SLPS_910.18";Puzzle Bobble 2 (Japan);
SLPM_870.70;Simple 1500 Series Vol. 95 - The Hikouki (Japan);
SLPS_015.72;MonsterSeed (Japan);
SLUS_000.76;Loaded (USA) (En,Fr);
SLUS_013.99;Panzer Front (USA);
SLUS_004.28;Critical Depth (USA);
SLES_040.91;Baldies (Europe);
SLPS_026.39;World Never Island (Japan);
SLPS_006.03;Mahjong Taikai II Special (Japan);
SLPS_026.52;Seireiki Rayblade (Japan);
SLPS_002.24;Hard Rock Cab (Japan);
SCUS_944.27;Tiny Tank (USA);
SLPS_004.54;Kid Clown no Crazy Chase 2 - Love Love Honey Soudatsusen (Japan);
"SLPS_011.14
SLPS_028.65";Shinshuku Taisen - It's a Nony! (Japan);
SCUS_941.88;Hot Shots Golf (USA);
SLUS_002.88;Contra - Legacy of War (USA);
SLES_003.14;Monster Trucks (Europe);
SLPS_022.91;Pixygarden (Japan) (Disc 2) (Extra Disc);
SLPS_022.90;Pixygarden (Japan) (Disc 1) (Game Disc);
SLUS_007.79;WCW-nWo Thunder (USA);
SLUS_000.53;Cyberia (USA);
SLUS_008.51;Re-Volt (USA);
SLUS_003.03;Allied General (USA);
"SLUS_009.55
SLUS_009.55CE
SLUS_009.55GH";Sled Storm (USA, Canada);
SLUS_010.12;Renegade Racers (USA);
SLUS_002.19;Blast Chamber (USA);
SLUS_007.73;Asteroids (USA);
SLUS_002.28;Big Bass World Championship (USA);
"SLPM_867.78
SLPS_015.85";Capcom Generation - Dai-2-shuu Makai to Kishi (Japan);
"SLPS_014.62
SLPS_911.51
SLPS_915.03";Akagawa Jirou - Yasoukyoku (Japan);
SCPS_910.27;Motor Toon Grand Prix - USA Edition (Japan);
SLUS_003.71;Pro-Pinball (USA);
SLUS_004.70;Machine Hunter (USA);
SLUS_008.07;Centipede (USA);
SCUS_946.07;Tail of the Sun (USA);
SLUS_000.47;NFL Full Contact (USA);
SLUS_000.52;Chessmaster 3-D, The (USA);
SCUS_946.58;Official U.S. PlayStation Magazine Demo Disc 50 (USA);
SCUS_946.62;Official U.S. PlayStation Magazine Demo Disc 52 (USA);
SCUS_946.64;Official U.S. PlayStation Magazine Demo Disc 54 (USA);
SLUS_001.46;Pitball (USA);
SLUS_011.24;Rock 'Em Sock 'Em Robots Arena (USA);
SLES_026.02;Alundra 2 - Der Beginn einer neuen Legende (Germany);
SLPM_867.15;Simple 1500 Series Vol. 57 - The Meiro (Japan);
SLPS_030.37;Simple 1500 Series Vol. 47 - The Skateboard (Japan);
SLPM_867.14;Simple 1500 Series Vol. 55 - The Darts (Japan);
SLUS_007.97;R4 - Ridge Racer Type 4 (USA);
SLUS_900.49;Ridge Racer Bonus Turbo Mode Disc (USA);
SLPM_806.43;10th Anniversary Memorial Save Data (Japan) (Disc 1) (PlayStation Taiou);
SLPM_867.12;Simple 1500 Series Vol. 78 - The Zeroyon (Japan);
SLPM_868.01;Simple 1500 Series Vol. 62 - The Ski (Japan);
SLPM_870.17;Simple 1500 Series Vol. 86 - The Onigokko (Japan);
"SLPS_016.71
SLPS_029.16";Juggernaut - Senritsu no Tobira (Japan) (Disc 1);
"SLPS_016.72
SLPS_029.17";Juggernaut - Senritsu no Tobira (Japan) (Disc 2);
"SLPS_016.73
SLPS_029.18";Juggernaut - Senritsu no Tobira (Japan) (Disc 3);
SLUS_014.53;MTV Celebrity Deathmatch (USA);
"SLUS_014.02
SLUS_014.02
SLUS_014.02CE";Madden NFL 2002 (USA, Canada);
SLUS_012.48;Action Bass (USA);
SLPM_804.85;Biohazard 3 - Last Escape (Japan) (Demo);
SCES_013.30;Tombi! (Europe) (En,Fr,De,It,Nl);
SLES_027.82;Speedball 2100 (Europe) (En,Fr,De,Es,It);
SLES_000.71;Shockwave Assault (Europe) (Disc 1) (Shockwave - Invasion Earth);
SLES_100.71;Shockwave Assault (Europe) (Disc 2) (Shockwave - Operation Jumpgate);
SLES_009.29;Psybadek (Europe) (En,Fr,De,Es,It);
SLUS_011.62;Mike Tyson Boxing (USA) (En,Fr,Es);
SLUS_002.20;Battle Arena Toshinden 2 (USA);
SLES_036.63;Harry Potter and the Philosopher's Stone (Europe) (Es,It,Pt);
SLES_008.56;G-Police (Spain) (Disc 1);
SLES_108.56;G-Police (Spain) (Disc 2);
SLES_015.85;FIFA 99 (France) (En,Fr,De,Es,Nl,Sv);
SLES_039.81;FIFA Football 2003 (Spain);
SLES_031.48;Tiger Woods PGA Tour Golf (Europe);
SLES_028.07;UEFA Challenge (Europe) (Fr,Es,It,Pt);
SLUS_001.52;Tomb Raider (USA);
SLUS_010.64;Sammy Sosa Softball Slam (USA);
SLUS_006.05;Mortal Kombat 4 (USA);
SLUS_001.62;Casper (USA);
SLUS_006.17;NFL Blitz (USA);
SLPS_009.29;GunBullet (Japan) (GunBullet + GunCon);
SLPS_017.87;London Seirei Tanteidan (Japan);
SLUS_005.45;Shadow Master (USA);
SLPS_013.93;Sankyo Fever - Jikki Simulation Vol. 3 (Japan);
SLPS_002.64;Sankyo Fever - Jikki Simulation (Japan);
SLPS_011.76;Sankyo Fever - Jikki Simulation Vol. 2 (Japan);
SLPS_000.77;Douga de Puzzle da! Puppukupuu (Japan);
SLPM_871.74;Kaette Kita Cyborg Kuro-chan (Japan);
"SLPM_869.26
SLPS_019.41";Kotobuki Grand Prix - Mezase! Genchari King (Japan);
SLUS_012.27;Simpsons Wrestling, The (USA);
SLPS_025.56;Chakushin Melody da mon Volume. 2 (Japan);
SLPS_024.22;Chakushin Melody da mon (Japan);
SCES_017.70;Destrega (Germany);
SLPS_018.31;Animetic Story Game 1 - Cardcaptor Sakura (Japan) (Disc 2);
SLPS_018.30;Animetic Story Game 1 - Cardcaptor Sakura (Japan) (Disc 1);
SLUS_009.63;WCW Mayhem (USA);
SLUS_000.89;TNN Motor Sports HardCore 4X4 (USA);
SLUS_006.06;Dead or Alive (USA);
SLUS_010.44;BattleTanx - Global Assault (USA);
SLUS_010.94;Backyard Soccer (USA);
SLPM_870.36;Simple 1500 Series Vol. 92 - The Tozan RPG - Ginrei no Hasha (Japan);
SLPM_870.76;Simple 1500 Series Vol. 94 - The Cameraman - Gekisha Boy Omake Tsuki (Japan);
SLPM_870.71;Simple 1500 Series Vol. 96 - The Yakyuu 2 - 2002 Pro Yakyuu (Japan);
SLUS_001.26;Primal Rage (USA);
SLUS_005.76;Crime Killer (USA);
SLUS_000.32;Top Gun - Fire at Will! (USA);
SLUS_006.25;VR Sports Powerboat Racing (USA);
SLUS_000.36;Darkstalkers - The Night Warriors (USA);
SLUS_002.41;Star Fighter (USA);
SLPM_871.41;Simple 1500 Series Vol. 100 - The Uchuu Hikoushi (Japan);
SLPM_870.87;Simple 1500 Series Vol. 98 - The Futsal (Japan);
SLPS_025.00;Nainai no Meitantei (Japan);
SLPS_034.51;Kyoutei Wars Makuru 6 (Japan);
SLPS_011.02;Hybrid (Japan);
SLPS_020.41;Matsukata Hiroki no World Fishing (Japan) (BPS the Choice);
SLPS_004.23;Nobunaga no Yabou - Returns (Japan);
SLPS_028.99;Uranai 4, The - Harapeko Kuma no Kaiun Kabbalah Uranai (Japan);
SLUS_007.84;Animaniacs - Ten Pin Alley (USA);
"SLPS_001.59
SLPS_025.93";Koten Tsumego-shuu - Shijin no Maki (Japan);
SLES_009.18;FIFA - Rumbo al Mundial 98 (Spain) (En,Fr,De,Es,Nl,Sv);
SLES_034.81;50 por 15 - Quiere Ser Millonario (Spain);
SLUS_010.38;Disney's Story Studio - Mulan (USA);
SLUS_000.99;Street Racer (USA);
SLUS_006.42;Blast Radius (USA);
SLUS_010.83;Street Sk8er 2 (USA);
SLPM_864.27;SuperLite 1500 Series - NumCro 2 (Japan);
SLPM_865.34;SuperLite 1500 Series - NumCro 3 (Japan);
SLUS_002.00;Extreme Pinball (USA);
SLUS_003.95;Fantastic Four (USA);
SLUS_003.70;Bubble Bobble also featuring Rainbow Islands (USA);
SLUS_007.80;Caesars Palace II (USA);
SLPM_864.42;SuperLite 1500 Series - Tower Dream 2 (Japan);
SLPM_864.97;SuperLite 1500 Series - Deep Freeze (Japan);
SLPM_862.76;SuperLite 1500 Series - Pangaea (Japan);
SLUS_011.03;Mobil 1 Rally Championship (USA);
SLUS_002.25;Impact Racing (USA);
SLUS_004.45;NBA in the Zone '98 (USA);
SLUS_001.22;Freestyle Motocross - McGrath vs. Pastrana (USA);
SLUS_006.44;World Cup 98 (USA) (En,Fr,De,Es,Nl,Sv,Da);
SLPM_865.18;SuperLite 1500 Series - Quiz Master - Yellow (Japan);
SLPM_865.17;SuperLite 1500 Series - Quiz Master - Blue (Japan);
SLPM_865.16;SuperLite 1500 Series - Quiz Master - Red (Japan);
SCUS_942.14;Official U.S. PlayStation Magazine Demo Disc 07 (USA);
SCUS_942.16;Official U.S. PlayStation Magazine Demo Disc 09 (USA);
SCUS_942.17;Official U.S. PlayStation Magazine Demo Disc 10 (USA);
SCUS_942.18;Official U.S. PlayStation Magazine Demo Disc 11 (USA);
SCUS_942.19;Official U.S. PlayStation Magazine Demo Disc 12 (USA);
SCUS_942.75;Official U.S. PlayStation Magazine Demo Disc 13 (USA);
SCUS_942.76;Official U.S. PlayStation Magazine Demo Disc 14 (USA);
SCUS_942.77;Official U.S. PlayStation Magazine Demo Disc 15 (USA);
SCUS_942.78;Official U.S. PlayStation Magazine Demo Disc 16 (USA);
SCUS_942.79;Official U.S. PlayStation Magazine Demo Disc 17 (USA);
SCUS_945.91;Official U.S. PlayStation Magazine Demo Disc 33 (USA);
SCUS_946.22;Official U.S. PlayStation Magazine Demo Disc 39 (USA);
SCUS_946.28;Official U.S. PlayStation Magazine Demo Disc 40 (USA);
SCUS_946.30;Official U.S. PlayStation Magazine Demo Disc 41 (USA);
SCUS_946.45;Official U.S. PlayStation Magazine Demo Disc 45 (USA);
SCUS_946.49;Official U.S. PlayStation Magazine Demo Disc 46 (USA);
SCUS_946.52;Official U.S. PlayStation Magazine Demo Disc 47 (USA);
SCUS_946.55;Official U.S. PlayStation Magazine Demo Disc 48 (USA);
"SCUS_942.57
SCUS_942.57A";Gran Turismo (USA) (Demo);
SLUS_900.22;Vigilante 8 (USA) (Demo);
SCUS_944.89;Ape Escape (USA) (Demo) (SCUS-94489) (EDC);
SCUS_943.66;Legend of Legaia (USA) (Demo);
SLUS_900.10;ASCII Entertainment Demo CD (USA);
SCUS_949.59;Interactive CD Sampler Pack Volume Three (USA);
SCUS_942.92;Pizza Hut Demo CD (USA);
SLUS_900.08;Namco Demo CD (USA);
"PBPX_950.03
SCUS_942.32";Interactive CD Sampler Disk Volume 5 (USA);
SLUS_005.15;Lost World, The - Jurassic Park (USA);
SLPM_863.18;SuperLite 1500 Series - Pachi-Slot Hisshouhou! Sammy Revolution (Japan);
SLPM_863.65;SuperLite 1500 Series - Super Casino Special (Japan);
SCUS_942.04;Spawn - The Eternal (USA);
SLPM_862.39;SuperLite 1500 Series - Asteroids (Japan);
SLUS_002.75;Theme Hospital (USA);
SCUS_946.51;PlayStation Kiosk Demo Disc Version 1.16 (USA);
SLPM_866.33;SuperLite 1500 Series - Yoshimoto Mahjong Club (Japan);
SLPM_864.01;SuperLite 1500 Series - Uno (Japan);
SLPM_862.60;SuperLite 1500 Series - Pinball - Golden Logres (Japan);
SLPM_866.61;SuperLite 1500 Series - Space Chaser 2000 (Japan);
SLPM_866.60;SuperLite 1500 Series - Crazy Balloon 2000 (Japan);
SLPM_867.11;SuperLite 1500 Series - Flamberge no Seirei (Japan);
SLPM_864.43;SuperLite 1500 Series - Mawatte Mucho! (Japan);
SCES_038.17;Alfred Chicken (Europe) (En,Fr,De,Es,It);
SLUS_008.28;Rushdown (USA);
SLUS_004.67;Ogre Battle - Limited Edition (USA);
SLPM_862.40;SuperLite 1500 Series - Tenant Wars Alpha - SuperLite 1500 Version (Japan);
SLPM_865.79;SuperLite 1500 Series - Ring of Sias (Japan);
SLUS_004.76;Mortal Kombat Mythologies - Sub-Zero (USA);
SLUS_007.60;Lemmings & Oh No! More Lemmings (USA);
SLPM_862.61;SuperLite 1500 Series - Seiyou Senseijutsu - Mark Yazaki Kanshuu (Japan);
SLUS_013.62;Mary-Kate and Ashley - Winners Circle (USA);
SLUS_007.43;MonsterSeed (USA);
SLPM_862.82;SuperLite 1500 Series - Reversi II (Japan);
SLPM_867.64;SuperLite 1500 Series - Shanghai - Dynasty (Japan);
"SLUS_005.53
SLUS_005.53A
SLUS_005.53B
SLUS_005.53C
SLUS_005.53D
SLUS_005.53E";Alundra (USA);
SLUS_010.34;Eternal Eyes (USA);
SLPM_868.00;SuperLite 1500 Series - Oekaki Puzzle 5 (Japan);
SLPM_865.33;SuperLite 1500 Series - Oekaki Puzzle 3 (Japan);
SLPS_025.08;Street Fighter EX2 Plus (Japan);
"SLPM_860.41
SLPS_910.88";Street Fighter EX Plus Alpha (Japan);
SLPS_010.44;Critical Blow (Japan);
SLPS_011.75;Side by Side Special (Japan);
"SCPS_454.04
SLPS_020.38";Racing Lagoon (Japan, Asia);
"SCPS_452.05
SLPM_860.72";Konami Antiques - MSX Collection Vol. 3 (Japan, Asia);
SLPS_017.33;Hard Edge (Japan);
SLPS_012.61;OverBlood 2 (Japan) (Disc 1);
SLPS_012.62;OverBlood 2 (Japan) (Disc 2);
"SCPS_454.09
SLPM_862.36";Garou Densetsu - Wild Ambition (Japan, Asia);
"SCPS_452.60
SLPS_014.63";Sol Divide (Japan, Asia);
SLES_032.41;TechnoMage - Return of Eternity (Europe);
SLPS_012.11;Time Bokan Series - Bokan desu yo (Japan);
"SCPS_453.74
SLPS_018.42";Bloody Roar 2 - Bringer of the New Age (Japan, Asia);
"SLUS_006.54
SLUS_006.54B";Elemental Gearbolt (USA);
SLUS_007.93;Marvel Super Heroes vs. Street Fighter (USA);
SLUS_007.34;Dragon Seeds (USA);
"SLPS_000.84
SLPS_910.09";Shin Nihon Pro Wrestling - Toukon Retsuden (Japan);
SLES_027.55;Vagrant Story (France);
SLES_011.98;Alundra (France);
SLPS_016.50;Dungeon Shoutenkai - Densetsu no Ken Hajime mashita (Japan);
SLES_025.96;Fisherman's Bait 2 - Big Ol' Bass (Europe);
"SLES_023.32
SLES_023.32#";Worms Armageddon (Europe) (Fr,Nl,Sv,No,Da);
SLPM_861.43;Monster Race (Japan);
"SCPS_451.72
SLPS_012.86";Gundam the Battle Master 2 (Japan, Asia);
SLUS_005.16;Madden NFL 98 (USA);
SLPS_003.85;SD Gundam - Over Galaxian (Japan);
SLPS_001.04;Gouketsuji Ichizoku 2 - Chotto dake Saikyou Densetsu (Japan);
SLUS_004.99;C - The Contra Adventure (USA);
SCUS_941.89;Official U.S. PlayStation Magazine Demo Disc 01 (USA);
SCUS_941.98;Official U.S. PlayStation Magazine Demo Disc 02 (USA);
SCUS_942.10;Official U.S. PlayStation Magazine Demo Disc 03 (USA);
SCUS_942.11;Official U.S. PlayStation Magazine Demo Disc 04 (USA);
SCUS_942.12;Official U.S. PlayStation Magazine Demo Disc 05 (USA);
SCUS_942.13;Official U.S. PlayStation Magazine Demo Disc 06 (USA);
SCUS_942.15;Official U.S. PlayStation Magazine Demo Disc 08 (USA);
SCUS_944.29;Official U.S. PlayStation Magazine Demo Disc 21 (USA);
SCUS_944.31;Official U.S. PlayStation Magazine Demo Disc 23 (USA);
SCUS_944.32;Official U.S. PlayStation Magazine Demo Disc 24 (USA);
SCUS_944.37;Official U.S. PlayStation Magazine Demo Disc 29 (USA);
SCUS_945.83;Official U.S. PlayStation Magazine Demo Disc 32 (USA);
SCUS_945.93;Official U.S. PlayStation Magazine Demo Disc 34 (USA);
SCUS_946.14;Official U.S. PlayStation Magazine Demo Disc 37 (USA);
SCUS_946.31;Official U.S. PlayStation Magazine Demo Disc 42 (USA);
SCUS_946.34;Official U.S. PlayStation Magazine Demo Disc 43 (USA);
SCUS_946.37;Official U.S. PlayStation Magazine Demo Disc 44 (USA);
SCUS_944.80;Pizza Hut Disc 1 (USA);
SLUS_900.51;Eidos Demo CD Volume 4 (USA);
SCUS_949.60;PlayStation Picks (USA) (SCUS-94960);
SLUS_002.12;Advanced Dungeons & Dragons - Iron & Blood - Warriors of Ravenloft (USA) (Demo);
SLUS_900.56;Croc 2 (USA) (Demo);
SLUS_900.17;Pitfall 3D - Beyond the Jungle (USA) (Demo);
SLUS_900.15;Rascal (USA) (Demo);
SCUS_941.61;PlayStation Underground Number 1 (USA) (Disc 1);
SCUS_941.61;PlayStation Underground Number 1 (USA) (Disc 2);
SCUS_941.78;PlayStation Underground Number 2 (USA) (Disc 1);
SCUS_941.79;Final Fantasy VII (USA) (Square Soft on PlayStation Previews);
SCUS_941.91;PlayStation Underground Number 3 (USA) (Disc 1);
SCUS_941.92;PlayStation Underground Number 3 (USA) (Disc 2);
SCUS_942.25;PlayStation Underground Number 4 (USA) (Disc 1);
SCUS_942.26;PlayStation Underground Number 4 (USA) (Disc 2);
SCUS_942.37;PlayStation Underground Volume 2 Issue 1 (USA) (Disc 1);
SCUS_942.38;PlayStation Underground Volume 2 Issue 1 (USA) (Disc 2);
SCUS_942.59;PlayStation Underground Volume 2 Issue 2 (USA) (Disc 1);
SCUS_942.60;PlayStation Underground Volume 2 Issue 2 (USA) (Disc 2);
SCUS_942.69;PlayStation Underground Volume 2.3 (USA) (Disc 1);
SCUS_942.70;PlayStation Underground Volume 2.3 (USA) (Disc 2);
SCUS_942.98;PlayStation Underground Volume 2 Issue 4 (USA) (Disc 1);
SCUS_942.99;PlayStation Underground Volume 2 Issue 4 (USA) (Disc 2);
SCUS_944.40;PlayStation Underground 3.1 (USA) (Disc 1);
SCUS_944.41;PlayStation Underground 3.1 (USA) (Disc 2);
SCUS_944.42;PlayStation Underground 3.2 (USA) (Disc 1);
SCUS_944.43;PlayStation Underground 3.2 (USA) (Disc 2);
SCUS_944.44;PlayStation Underground 3.3 (USA) (Disc 1);
SCUS_944.45;PlayStation Underground 3.3 (USA) (Disc 2);
SCUS_944.46;PlayStation Underground 3.4 (USA) (Disc 1);
SCUS_944.47;PlayStation Underground 3.4 (USA) (Disc 2);
SCUS_945.65;PlayStation Underground 4.1 (USA) (Disc 1);
SCUS_945.66;PlayStation Underground 4.1 (USA) (Disc 2);
SCUS_946.12;PlayStation Underground 4.2 (USA) (Disc 1);
SCUS_946.13;PlayStation Underground 4.2 (USA) (Disc 2);
SCUS_946.20;PlayStation Underground 4.3 (USA) (Disc 1);
SCUS_946.21;PlayStation Underground 4.3 (USA) (Disc 2);
SCUS_971.20;PlayStation Underground 4.4 (USA) (Disc 1);
SCUS_941.76;Jampack Vol. 1 (USA);
SCUS_941.97;Jampack Vol. 2 (USA);
SCUS_942.93;PlayStation Underground Jampack - Winter '98 (USA);
SCUS_944.75;PlayStation Underground Jampack - Winter '99 (USA);
SCUS_946.24;PlayStation Underground Jampack - Winter 2000 (USA);
SCUS_944.28;PlayStation Underground Jampack - Summer '99 (USA);
SCUS_946.57;PlayStation Underground Jampack - Fall 2001 (USA);
SCUS_945.87;PlayStation Underground Jampack - Summer 2K (USA);
SCUS_946.54;Crash Bash & Spyro - Year of the Dragon (USA) (Demo);
SLPM_870.56;World Soccer Winning Eleven 2002 (Japan);
SLPM_868.35;J.League Jikkyou Winning Eleven 2001 (Japan);
SLUS_001.52;Tomb Raider (USA) (Rev 2);
SLPS_007.61;Mahou Shoujo Pretty Samy - Part 2 - In the Julyhelm (Japan) (Disc 2) (Episode 26);
SLPS_007.60;Mahou Shoujo Pretty Samy - Part 2 - In the Julyhelm (Japan) (Disc 1) (Episode 25);
SCUS_943.03;Krazy Ivan (USA);
SLUS_004.86;Poy Poy (USA);
SLUS_014.76;Capcom vs. SNK Pro (USA);
SLUS_008.14;Chocobo's Dungeon 2 (USA);
SLUS_000.41;Street Fighter - The Movie (USA);
SLUS_009.52;Arcade Party Pak (USA);
SLUS_015.68;Ballerburg - Castle Chaos (USA);
SLUS_005.50;Warhammer - Dark Omen (USA);
SLUS_014.95;Sorcerer's Maze (USA);
SLUS_010.69;SimTheme Park (USA);
SLUS_007.39;Future Cop - L.A.P.D. (USA);
SLUS_009.73;Dune 2000 (USA);
"SLPM_860.84
SLPM_862.45
SLPS_915.11";King of Fighters '97, The (Japan);
SLPS_004.85;Battle Arena Nitoushinden (Japan);
"SLPM_866.17
SLPS_002.37";Champion Wrestler - Jikkyou Live (Japan);
"SCPS_451.15
SLPS_009.82";Soukou Kihei Votoms Gaiden - Ao no Kishi Berserga Monogatari (Japan, Asia);
SCPS_453.62;Mobile Suit Gundam - Char's Counterattack (Asia);
SLPS_022.40;Maria 2 - Jutai Kokuchi no Nazo (Japan) (Disc 1);
SLPS_022.41;Maria 2 - Jutai Kokuchi no Nazo (Japan) (Disc 2);
SLPS_022.42;Maria 2 - Jutai Kokuchi no Nazo (Japan) (Disc 3);
SLES_022.70;Eternal Eyes (Europe) (En,Fr,De,Es,It);
SCES_011.85;Klonoa - Door to Phantomile (France);
SLES_021.41;R-C Stunt Copter (France);
SCES_017.62;R-Type Delta (Europe);
SLES_010.82;Dodgem Arena (Europe);
SLES_010.40;DBZ - Dead Ball Zone (Europe) (En,Fr,De,Es,It);
SLUS_012.42;Disney's Donald Duck - Goin' Quackers (USA);
SCUS_945.77;NHL FaceOff 2001 (USA);
SCUS_943.53;Formula 1 (USA) (Rev 1);
SLUS_010.79;Army Men - World War (USA);
"SLUS_014.03
SLUS_014.03CE";NASCAR Thunder 2002 (USA, Canada);
SCUS_947.00;Chronicles of the Sword (USA) (Disc 1);
SLUS_003.21;Black Dawn (USA);
SCUS_947.01;Chronicles of the Sword (USA) (Disc 2);
SLPS_013.83;FIFA - Road to World Cup 98 (Japan);
SLPS_017.19;FIFA World Cup 98 - France 98 Soushuu-hen (Japan);
SCUS_944.09;Codename - Tenka (USA) (Rev 1);
SLES_034.99;You Don't Know Jack (Germany);
SCUS_946.00;Terry Pratchett's Discworld (USA);
SLUS_008.96;Misadventures of Tron Bonne, The (USA);
SLUS_900.78;Mega Man Legends 2 (USA) (Demo);
SLPM_860.85;Real Bout Garou Densetsu Special - Dominated Mind (Japan);
SLUS_009.72;Ace Combat 3 - Electrosphere (USA);
SCUS_944.82;PlayStation Demo Disc - Shock Your System! (USA) (SCUS-94482);
SLPS_023.91;Pandora Max Series Vol. 1 - Dragon Knights Glorious (Japan);
SLUS_009.81;Barbie - Race & Ride (USA);
SLUS_009.46;Barbie - Super Sports (USA);
SCUS_945.58;NHL FaceOff 2000 (USA);
SLUS_008.05;NCAA March Madness 99 (USA);
SCUS_943.08;Rally Cross (USA);
SLUS_008.73;Bass Landing (USA);
SLUS_001.20;Hive, The (USA) (Disc 1);
SLUS_001.82;Hive, The (USA) (Disc 2);
LSP_150200_0.1;Family Connection - A Guide to Lightspan (USA);
"SCPS_453.16
SLPM_861.10
SLPS_008.34";King of Fighters '96, The (Japan, Asia);
"SLPS_003.51
SLPS_910.26";King of Fighters '95, The (Japan);
SLUS_011.55;N-Gen Racing (USA);
SCUS_945.55;Jet Moto 3 (USA);
SLUS_014.83;NBA Live 2003 (USA);
"SCPS_454.89
SLPM_864.62
SLPM_867.84";King of Fighters '99, The (Japan, Asia);
SLUS_000.03;A-Train - Trains, Power, Money (USA) (En,Ja,Fr,De);
SCUS_941.99;Bloody Roar (USA);
SLUS_000.08;CyberSled (USA);
SLPM_867.10;SuperLite 1500 Series - Screen (Japan);
SLPM_862.78;SuperLite 1500 Series - Angolmois 99 (Japan);
SLPS_001.41;Alone in the Dark 2 (Japan);
"SLPS_027.89
SLPS_914.60";Slap Happy Rhythm Busters (Japan);
SLPS_013.09;Sound Qube (Japan);
DTL_S3035;Net Yaroze Boot Disc (USA, Europe);
SLPM_862.59;SuperLite 1500 Series - Ano Ko Doko no Ko - Endless Season (Japan);
SLPM_864.40;SuperLite 1500 Series - StarSweep (Japan);
"SLUS_004.37
SLUS_004.37CE
SLUS_004.37GH";Tomb Raider II - Starring Lara Croft (USA) (Rev 3);
"SLUS_006.91
SLUS_006.91CE";Tomb Raider III - Adventures of Lara Croft (USA) (Rev 2);
SLUS_015.36CE;Disney Presents Tigger's Honey Hunt (USA) (Rerelease);
"SLUS_015.38
SLUS_015.38CE";Disney-Pixar A Bug's Life (USA) (Rerelease);
SLES_031.27;Looney Tunes Racing (Europe) (En,Fr,De,Es,It);
SLUS_011.69;ECW Anarchy Rulz (USA);
SLUS_011.67;Disney's Dinosaur (USA);
SLUS_003.17;Divide, The - Enemies Within (USA);
"SLPS_035.79
SLPS_910.03
SLPS_914.23";King's Field II (Japan) (PlayStation the Best) (Rev 1);
"SLUS_015.37
SLUS_015.37CE";Disney's Tarzan (USA) (Rerelease);
"SLUS_014.16
SLUS_014.16CE";NBA Live 2002 (USA, Canada);
SLPS_014.20;Shadow Tower (Japan);
SLUS_013.01;Ford Racing (USA);
SLUS_004.83;Battle Arena Toshinden 3 (USA) (En,Ja);
SLUS_013.75;Hoshigami - Ruining Blue Earth (USA);
SLUS_004.79;Jeremy McGrath Supercross 98 (USA);
SLUS_003.78;Advanced Dungeons & Dragons - Iron & Blood - Warriors of Ravenloft (USA);
SLUS_003.69;Killing Zone (USA);
SLUS_010.06;MTV Music Generator (USA);
SLUS_005.07;Monopoly (USA) (Alt);
SLUS_014.69;Mobile Armor (USA);
SLUS_012.67;Inspector Gadget - Gadget's Crazy Maze (USA) (En,Fr,De,Es,It,Nl);
SCUS_942.33;MLB 99 (USA);
SLUS_011.12;Nightmare Creatures II (USA);
SCUS_946.65;NFL GameDay 2003 (USA, Canada);
SLUS_004.94;Car and Driver Presents - Grand Tour Racing '98 (USA);
SCUS_945.09;NCAA Football GameBreaker (USA);
SLUS_005.71;Brunswick Circuit Pro Bowling (USA);
SLUS_007.04;X Games Pro Boarder (USA);
"SCPS_452.22
SLPS_013.51";Enigma (Japan, Asia) (Disc 1);
"SCPS_452.23
SLPS_013.52";Enigma (Japan, Asia) (Disc 2);
SCUS_946.74;PlayStation Demo Disc Version 1.5 (USA);
SLPS_004.17;Racingroovy VS (Japan);
SLUS_008.12;Broken Sword II - The Smoking Mirror (USA);
SLUS_013.35;Battle Hunter (USA);
SLES_032.95;Fisherman's Bait 3 (Europe);
SLES_125.59;Parasite Eve II (France) (Disc 2);
SLES_025.59;Parasite Eve II (France) (Disc 1);
SLES_023.29;Galerians (France) (Disc 1);
SLES_123.29;Galerians (France) (Disc 2);
SLES_223.29;Galerians (France) (Disc 3);
SLES_021.67;Fear Effect (France) (Disc 1);
SLES_121.67;Fear Effect (France) (Disc 2);
SLES_221.67;Fear Effect (France) (Disc 3);
SCES_005.68;Cool Boarders (Europe);
SCES_014.92;MediEvil (France);
SCES_011.71;Wild Arms (France);
SLES_006.55;Herc's Adventures (France);
SCES_022.77;Pac-Man World - 20th Anniversary (France);
SCES_030.85;Ms. Pac-Man Maze Madness (Europe) (En,Fr,De,Es,It);
SCES_032.54;Liberogrande International (Europe) (En,Fr,De,Es,It);
SLES_005.22;Blood Omen - Legacy of Kain (France);
SLES_026.01;Alundra 2 - Une Legende Est Nee (France);
SLES_002.13;Syndicate Wars (Europe) (En,Fr,Es,It,Sv);
"SLES_023.75
SLES_023.75_P";007 - Demain ne Meurt Jamais (France);
SLES_000.43;Super Pang Collection (Europe);
SLES_008.89;Last Report, The (Europe) (En,Fr);
SLES_321.67;Fear Effect (France) (Disc 4);
SLES_017.27;Reel Fishing (Europe);
SCES_026.84;Tombi! 2 (France);
SCES_021.00;Shadow Madness (France) (Disc 1);
SCES_121.00;Shadow Madness (France) (Disc 2);
SLES_013.14;G. Darius (Europe);
SLES_004.51;Lomax (Europe) (En,Fr,De,Es,It);
SLES_019.08;Gex - Deep Cover Gecko (Europe) (Fr,De);
SLUS_000.28;Shockwave Assault (USA) (Disc 1) (Shockwave - Invasion Earth);
"SCPS_451.20
SLPS_010.09";Lagnacure (Japan, Asia);
SLPM_860.95;King of Fighters Kyou, The (Japan);
SLES_005.29;NBA Jam Extreme (Europe);
SCES_005.62;King of Fighters '95, The (Europe);
SLPS_001.56;Sidewinder (Japan);
"SLPS_011.71
SLPS_915.13";Samurai Spirits - Amakusa Kourin Special (Japan);
"SLPS_012.44
SLPS_911.36";Choro Q 3 (Japan);
SLUS_008.98;Countdown Vampires (USA) (Disc 1);
SLUS_011.99;Countdown Vampires (USA) (Disc 2);
SLPS_015.56;LSD - Dream Emulator (Japan);
SLUS_002.82;Red Asphalt (USA);
SLPM_860.82;Honkakuha Yonin Uchi - Mahjong Club (Japan);
"SLPS_020.80
SLPS_020.88";Honkakuha Yonin Uchi - Mahjong Club (Japan) (Honkakuha de 1300);
SLUS_010.24;Roadsters (USA);
SLUS_000.14;Spot Goes to Hollywood (USA);
SLUS_007.87;T'ai Fu - Wrath of the Tiger (USA);
SLUS_001.51;Swagman (USA);
SLUS_012.18;Speedball 2100 (USA);
SLUS_012.81;Dance Dance Revolution - Disney Mix (USA);
SLUS_013.71;Putter Golf (USA);
SCUS_942.08;Tobal No. 1 (USA);
SLUS_006.60;Tail Concerto (USA);
SLUS_010.74;Tyco R-C - Assault with a Battery (USA);
SLUS_003.46;Tigershark (USA);
SLUS_013.41;Virtual Kasparov (USA) (En,Fr,Es);
SLUS_005.99;WarGames - Defcon 1 (USA);
SLUS_000.33;Viewpoint (USA);
"SLUS_009.27
SLUS_009.27GH";WWF SmackDown! (USA);
SCUS_949.61;Final Fantasy VII (USA) (Interactive Sampler CD);
SLUS_013.08;Space Shot (USA);
SLUS_002.58;Street Fighter Alpha 2 (USA);
"SLUS_009.13
SLUS_009.13CE
SLUS_009.13GH";Army Men - Air Attack (USA);
SLPM_860.05;Tokimeki Memorial Taisen Puzzledama (Japan);
SLUS_001.64;Area 51 (USA) (Rev 1);
SLUS_000.64;Final Round, The (USA);
SCUS_944.07;Novastorm (USA) (Disc 2);
SCUS_944.04;Novastorm (USA) (Disc 1);
SLUS_010.90;Arthur! Ready to Race (USA);
SLUS_014.66;Gubble (USA);
SLUS_004.49;Arcade's Greatest Hits - The Atari Collection 2 (USA);
SLUS_006.29;Streak Hoverboard Racing (USA);
SLUS_009.87;International Track & Field 2000 (USA);
SLUS_010.63;Sammy Sosa High Heat Baseball 2001 (USA);
SLUS_014.42;Big Bass Fishing (USA);
SCUS_944.20;NFL Xtreme 2 (USA);
SLUS_014.13;Weakest Link, The (USA);
SCUS_946.03;Aquanaut's Holiday (USA);
SLES_200.74;Wing Commander III - Heart of the Tiger (Europe) (Disc 3);
SLUS_006.45;Big Air (USA);
SLES_035.57;Mega Man X5 (Europe);
SLPS_029.58;Simple 1500 Series Vol. 37 - The Illust Puzzle & Slide Puzzle (Japan);
SLPM_872.15;Simple 1500 Series Vol. 104 - The Pink Panther - Pinkadelic Pursuit (Japan);
SLUS_014.88;American Pool (USA);
SLUS_003.99;Arcade's Greatest Hits - The Atari Collection 1 (USA);
SLPM_868.71;Simple 1500 Series Vol. 72 - The Beach Volley (Japan);
SLPM_869.00;Simple 1500 Series Vol. 73 - The Invaders - Space Invaders 1500 (Japan);
SLPM_870.08;Simple 1500 Series Vol. 85 - The Sengoku Bushou - Tenka Touitsu no Yabou (Japan);
SLPM_870.23;Simple 1500 Series Vol. 88 - The Gal Mahjong - Love Songs - Idol wa High Rate (Japan);
SLUS_007.90;Championship Motocross featuring Ricky Carmichael (USA);
SLPS_024.43;Simple 1500 Series Vol. 7 - The Card (Japan);
SLPS_024.42;Simple 1500 Series Vol. 6 - The Hanafuda (Japan);
SLUS_000.46;Criticom (USA);
SLUS_007.13;Assault - Retribution (USA);
SLUS_008.34;Monaco Grand Prix (USA);
SLUS_011.68;RC Revenge (USA);
SLUS_015.10;All Star Racing 2 (USA);
SLPS_023.01;Simple 1500 Series Vol. 15 - The Pachinko (Japan) (Culture Publishers);
SLPS_022.27;Simple 1500 Series Vol. 14 - The Block Kuzushi (Japan) (Culture Publishers);
SCPS_400.02;EPS Series Vol. 2 - Moonlight to Daybreak - Yukie Nakama (Japan);
SCPS_400.05;EPS Series Vol. 5 - Believer Dreamer - Junko Mizutani (Japan);
SLUS_011.39;Jarrett & Labonte Stock Car Racing (USA);
SLUS_002.01;Williams Arcade's Greatest Hits (USA);
"SLUS_004.39
SLUS_004.39GH";Pac-Man World - 20th Anniversary (USA);
SLUS_002.47;Magic - The Gathering - BattleMage (USA);
SLUS_006.11;TOCA Championship Racing (USA) (En,Es);
SLUS_012.73;Tiger Woods PGA Tour Golf (USA);
SLUS_014.22;Cubix Robots for Everyone - Race 'n Robots (USA);
SCUS_946.18;PlayStation Demo Disc Version 1.3 (USA);
"SCUS_942.22
SCUS_942.32";Interactive CD Sampler Disk Volume 5 (USA) (Rev 1);
"SLPM_874.00
SLPS_002.03";Tenchi o Kurau II - Sekiheki no Tatakai (Japan);
SLUS_002.85;Caesars Palace (USA);
SLUS_013.66;KISS Pinball (USA);
SLUS_010.27;HBO Boxing (USA);
SCUS_946.34;Official U.S. PlayStation Magazine Demo Disc 43 (USA) (EDC);
SLUS_002.38;International Track & Field (USA);
SLUS_011.73;Jeopardy! 2nd Edition (USA);
SLUS_009.05;Bass Rise (USA);
SLPS_021.91;Dragon Valor (Japan) (Disc 2);
SLPS_021.90;Dragon Valor (Japan) (Disc 1);
SLUS_015.75;Rascal Racers (USA);
SLPS_009.38;Dark Seed II (Japan);
SIPS_600.07;Twisted Metal (Japan);
SLUS_011.32;Army Men - Air Attack 2 (USA, Canada);
SLUS_013.27;Army Men - World War - Final Front (USA);
SLUS_015.40;Ford Truck Mania (USA);
SCUS_945.00;NBA Shoot Out (USA);
"SCUS_942.64
SCUS_943.61";NCAA Final Four 99 (USA);
"SLUS_014.04
SLUS_014.04GH";Digimon Rumble Arena (USA);
SLUS_007.85;Tiger Woods 99 PGA Tour Golf (USA) (Rev 1);
SLUS_015.77;Ultimate Brain Games (USA);
SLUS_014.54;Family Card Games Fun Pack (USA);
SLES_025.57;Psychic Force 2 (Europe);
SLUS_000.68;Ballblazer Champions (USA);
SLPS_911.05;Street Fighter Zero 2' (Japan);
SLPS_006.31;Fighting Network Rings (Japan);
SLPS_014.75;Zen Nihon Joshi Pro Wrestling - Joou Densetsu - Yume no Taikousen (Japan);
SLUS_002.13;Tekken 2 (USA) (Rev 1);
SLPS_003.40;Fighting Illusion - K-1 Grand Prix (Japan);
"SLPS_009.78
SLPS_910.90";Fighting Illusion - K-1 Revenge (Japan);
SLUS_009.18;Romance of the Three Kingdoms VI - Awakening of the Dragon (USA);
SLUS_900.63;Wipeout 3 (USA) (Demo);
SPUS_949.51;PlayStation Picks (USA) (SCUS-94952);
"PBPX_950.04
SCUS_942.42";Interactive CD Sampler Disc 6 (USA);
SCPS_100.15;Sentou Kokka - Air Land Battle (Japan);
"SCPS_100.15
SCPS_910.08";Sentou Kokka - Air Land Battle (Japan) (Rev 1);
SCES_008.00;Baphomets Fluch II - Die Spiegel der Finsternis (Germany);
SLUS_011.09;Vanishing Point (USA);
SLUS_006.55;Sports Car GT (USA);
SLUS_001.94;Johnny Bazookatone (USA);
SLUS_002.21;Independence Day (USA);
SLUS_013.51;Saban's Power Rangers - Time Force (USA);
SLUS_000.48;NBA in the Zone (USA);
SLUS_005.78;Pandemonium 2 (USA);
SLUS_001.39;Strike Point (USA);
SCUS_945.63;Speed Punks (USA);
SLUS_001.53;Space Griffon VF-9 (USA);
SLUS_002.09;Skeleton Warriors (USA);
SLUS_014.81;Land Before Time, The - Big Water Adventure (USA);
"SCUS_941.77
SCUS_949.66";Interactive CD Sampler Pack Volume Three (Version 3.5) (USA) (SCUS-94177);
SLPM_862.38;SuperLite 1500 Series - Lode Runner - The Legend Returns (Japan);
SLPS_020.67;SuperLite 1500 Series - NumCro (Japan);
SLPM_864.28;SuperLite 1500 Series - Oekaki Puzzle 2 (Japan);
SLPM_866.75;SuperLite 1500 Series - Oekaki Puzzle 4 (Japan);
SCUS_945.03;ESPN Extreme Games (USA);
SLUS_000.10;Frank Thomas Big Hurt Baseball (USA);
SLUS_004.64;OverBlood (USA);
SLUS_900.41;Kagero - Deception II (USA) (Demo);
SLUS_000.22;Slam 'n Jam '96 featuring Magic & Kareem (USA);
SCUS_942.86;Best Buy Demo CD (USA);
SLUS_900.40;Eidos Demo CD (USA) (Rev 1);
SLUS_900.72;Sled Storm & Medal of Honor Demo CD (USA);
SLUS_008.23;Bomberman Fantasy Race (USA);
SLUS_001.48;Olympic Summer Games (USA);
SLUS_002.04;Road & Track Presents - The Need for Speed (USA);
SLUS_009.12;Destruction Derby Raw (USA);
SLUS_008.08;Railroad Tycoon II (USA);
SCUS_944.16;CART World Series (USA);
SLUS_014.93;Superstar Dance Club - 1 Hits!!! (USA);
SLUS_013.37;Strikers 1945 (USA);
SLUS_005.22;Auto Destruct (USA);
SLUS_002.52;Robotron X (USA);
"SLPS_011.32
SLPS_021.50";Minton Keibu no Sousa File - Doukeshi Satsujin Jiken (Japan);
SCPS_100.44;Tamago de Puzzle (Japan);
SLPS_002.87;Tokyo Shadow (Japan) (Disc 3);
SLPS_002.42;Choro Q (Japan);
"SLPS_007.10
SLPS_910.80";Choro Q 2 (Japan);
SCUS_946.46;Disney's Lilo & Stitch (USA);
SLUS_002.40;Soul Blade (USA) (Rev 1);
SLUS_010.77;Test Drive Le Mans (USA) (En,Fr,Es);
SLUS_004.37;Tomb Raider II - Starring Lara Croft (USA) (Rev 2);
SLUS_011.11;Mr. Driller (USA);
SLUS_900.20;Crime Killer (USA) (Demo);
SLUS_008.22;Soul of the Samurai (USA);
SLUS_005.96;Tennis Arena (USA);
SLUS_008.29;Rising Zan - The Samurai Gunman (USA);
SLUS_011.30;Peter Jacobsen's Golden Tee Golf (USA);
SLPM_862.01;King of Fighters '98, The - Dream Match Never Ends (Japan);
SLPS_012.01;Legend of Heroes III, The - Shiroki Majo - Mou Hitotsu no Eiyuutachi no Monogatari (Japan);
SLPS_026.02;K-1 Ouja ni Narou! King of Kings (Japan);
SLUS_006.91;Tomb Raider III - Adventures of Lara Croft (USA) (Rev 1);
SLUS_011.45;Looney Tunes Racing (USA) (En,Fr,Es);
SLPM_862.67;Bishi Bashi Special 2 (Japan);
SLPM_861.23;Bishi Bashi Special (Japan);
SLPM_861.00;Dancing Blade Katte ni Momotenshi! (Japan) (Disc 1);
SLPM_861.01;Dancing Blade Katte ni Momotenshi! (Japan) (Disc 2);
SLPM_861.02;Dancing Blade Katte ni Momotenshi! (Japan) (Disc 3);
SLPM_862.12;Dancing Blade Katte ni Momotenshi II - Tears of Eden (Japan) (Disc 3);
SLPM_862.10;Dancing Blade Katte ni Momotenshi II - Tears of Eden (Japan) (Disc 1);
SLPM_862.11;Dancing Blade Katte ni Momotenshi II - Tears of Eden (Japan) (Disc 2);
SLPS_018.64;Cyber Daisenryaku - Shutsugeki! Haruka-tai (Japan);
SLPS_002.99;Daisenryaku - Player's Spirit (Japan);
SLPS_029.92;Pocket DigimonWorld - Wind Battle Disc (Japan);
SLPS_028.44;DigimonWorld 2 (Japan);
SLPS_031.46;Pocket DigimonWorld - Cool & Nature Battle Disc (Japan);
SLPM_864.73;Yellow Monkey, The - Trancemission VJ Remix (Japan);
SLPS_021.35;Perfect Performer - The Yellow Monkey (Japan);
SLUS_015.30;Extreme Go-Kart Racing (USA);
SLPS_027.22;Yuugen Gaisha Chikyuu Boueitai (Japan);
SLPS_025.51;Pandora Max Series Vol. 2 - Shisha no Yobu Yakata (Japan);
SLUS_010.84;Championship Bass (USA);
"SLPM_864.92
SLPS_008.05";Angelique Special 2 (Japan);
"SLPM_864.93
SLPS_013.37";Angelique Duet (Japan);
SLPS_024.40;Simple 1500 Series Vol. 4 - The Reversi (Japan);
SLPS_024.47;Simple 1500 Series Vol. 11 - The Pinball 3D (Japan);
SLPS_014.15;Akagawa Jirou - Yasoukyoku (Japan) (Shokai Genteiban);
SLPS_012.07;Option - Tuning Car Battle (Japan);
SLPM_866.14;Bounty Sword First (Japan) (Major Wave);
SLUS_006.36;Fox Sports Golf '99 (USA);
SLUS_005.34;Ray Tracers (USA);
SCUS_941.72;NCAA GameBreaker 98 (USA);
SLUS_007.40;NASCAR 99 (USA);
SLUS_006.02;Newman Haas Racing (USA);
SLUS_005.21;NASCAR 98 (USA);
SCUS_942.46;NCAA GameBreaker 99 (USA);
SLUS_003.74;NASCAR Racing (USA);
SLPS_026.03;NBA Live 2000 (Japan);
SLPS_000.67;Jikkyou Powerful Pro Yakyuu '95 - Kaimakuban (Japan);
"SLPS_001.14
SLPS_910.52";Sangokushi IV (Japan) (Rev 1);
"SLPS_019.81
SLPS_914.04";Gallop Racer 3 (Japan);
SLPS_000.27;Kileak, The Blood (Japan);
SLUS_008.72;Alexi Lalas International Soccer (USA) (En,Fr,De,Es,It);
SLES_041.61;Dance-UK eXtra Trax (UK);
SCUS_945.73;NCAA GameBreaker 2001 (USA);
SLES_040.88;Superstar Dance Club - 1 Hits!!! (Europe) (En,Fr,De,Es,It);
SCUS_945.57;NCAA GameBreaker 2000 (USA);
SIPS_600.18;NHL PowerRink '97 (Japan);
SLPS_016.38;Hoshinooka Gakuen Monogatari - Gakuensai (Japan);
SLPS_024.49;Simple 1500 Series Vol. 13 - The Race (Japan);
SLUS_001.91;Thunderstrike 2 (USA);
SLPS_014.69;Blue Breaker Burst - Hohoemi o Anata to (Japan) (Shokai Genteiban);
SLPS_015.80;Blue Breaker Burst - Egao no Asu ni (Japan);
SLUS_015.72;ATV Racers (USA);
SLUS_013.30;Army Men - Green Rogue (USA);
SLUS_009.62;NASCAR 2000 (USA);
SLUS_015.56;Miracle Space Race (USA);
SLPM_868.39;SuperLite 1500 Series - Slither Link (Japan);
SLPM_866.30;SuperLite 1500 Series - Chitty Chitty Chicken (Japan);
SLPM_864.26;SuperLite 1500 Series - Crossword (Japan);
SLPM_864.88;SuperLite 1500 Series - Hooockey!! (Japan);
SLPM_867.95;SuperLite 1500 Series - NumCro 4 (Japan);
"PBPX_950.11
SCUS_943.82";Interactive CD Sampler Disc Vol. 10 (USA);
SLPM_865.49;Tokimeki Memorial 2 Substories - Dancing Summer Vacation (Japan) (Disc 1);
SLUS_012.03;Army Men - World War - Land, Sea, Air (USA, Canada);
SLPM_865.50;Tokimeki Memorial 2 Substories - Dancing Summer Vacation (Japan) (Disc 2);
SLPS_022.51;Jigsaw World (Japan) (Honkakuha de 1300);
SLPS_000.28;Jigsaw World (Japan);
SLPS_009.69;Spectral Force (Japan) (Shokai Gentei Box);
SLPS_033.64;Quiz$Millionaire (Japan);
ESPM_700.01;Iceman - Digital PlayStage (Japan);
SLPM_873.58;Star Ocean - The Second Story (Japan) (Disc 2) (Rev 1);
SLPM_873.57;Star Ocean - The Second Story (Japan) (Disc 1) (Rev 1);
SLPS_033.08;Simple Character 2000 Series Vol. 03 - Kamen Rider - The Bike Race (Japan);
SLPS_033.07;Simple Character 2000 Series Vol. 02 - Afro-ken - The Puzzle (Japan);
SLPS_034.18;Simple Character 2000 Series Vol. 07 - Ikkyuu-san - The Quiz (Japan);
SLPS_033.50;Simple Character 2000 Series Vol. 04 - Jarinko Chie - The Hanafuda (Japan);
SLPS_033.62;Simple Character 2000 Series Vol. 05 - High School! Kimengumi - The Table Hockey (Japan);
SLPS_033.63;Simple Character 2000 Series Vol. 06 - Dokonjou Gaeru - The Mahjong (Japan);
SLUS_015.45;ATV Mania (USA);
SLUS_013.97;Saltwater Sportfishing (USA);
SLPS_034.45;Simple Character 2000 Series Vol. 09 - Tsurikichi Sanpei - The Tsuri (Japan);
SLPS_035.46;Simple Character 2000 Series Vol. 16 - Gamba no Bouken - The Puzzle Action (Japan);
SLPS_034.74;Simple Character 2000 Series Vol. 15 - Cyborg 009 - The Block Kuzushi (Japan);
SLPS_034.72;Simple Character 2000 Series Vol. 13 - Shin Kidou Senki Gundam W - The Battle (Japan);
SLPS_034.71;Simple Character 2000 Series Vol. 12 - Kidou Butouden G Gundam - The Battle (Japan);
SLUS_012.69;Knockout Kings 2001 (USA);
SLPS_034.73;Simple Character 2000 Series Vol. 14 - Nante Tantei Idol - The Jigsaw Puzzle (Japan);
SLUS_010.54;Tiger Woods PGA Tour 2000 (USA);
SLUS_007.85;Tiger Woods 99 PGA Tour Golf (USA);
SLPS_011.22;Blue Breaker - Egao no Yakusoku (Japan);
SCUS_946.90;NFL GameDay 2004 (USA);
SLUS_015.71;NASCAR Thunder 2004 (USA);
SCUS_946.41;NBA ShootOut 2002 (USA);
SLPM_860.36;Tokimeki Memorial - Taisen Tokkaedama (Japan);
SLPS_025.13;Gundress Data-shuu (Japan);
SLPS_025.12;Gundress (Japan);
SCUS_946.73;NBA ShootOut 2003 (USA);
SLUS_006.99;Eliminator (USA);
SLPM_868.64;Simple 1500 Series Vol. 67 - The Soccer - Dynamite Soccer 1500 (Japan);
SLPM_868.70;Simple 1500 Series Vol. 71 - The Ren'ai Simulation 2 - Fureai (Japan);
SLPM_869.98;Simple 1500 Series Vol. 83 - The Wakeboard - BursTrick - Wake Boarding!! (Japan);
SCUS_945.71;Disney's The Emperor's New Groove (USA);
SLUS_006.56;Rat Attack! (USA);
"SLPS_024.31
SLPS_030.78";Junjou de Karen - Meymay Kishidan - Spectral Force Seishoujo Gaiden (Japan);
"SLPS_025.26
SLPS_031.53";Spectral Blade (Japan);
"SLPS_016.28
SLPS_027.84";Spectral Force 2 (Japan);
"SLPS_018.70
SLPS_027.83";Monster Complete World (Japan);
SLPS_027.10;Art Camion - Sugorokuden (Japan);
SLPS_025.85;One Two Smash - Tanoshii Tennis (Japan);
"SLPS_020.79
SLPS_020.87
SLPS_020.89";Cadillac (Japan);
SLPS_015.48;Battle Athletess - Daiundoukai GTO (Grand Trial Onnanoco) (Japan);
SCPS_101.32;Aconcagua (Japan) (Disc 2);
SCPS_101.31;Aconcagua (Japan) (Disc 1);
SLUS_010.03;Need for Speed - V-Rally 2 (USA);
SLUS_006.78;Bottom of the 9th '99 (USA);
SCUS_946.43;Peter Pan in Disney's Return to Never Land (USA);
SCUS_946.36;Disney's Atlantis - The Lost Empire (USA, Canada);
SLUS_006.35;Fox Sports Soccer '99 (USA) (En,Es);
SLUS_009.90;MTV Sports - Snowboarding (USA);
SLPS_018.50;Majokko Daisakusen - Little Witching Mischiefs (Japan);
SLPM_870.88;Simple 1500 Series Vol. 97 - The Squash (Japan);
SLPM_861.31;Moritaka Chisato - Safari Tokyo (Japan) (Disc 2);
SLPM_861.30;Moritaka Chisato - Safari Tokyo (Japan) (Disc 1);
SLES_011.76;Mega Man X4 (Europe);
SLPS_000.07;Geom Cube (Japan);
SLPS_022.00;SD Gundam - GGeneration-0 (Japan) (Disc 1);
SLPS_022.01;SD Gundam - GGeneration-0 (Japan) (Disc 2);
SLPS_032.06;SD Gundam - GGeneration-0 (Japan) (Disc 1) (Rev 1);
SLPS_032.07;SD Gundam - GGeneration-0 (Japan) (Disc 2) (Rev 1);
SLPS_022.02;Kidou Senshi Gundam - Gihren no Yabou - Zeon no Keifu - Kimitsu Eizou Disc Tokubetsu-hen (Japan);
SLUS_000.49;Bottom of the 9th (USA);
SLUS_004.62;Mass Destruction (USA);
SCUS_943.59;MLB 2000 (USA);
SLUS_005.59;Micro Machines V3 (USA);
SCUS_944.78;MLB 2001 (USA);
SLUS_003.27;NHL Open Ice - 2 on 2 Challenge (USA);
SCUS_942.35;NHL FaceOff 99 (USA);
"SLUS_008.61
SLUS_008.61GH";NFL Blitz 2000 (USA);
SCUS_945.52;NBA Shoot Out '97 (USA);
SLPS_027.58;F1 2000 (Japan);
"SLPS_022.34
SLPS_032.94";Submarine Hunter Shachi (Japan);
SLUS_010.35;Vanark (USA);
SLUS_007.09;Invasion from Beyond (USA);
SLUS_002.62;Syndicate Wars (USA);
SLES_005.40;Wing Over (Europe);
SCES_009.92;Cool Boarders 2 (Europe);
SLES_040.38;Elemental Pinball (Europe);
SLPM_869.10;Simple 1500 Series - Hello Kitty Vol. 04 - Trump (Japan);
SLPM_868.66;Simple 1500 Series - Hello Kitty Vol. 01 - Bowling (Japan);
SLPM_868.67;Simple 1500 Series - Hello Kitty Vol. 02 - Illust Puzzle (Japan);
SLPM_869.11;Simple 1500 Series - Hello Kitty Vol. 03 - Block Kuzushi (Japan);
SLUS_006.93;Dead in the Water (USA);
SCPS_100.75;Pocket Dungeon (Japan);
SLUS_001.52;Tomb Raider (USA) (Rev 4);
SLUS_003.00;Dare Devil Derby 3D (USA);
SLPS_021.63;Purumui Purumui (Japan);
SLPS_020.22;Toushinden Subaru (Japan);
SCES_009.67;Crash Bandicoot 2 - Cortex Strikes Back (Europe, Australia) (En,Fr,De,Es,It) (EDC);
SLPM_869.87;SuperLite 3in1 Series - Quiz-shuu (Japan);
SLPM_869.57;SuperLite 3in1 Series - NumCro-shuu (Japan);
SLUS_003.15;Tecmo Stackers (USA);
SLPS_033.68;Nice Price Series Vol. 04 - Billiard King (Japan);
SLPS_033.84;Nice Price Series Vol. 06 - Quiz de Battle (Japan);
SLPS_034.10;Nice Price Series Vol. 10 - Igo o Utou! (Japan);
SCUS_943.97;Toys R Us - Attack of the Killer Demos! (USA);
SLES_002.91;Dragon Ball Z - Ultimate Battle 22 (France);
SCES_003.47;Chevaliers de Baphomet, Les (France);
"SLES_004.62
SLES_004.62#";Heart of Darkness (France) (Disc 1);
"SLES_104.62
SLES_104.62#";Heart of Darkness (France) (Disc 2);
SLES_006.81;Spider - The Video Game (France);
SLUS_003.36;Worms (USA);
SCUS_946.01;3D Lemmings (USA);
SLUS_009.66;Ballistic (USA);
SLUS_002.33;Bust-A-Move 2 - Arcade Edition (USA);
SLUS_002.16;Namco Museum Vol. 2 (USA);
SLUS_002.83;Tempest X3 (USA);
SLUS_004.16;Namco Museum Vol. 4 (USA);
"SLUS_010.32
SLUS_010.32GH";Digimon World (USA);
SLUS_004.17;Namco Museum Vol. 5 (USA);
SLUS_004.18;Super Puzzle Fighter II Turbo (USA);
SLUS_009.45;Konami Arcade Classics (USA);
SLUS_007.24;Roll Away (USA);
SLUS_007.27A;Thunder Force V - Perfect System (USA);
SLUS_008.44;Chocobo Racing (USA);
SLUS_008.90;Glover (USA);
SLUS_009.28;Space Invaders (USA);
SLES_023.46;Amerzone, L' (France) (Disc 1);
SLES_123.46;Amerzone, L' (France) (Disc 2);
SLES_038.22;London Racer II (Europe);
SLES_033.59;World Destruction League - WarJetz (Europe) (En,Fr,De,Es,It);
SLES_000.57;Lost Vikings 2 - Norse by Norsewest (Europe) (En,Fr,De);
SLES_028.96;Bugs Bunny & Taz - Time Busters (Europe) (En,Fr,De,Es,It,Nl);
SLES_025.25;Nickelodeon Rugrats - Studio Tour (Europe);
SLES_016.90;LEGO Rock Raiders (Europe) (En,Fr,De,Es,It,Nl,Sv,No,Da,Fi);
SLES_002.15;Shellshock (France);
SLES_021.44;Space Invaders (Europe);
"SLES_039.54
SLES_039.54_P";Tony Hawk's Pro Skater 4 (Europe);
SLES_028.30;MoHo (Europe) (En,Fr,De,Es,It);
SLES_010.06;Command & Conquer - Alerte Rouge (France) (Disc 1) (Allies);
SLES_110.06;Command & Conquer - Alerte Rouge (France) (Disc 2) (Sovietiques);
SLES_006.14;Lifeforce Tenka (France);
SLES_011.57;Road Rash 3D (France);
SLES_001.31;Lone Soldier (Europe);
SLES_028.37;Visiteurs, Les - La Relique de Sainte Rolande (France);
"SLES_001.45
SLES_001.45#";Firestorm - Thunderhawk 2 (Europe) (En,Fr);
SLES_010.91;Skullmonkeys (France);
SLES_007.65;NASCAR 98 (France);
SLES_008.82;NBA Pro 98 (Europe);
SLES_002.25;NBA Live 96 (Europe);
SLES_000.47;Off-World Interceptor Extreme (Europe);
SLES_040.02;M&M's - Shell Shocked (Germany);
SLUS_015.34;Inuyasha - A Feudal Fairy Tale (USA);
SLPS_008.10;Shin Theme Park (Japan);
SLPS_024.12;Puyo Puyoon - Car-kun to Issho (Japan);
SCPS_100.13;Center Shiken Trial - Eigo no Tetsujin (Japan);
SLES_035.13;Hugo - Black Diamond Fever (Europe) (Fr,De,Nl);
SLES_007.69;OverBlood (France);
SCES_002.45;Motor Toon Grand Prix 2 (Europe);
SLES_022.39;Tomb Raider - La Revelation Finale (France);
SLES_003.06;Blazing Dragons (Germany);
SLES_012.16;CBZ - CyBall Zone (Germany);
SCES_030.74;Fussball Live 2 (Germany);
"SCUS_942.67
SCUS_942.87";PlayStation Underground Jampack (USA);
SCUS_942.90;Spyro the Dragon (USA) (Demo) (SCUS-94290);
SCUS_942.55;Tomba! (USA) (Demo);
SCUS_943.71;Toys R Us - Interactive CD Sampler Disc (USA);
SCUS_942.56;Squaresoft on PlayStation Collector's CD (USA);
SLPS_023.76;Little Princess - Marl Oukoku no Ningyou-hime 2 (Japan);
SLPM_870.57;Simple 1500 Series Vol. 93 - The Puzzle Bobble - Puzzle Bobble 4 (Japan);
SLPM_871.40;Simple 1500 Series Vol. 99 - The Kendou - Ken no Hanamichi (Japan);
SLPM_872.12;Simple 1500 Series Vol. 103 - The Ganso Densha Untenshi - Densha de Go! (Japan);
SLPM_865.32;Shichida-shiki Unou de Asobenture Vol. 6 - Katachi 123 - 4-6-sai Muke (Japan);
SLUS_011.59;Bust A Groove 2 (USA);
SLUS_006.16;Risk - The Game of Global Domination (USA);
SLES_008.39;Oddworld - Abe's Oddysee (Germany);
SLPM_861.34;Mitsumete Knight R - Daibouken-hen (Japan);
SLUS_004.50;Arcade's Greatest Hits - The Midway Collection 2 (USA);
SCED_011.28;Euro Demo 11-98 (Germany);
SLUS_002.05;Space Hulk - Vengeance of the Blood Angels (USA);
SLUS_010.92;Dragon Valor (USA) (Disc 1);
SLUS_011.64;Dragon Valor (USA) (Disc 2);
SLPS_005.16;Shock Wave - Operation JumpGate (Japan);
SLPS_005.87;Magic Carpet (Japan);
SCUS_946.04;Carnage Heart (USA);
"SCUS_946.04
SCUS_949.64";Carnage Heart (USA) (Mission Briefing);
SLPS_003.14;Novastorm (Japan) (Disc 1);
SLPS_003.15;Novastorm (Japan) (Disc 2);
SLUS_006.92;S.C.A.R.S. (USA);
SLUS_007.91;NBA in the Zone '99 (USA);
SLUS_000.16;PGA Tour 96 (USA);
SCUS_941.52;Epidemic (USA);
SLUS_000.19;Wing Commander III - Heart of the Tiger (USA) (Disc 1);
SLUS_001.34;Wing Commander III - Heart of the Tiger (USA) (Disc 2);
SLUS_001.35;Wing Commander III - Heart of the Tiger (USA) (Disc 3);
SLUS_001.36;Wing Commander III - Heart of the Tiger (USA) (Disc 4);
SCUS_945.03;1Xtreme (USA);
SLUS_014.96;Blockids (USA);
SLED_017.74;Silent Hill (Germany) (Demo);
SLPM_865.31;Shichida-shiki Unou de Asobenture Vol. 5 - Kotoba ABC - 4-6-sai Muke (Japan);
SLPS_010.55;Croc! Pau-Pau Island (Japan);
SLUS_003.37;True Pinball (USA);
SLPS_007.79;Boys Be... (Japan);
SLUS_011.77;Sydney 2000 (USA);
SLUS_013.04;Chicken Run (USA);
SLUS_012.58;Galaga - Destination Earth (USA);
SLUS_009.48;NBA Showtime - NBA on NBC (USA);
SLUS_009.99;Fisherman's Bait 2 - Big Ol' Bass (USA);
SLPS_027.31;Aquarian Age - Tokyo Wars (Japan);
SLPS_003.88;Turf Wind '96 - Take Yutaka Kyousouba Ikusei Game (Japan);
SLUS_000.31;Shellshock (USA);
SLUS_011.60;Transformers - Beast Wars Transmetals (USA);
SLUS_009.43;Eagle One - Harrier Attack (USA) (En,Fr,Es);
SLUS_012.59;Big Ol' Bass 2 (USA);
SLUS_006.90;G. Darius (USA);
SLUS_008.01;Kingsley's Adventure (USA);
SLUS_009.35;Thrasher - Skate and Destroy (USA);
SLUS_014.99;Turnabout (USA);
SLUS_011.78;Monster Rancher Battle Card - Episode II (USA);
SLPS_031.37;Tantei Jinguuji Saburou - Early Collection (Japan) (Fukyuuban);
SLPS_030.16;Tantei Jinguuji Saburou - Mikan no Report (Japan) (Fukyuuban);
SLPS_030.14;Tantei Jinguuji Saburou - Yume no Owari ni (Japan) (Fukyuuban);
SCUS_946.89;MLB 2004 (USA);
SLUS_014.59;Sports Superbike 2 (USA);
SLUS_013.85;E.T. the Extra-Terrestrial - Interplanetary Mission (USA);
SLUS_014.91;Cleopatra's Fortune (USA);
SLUS_006.47;NASCAR 98 Collector's Edition (USA);
SCPS_400.04;EPS Series Vol. 4 - Noise Reduction - Tomoa Yamamoto (Japan);
SCPS_400.01;EPS Series Vol. 1 - Because I Love You - Yukiko Morikawa (Japan);
SCPS_400.03;EPS Series Vol. 3 - Come and Kiss Me - Tomomi Tsunoda (Japan);
"SLPS_007.82
SLPS_911.04";Conveni, The - Ano Machi o Dokusen seyo (Japan);
SLPM_866.55;Conveni, The - Ano Machi o Dokusen seyo (Japan) (Major Wave);
"PAPX_900.18
PAPX_900.19
PCPX_960.76";Minna no Golf (Japan) (Demo);
SLPS_001.22;Off-World Interceptor Extreme (Japan);
SLPS_015.57;Duke Nukem - Total Meltdown (Japan);
SLPM_860.50;Power Stakes Grade 1 (Japan);
SLPS_026.23;Gallop Racer 2000 (Japan);
SCUS_941.67;Jet Moto 2 (USA);
SLES_026.07;Star Wars - Episode I - Jedi Power Battles (Europe);
SLPM_867.99;SuperLite Gold Series - Minna no Mahjong (Japan);
SLPM_869.20;SuperLite Gold Series - Minna no Shougi - Shokyuu-hen (Japan);
SLPM_868.19;SuperLite Gold Series - Otenami Haiken (Japan);
SCED_024.17;Demo Disc (Europe) (En,Fr,De,Es,It);
SLUS_002.96;Bottom of the 9th '97 (USA);
SLUS_006.70;Armored Core - Project Phantasma (USA);
SLUS_009.76;Warpath - Jurassic Park (USA);
SLPS_003.58;Formula Circus (Japan);
SLPM_870.47;Otenki Kororin (Japan);
SLUS_013.21;Moto Racer World Tour (USA);
SLUS_015.84;Madden NFL 2005 (USA);
SLUS_015.09;Jigsaw Madness (USA);
SLES_041.65;FIFA Football 2005 (Europe) (En,Nl);
PCPX_960.75;Play-Pre Vol. 7 (Japan);
"SLPS_020.50
SLPS_028.12";A Ressha de Ikou Z - Mezase! Tairiku Oudan (Japan);
SLPS_013.50;T kara Hajimaru Monogatari (Japan);
SLES_029.47;Ski Air Mix (Europe);
"SLES_024.68
SLES_024.68#";Wacky Races (Europe) (En,Fr,De,Es,It,Nl);
SLPS_005.82;Beltlogger 9 (Japan);
SLES_012.46;KKND Krossfire (Europe);
SCES_015.17;Disneys Tarzan (Germany);
SLES_029.95;Driver 2 - Back on the Streets (Germany) (Disc 1);
SLES_129.95;Driver 2 - Back on the Streets (Germany) (Disc 2);
SLPM_860.52;Konami Antiques - MSX Collection Vol. 1 (Japan);
SLPM_860.62;Konami Antiques - MSX Collection Vol. 2 (Japan);
SLPS_011.10;Happy Hotel (Japan);
"SCPS_452.09
SLPS_006.47";Samurai Spirits - Kenkaku Shinan Pack (Japan, Asia);
SLPS_012.40;Shiritsu Justice Gakuen - Legion of Heroes (Japan) (Disc 1) (Evolution Disc);
SLPS_012.41;Shiritsu Justice Gakuen - Legion of Heroes (Japan) (Disc 2) (Arcade Disc);
SLPS_011.25;Real Robots - Final Attack (Japan);
SCES_009.02;Ace Combat 2 (Germany);
SLES_007.48;Ark of Time (Europe) (En,Fr,De,Es,It);
SLES_026.28;Army Men - Sarge's Heroes (Germany);
SCPS_190.01;PlayStation Comic - Space Adventure Cobra - The Psychogun Vol. 1 (Japan);
SCPS_190.02;PlayStation Comic - Space Adventure Cobra - The Psychogun Vol. 2 (Japan);
SCPS_190.05;PlayStation Comic - Space Adventure Cobra - Galaxy Nights (Japan);
SLES_029.56;Sword of Camelot, The (Europe) (En,Fr,De,Nl);
SLES_009.71;Resident Evil - Director's Cut (Germany);
SLES_002.91;Dragon Ball Z - Ultimate Battle 22 (France) (EDC);
SLUS_012.25;Incredible Crisis (USA);
SLUS_010.02;Duke Nukem - Land of the Babes (USA);
SLUS_013.64;Nickelodeon Rugrats - Totally Angelica (USA);
SCUS_941.08;Jumping Flash! 2 (USA);
SLUS_013.19;EA Sports Supercross (USA);
SLUS_010.75;Expendable (USA);
SLUS_009.84;South Park Rally (USA);
SLUS_007.75;Irritating Stick (USA);
SLUS_009.31;Flintstones, The - Bedrock Bowling (USA);
SLUS_009.03;Scrabble (USA);
SLPS_005.75;Zeiramzone (Japan);
SLUS_014.14;Hellboy - Asylum Seeker (USA);
SLUS_008.43;Reel Fishing II (USA);
SLUS_004.14;K-1 The Arena Fighters (USA);
SLUS_005.91;Nagano Winter Olympics '98 (USA);
SLUS_010.52;EA Sports Superbike 2000 (USA);
SLUS_011.71;Family Feud (USA);
SLPS_020.45;R (Japan) (Disc 1) (Shokai Genteiban);
SLPS_020.46;R (Japan) (Disc 2) (Photo Album) (Shokai Genteiban);
SLUS_012.31;MTV Sports - Pure Ride (USA);
SLUS_012.85;RC de Go! (USA);
SLUS_014.63;Shrek Treasure Hunt (USA);
SLUS_015.55;Slots (USA);
SLUS_005.46;Formula 1 Championship Edition (USA) (En,Fr,De,Es,It);
SLES_012.56;Alundra (Germany);
SLES_009.37;Warzone 2100 (Europe) (En,Es,It);
"SLES_017.43
SLES_017.43#";Warzone 2100 (Germany);
SCES_011.72;Wild Arms (Germany);
SLES_023.22;Knockout Kings 2000 (Europe);
SLES_010.92;Skullmonkeys (Germany);
SLPM_862.81;Cross Tantei Monogatari (Japan) (Disc 2);
SLPM_862.80;Cross Tantei Monogatari (Japan) (Disc 1);
SLPM_870.43;SuperLite 1500 Series - Emmyrea (Japan);
SLPM_871.90;SuperLite 1500 Series - Wizard's Harmony R (Japan);
SLUS_014.68;Planet of the Apes (USA);
SCES_019.12;Syphon Filter (Germany);
SLES_009.08;PGA Tour 98 (Europe);
SLED_000.38;Croc - Legend of the Gobbos (Europe) (Demo);
SLES_007.54;Brahma Force (Europe);
SLES_039.58;All Star Boxing (Europe);
SLES_028.99;Koudelka (Germany) (Disc 1);
SLES_128.99;Koudelka (Germany) (Disc 2);
SLES_228.99;Koudelka (Germany) (Disc 3);
SLES_328.99;Koudelka (Germany) (Disc 4);
SLES_023.71;CyberTiger (Australia);
SLES_031.33;MTV Sports - Skateboarding featuring Andy Macdonald (Europe);
SLES_025.13;NBA in the Zone 2000 (Europe);
SCES_030.45;Legend of Dragoon, The (Germany) (Disc 1);
SCES_130.45;Legend of Dragoon, The (Germany) (Disc 2);
SCES_230.45;Legend of Dragoon, The (Germany) (Disc 3);
SCES_330.45;Legend of Dragoon, The (Germany) (Disc 4);
SLPS_004.77;Wing Commander III - Heart of the Tiger (Japan) (Disc 1);
SLPS_004.78;Wing Commander III - Heart of the Tiger (Japan) (Disc 2);
SLPS_004.79;Wing Commander III - Heart of the Tiger (Japan) (Disc 3);
SLPS_004.80;Wing Commander III - Heart of the Tiger (Japan) (Disc 4);
"SCES_022.87
SCES_022.87/P";Syphon Filter 2 (Germany) (Disc 1);
SLUS_009.36;South Park (USA);
SLUS_013.25;Monster Rancher Hop-A-Bout (USA);
SLUS_012.44;High Heat Major League Baseball 2002 (USA);
SLES_039.91;Baby Felix Tennis (Europe) (En,Fr,De,Es,It,Nl);
SCPS_101.15;Alundra 2 - Mashinka no Nazo (Japan);
"SLPM_872.41
SLPM_873.61";Harukanaru Toki no Naka de - Banjou Yuugi (Japan) (Premium Box);
SLPS_029.56;Mahjong Youchien Tamago-gumi 2 - Taikai e Ikou! (Japan);
SLES_014.16;Asterix (Europe) (En,Fr,De,Nl);
SLPM_871.20;SuperLite 1500 Series - Monster Complete World (Japan);
SLPM_863.66;SuperLite 1500 Series - F1 Grand Prix 1996 - Team Un'ei Simulation (Japan);
SLPM_863.20;SuperLite 1500 Series - Kaette kita Pachio-kun - Dream Collection (Japan);
SCES_003.48;Baphomets Fluch (Germany);
SLES_012.74;Blaze & Blade - Eternal Quest (Germany);
SLES_009.62;Broken Helix (Germany);
SLES_030.65;Bundesliga Stars 2001 (Germany);
SLES_008.72;Clock Tower (Germany);
SCES_026.22;Colony Wars - Red Sun (Germany);
SLES_005.89;Crusader - No Remorse (Germany);
SLES_007.46;Ian Livingstone's Deathtrap Dungeon (Europe) (En,Fr,De,Es,It);
SLES_007.95;Discworld II - Vermutlich vermisst...! (Germany);
SLES_020.64;Discworld Noir (Germany);
SLES_024.06;Disney-Pixar Toy Story 2 - Buzz Lightyear eilt zur Hilfe! (Germany);
SLES_022.49;Dune 2000 (Germany);
SLES_029.32;Gauntlet Legends (Germany);
SLES_015.98;Grab des Pharao, Das (Germany);
SCES_013.22;Granstream Saga, The (Germany);
SLES_018.00;Guardian's Crusade (Germany);
SLES_019.67;Kagero - Deception II (Europe);
SCES_019.45;Legend of Legaia (Germany);
SLES_005.42;Lethal Enforcers (Europe);
SLES_005.90;Midnight Run - Road Fighter 2 (Europe);
SLES_015.40;MonsterSeed (Europe) (En,Fr,De);
SLES_009.52;NBA Live 98 (Germany);
SLES_005.12;NHL 98 (Germany);
SLES_014.58;NHL 99 (Germany);
SLES_016.88;Pool Hustler (Europe);
SLES_009.24;ReBoot (Germany);
SLES_021.87#;OverBlood 2 (Germany) (Disc 1) (Rev 1);
SLES_013.16;Bio F.R.E.A.K.S. (Europe);
SLED_010.67;Command & Conquer - Alerte Rouge (France) (Demo);
SLES_031.25;Medal of Honor - Resistance (France);
"SLES_015.06
SLES_015.06#";Metal Gear Solid (France) (Disc 1);
"SLES_115.06
SLES_115.06#";Metal Gear Solid (France) (Disc 2);
"SCPS_451.11
SLPS_009.12";Notam of Wind (Japan, Asia);
SLPS_011.69;'Butagee' de Iinja Nai (Japan);
"SLES_026.05/P
SLES_026.05/P#";Colin McRae Rally 2.0 (Europe) (En,Fr,De,Es,It) (Rev 2);
SLES_027.27;Victory Boxing Challenger (Europe) (En,Fr,De,Es);
SLES_002.75;Titan Wars (Europe);
SLPM_863.97;NBA Power Dunkers 5 (Japan);
SLPM_860.11;NBA Power Dunkers 2 (Japan);
"SCPS_451.56
SLPM_860.60";NBA Power Dunkers 3 (Japan, Asia);
SLPM_861.76;NBA Power Dunkers 4 (Japan);
SLED_013.10;Adidas Power Soccer 98 (France) (Demo);
"SLES_038.12
SLES_038.12#";Rayman Rush (Europe) (En,Fr,De,Es,It);
SCPS_101.11;Pet in TV - With My Dear Dog (Japan);
SCPS_180.03;Depth (Japan);
"SLPM_860.56
SLPM_861.32";Hyper Olympic in Nagano (Japan);
SLPS_032.67;Hoshi no Mahoroba (Japan);
SLES_041.30;Detective Mouse (Europe) (En,Fr,De);
SLES_040.71;Animal Football (Europe) (En,Fr,De);
SLUS_001.86;Rise 2 - Resurrection (USA) (En,Fr,De,Es,It);
SLUS_013.16;Dracula - The Resurrection (USA) (Disc 2);
SLUS_012.84;Dracula - The Resurrection (USA) (Disc 1);
SLUS_008.81;Danger Girl (USA);
SLES_041.27;Toys (Europe) (En,Fr,De);
SLUS_013.43;Power Shovel (USA);
"SLES_015.37
SLES_015.37#";Pool Shark (Europe);
SLES_028.59;Sydney 2000 (Germany);
SCES_000.07#;Air Combat (Europe) (EDC);
SLES_040.24;Ultimate Brain Games (Europe);
SCUS_946.05;Discworld II - Mortality Bytes! (USA);
SLPM_864.17;Hyper Value 2800 - Hanafuda (Japan);
SLPM_864.18;Hyper Value 2800 - Hyper Pachinko (Japan);
SLPM_862.92;Hyper Value 2800 - Mahjong (Japan);
SLES_017.14;Grand Theft Auto - Mission Pack 1 - London 1969 (Europe) (En,De,It);
SCES_000.06;CyberSled (Europe);
SCES_017.07;Star Ixiom (Europe);
SLES_001.90;Actua Soccer - Club Edition (Europe);
"SLPM_864.57
SLPM_866.65";Kinniku Banzuke Vol. 2 - Arata naru Genkai e no Chousen! (Japan);
SLPS_024.97;Pocke-Kano - Aida Yumi (Japan);
SLPM_864.11;Dancing Stage featuring True Kiss Destination (Japan);
"SLPS_010.97
SLPS_030.75";Asuncia - Majou no Jubaku (Japan);
SLES_100.70;Psychic Detective (Europe) (Disc 2);
SLES_200.70;Psychic Detective (Europe) (Disc 3);
SLUS_013.54;Point Blank 3 (USA);
SLUS_011.41;Batman - Gotham City Racer (USA);
SLUS_012.14;Disney-Pixar Toy Story Racer (USA);
SLUS_001.95;Romance of the Three Kingdoms IV - Wall of Fire (USA);
SLPS_033.44;Kamen Rider Agito (Japan);
SLPS_034.95;Kamen Rider Ryuuki (Japan);
SLPS_034.43;Kamen Rider V3 (Japan);
SLES_005.00;Project Overkill (Europe);
SLES_012.60;B-Movie (Europe) (En,Es,It);
SLUS_015.78;FIFA Soccer 2004 (USA) (En,Es);
SLUS_014.61;Rageball (USA);
SLUS_014.90;Monster Bass (USA);
"SLES_012.10
SLES_012.10#";Actua Soccer 3 (Europe);
SLES_033.38;BursTrick - Wake Boarding!! (Europe) (En,Fr,De);
SLPS_013.96;Virtual Kyoutei '98 (Japan);
SLPM_862.00;Glint Glitters (Japan);
SLPS_017.16;Wizard's Harmony R (Japan);
SLPM_860.30;Ganbare Goemon - Uchuu Kaizoku Akogingu (Japan) (Rev 1);
SCUS_946.95;NFL GameDay 2005 (USA);
SLPS_004.37;PO'ed (Japan);
SLPS_033.60;Sister Princess - Pure Stories (Japan);
SLPS_008.33;Gamera 2000 (Japan) (En,Ja);
SLPM_862.50;Goo! Goo! Soundy (Japan);
SLPS_033.06;Happy Jogging in Hawaii (Japan);
SLPS_031.82;Happy Diet (Japan);
SLUS_013.69;Looney Tunes - Sheep Raider (USA) (En,Fr,Es,Pt);
SLPS_000.09;Cosmic Race (Japan);
SLPM_860.83;Hello Charlie!! (Japan);
"SLPM_868.48
SLPM_872.02";GetBackers - Dakkan'ya (Japan);
SLUS_001.88;Tunnel B1 (USA);
SLUS_012.80;Dance Dance Revolution (USA);
SLUS_009.29;Wu-Tang - Shaolin Style (USA);
SLUS_009.42;Gallop Racer (USA);
SLPS_012.49;Mainichi Nekoyoubi (Japan);
SCPS_100.76;Pocket MuuMuu (Japan);
"SLPM_868.13
SLPS_027.11";Rockman Dash 2 - Episode 2 - Ooinaru Isan (Japan);
SLPM_864.46;Guitar Freaks Append 2nd Mix (Japan);
SLPS_022.97;Densetsu-juu no Ana - Monster Complete World Ver. 2 (Japan);
SLPM_870.12;Beatmania 6thMix + Core Remix (Japan);
SLES_000.26;Shellshock (Europe);
SLPS_004.62;Oehlins Hyper-Rally (Japan);
SLPS_035.33;Slotter Mania 9 - Gokunetsu 30 Phi! Haibi & Splash Seven (Japan);
SLPS_000.34;Zeitgeist (Japan);
SCUS_944.17;Rush Hour (USA);
SLUS_012.07;Batman Beyond - Return of the Joker (USA);
SLPS_023.16;Dark Tales - From the Lost Soul (Japan);
SLPS_016.83;Simple 1500 Series Vol. 5 - The Igo (Japan) (Culture Publishers);
SLPS_024.39;Simple 1500 Series Vol. 3 - The Gomoku Narabe (Japan);
SLUS_014.92;Puzznic (USA);
SCUS_945.61;NBA ShootOut 2000 (USA);
SLUS_008.02;Fisherman's Bait - A Bass Challenge (USA);
"SLUS_009.64
SLUS_009.64GH";Hot Wheels - Turbo Racing (USA);
SLUS_010.36;F1 World Grand Prix - 1999 Season (USA) (En,Fr,De,Es,It);
SLUS_011.34;Formula One 2000 (USA);
SLUS_013.42;Crossroad Crisis (USA);
SLPS_007.64;Rockman - Battle & Chase (Japan);
SLPS_010.51;Super Adventure Rockman (Japan) (Disc 1) (Episode 1 Tsuki no Shinden);
SLPS_010.52;Super Adventure Rockman (Japan) (Disc 2) (Episode 2 Shitou! Wily Numbers);
SLPS_010.53;Super Adventure Rockman (Japan) (Disc 3) (Episode 3 Saigo no Tatakai!!);
SLUS_008.17;Pro 18 - World Tour Golf (USA);
SLUS_007.58;Pool Hustler (USA);
SLUS_013.07;Star Sweep (USA);
SLES_025.33;Resident Evil 3 - Nemesis (Italy);
SLPM_860.87;Breeding Stud 2 (Japan);
SCED_011.23;Euro Demo 06-98 (Germany);
SCED_011.24;Euro Demo 07-98 (Germany);
SCED_011.25;Euro Demo 08-98 (Germany);
SCED_005.83;Euro Demo Two (Germany);
SCED_006.69;Euro Demo Four (Germany);
SLUS_008.86;Chessmaster II (USA);
SLUS_013.61;Barbie - Explorer (USA);
SLUS_006.48;Black Bass with Blue Marlin (USA);
SLUS_011.92;Disney-Pixar Buzz Lightyear of Star Command (USA);
"SLUS_012.82
SLUS_012.82CE";Disney's The Lion King - Simba's Mighty Adventure (USA);
SLUS_015.76;Nick Jr. Dora the Explorer - Barnyard Buddies (USA);
SLUS_014.08;FIFA Soccer 2002 (USA) (En,Es);
SLUS_015.85;FIFA Soccer 2005 (USA) (En,Es);
SLUS_012.93;Hot Wheels - Extreme Racing (USA);
SLUS_002.35;Iron Man & X-O Manowar in Heavy Metal (USA);
SLUS_011.25;Kurt Warner's Arena Football Unleashed (USA);
SLUS_012.46;LEGO Island 2 - The Brickster's Revenge (USA);
SLUS_005.81;LEGO Racers (USA) (En,Fr,De,Es,It,Nl,Sv,No,Da,Fi);
SLUS_015.70;Madden NFL 2004 (USA);
SLUS_014.71;Marble Master (USA);
SLUS_002.57;Marvel Super Heroes (USA);
SLUS_012.71;NBA Live 2001 (USA);
SLUS_011.14;Saban's Power Rangers - Lightspeed Rescue (USA);
SLUS_007.30;Psybadek (USA);
SLUS_010.62;Roswell Conspiracies - Aliens, Myths & Legends (USA);
SLUS_011.16;Nickelodeon Rugrats in Paris - The Movie (USA);
SLUS_007.81;Small Soldiers (USA);
SLUS_010.43;Land Before Time, The - Return to the Great Valley (USA);
SCUS_944.54;Tomba! 2 - The Evil Swine Return (USA);
SLUS_015.12;My Disney Kitchen (USA);
SLUS_009.94;FIFA 2000 - Major League Soccer (USA) (En,De,Es,Nl,Sv);
SLUS_008.38;Bugs Bunny - Lost in Time (USA) (En,Fr,Es);
SLUS_004.57;Darklight Conflict (USA) (En,Fr,De,Es,It,Sv);
SCUS_943.52;Thunder Truck Rally (USA);
SLPM_864.24;Densha de Go! Nagoya Tetsudou-hen (Japan);
SLUS_000.11;NFL Quarterback Club '97 (USA);
SLUS_001.42;NCAA Basketball Final Four 97 (USA);
SLUS_001.57;Hi-Octane - The Track Fights Back! (USA) (En,Fr,De,Es);
SLPS_034.30;Final Fantasy (Japan);
SLPS_035.02;Final Fantasy II (Japan);
SCUS_943.56;Cool Boarders (USA);
SLUS_003.54;Bugriders - The Race of Kings (USA);
SLUS_015.79;Cat in the Hat, The (USA);
SLUS_007.17;Motorhead (USA);
SLUS_005.28;NHL Powerplay 98 (USA) (En,Fr,De);
SLUS_012.86;Disney's The Little Mermaid II (USA);
SCUS_012.32;MTV Sports - Skateboarding featuring Andy Macdonald (USA);
SCUS_945.02;Adidas Power Soccer (USA);
SLUS_012.21;Detective Barbie - The Mystery Cruise (USA);
SLUS_010.49;Family Game Pack (USA);
SLUS_000.24;Geom Cube (USA);
SLUS_003.23;Grid Runner (USA);
SLUS_011.70;Breakout (USA);
"SLES_037.03
SLES_037.03#";Scooby-Doo and the Cyber Chase (Europe);
SLES_035.92;Who Wants to Be a Millionaire - Junior (Europe);
SLES_039.15;Puzznic (Europe);
"SCES_038.71
SCES_038.71_P";Disney's Lilo & Stitch - Trouble in Paradise (Europe);
SLES_014.48;Knockout Kings 99 (Europe);
SLES_035.79;Junior Sports Football (Europe);
SLES_024.04;International Cricket Captain 2000 (Europe);
SCES_014.89;Disney-Pixar A Bug's Life (Europe);
SLUS_010.23;NCAA March Madness 2000 (USA);
SLES_029.73;Mummy, The (Europe) (En,Fr,De,Es,It);
"SLPM_863.23
SLPM_868.12";Jet de Go! Let's Go by Airliner (Japan);
SLPM_864.00;SuperLite 1500 Series - Battle Sugoroku the Hunter - A.R.0062 (Japan);
SLPM_865.80;SuperLite 1500 Series - Cyber Daisenryaku - Shutsugeki! Haruka-tai (Japan);
SLPM_862.97;SuperLite 1500 Series - Game de Seishun (Japan);
SLPM_864.35;King of Fighters '98, The - Dream Match Never Ends (Japan) (Rev 1);
SLES_015.31;Big Air (Europe) (En,Fr,De,Sv);
SLPS_033.33;Tokyo Majin Gakuen - Gehouchou (Japan) (Disc 1) (You);
SLPS_033.34;Tokyo Majin Gakuen - Gehouchou (Japan) (Disc 2) (In);
SLPS_033.35;Tokyo Majin Gakuen - Gehouchou (Japan) (Disc 3) (Ja);
SLPS_010.98;WarCraft II - The Dark Saga (Japan);
SLPM_861.24;Exciting Bass (Japan);
"SLPS_014.32
SLPS_028.34";Tokyo Majin Gakuen - Kenpuuchou (Japan) (Disc 1) (You);
"SLPS_014.33
SLPS_028.35";Tokyo Majin Gakuen - Kenpuuchou (Japan) (Disc 2) (In);
SLPS_000.18;Twin Goddesses (Japan);
SCUS_946.53;MLB 2003 (USA);
SLUS_015.59;Hugo - The Evil Mirror (USA) (En,Es);
SLUS_015.27;Big League Slugger Baseball (USA);
SLUS_013.94;Hooters - Road Trip (USA);
SLUS_012.37;Muppet RaceMania (USA);
SLUS_012.19;NCAA Football 2001 (USA);
SLUS_011.98;Blue's Clues - Blue's Big Musical (USA);
SLUS_010.28;NBA in the Zone 2000 (USA);
SLUS_007.67;Freestyle Boardin' '99 (USA);
SLUS_005.08;Beast Wars - Transformers (USA);
SLUS_003.91;NHL Breakaway 98 (USA);
SLUS_001.47;Wayne Gretzky's 3D Hockey '98 (USA);
SLPM_870.44;Simple 1500 Series Vol. 90 - The Sensha (Japan);
SCPS_100.80;Wildroid 9 (Japan);
SLED_017.73;PlayStation Zone CD Vol. 3 (Germany);
SCED_017.39;Katalog Spezial Demo (Germany);
SLUS_005.47;Adidas Power Soccer 98 (USA);
SLUS_002.93;Lethal Enforcers I & II (USA);
SLUS_003.92;All-Star Baseball 97 featuring Frank Thomas (USA);
SLUS_005.29;Disney's Hercules Action Game (USA);
SCED_017.77;Euro Demo 02-99 (Germany);
SCED_017.86;Euro Demo 02-99 Rennspiele (Germany);
SCED_018.34;Euro Demo 03-99 (Germany);
SCED_011.26;Euro Demo 09-98 (Germany);
SLPM_865.36;SuperLite 1500 Series - Suudoku 3 (Japan);
SLPM_871.43;SuperLite 1500 Series - Mahjong Uranai Fortuna - Tsuki no Megamitachi (Japan);
SLED_027.21;Play Zone Vol. 18 (Germany);
SLUS_014.12;Kickboxing (USA);
SLUS_000.80;Slamscape (USA);
SLUS_004.33;Fighting Force (USA) (Rev 2);
SLUS_014.74;Cabela's Ultimate Deer Hunt - Open Season (USA);
SLUS_011.91;Tom and Jerry in House Trap (USA);
SLUS_010.47;Nicktoons Racing (USA);
SLUS_010.10;Animorphs - Shattered Reality (USA);
SLUS_009.70;Gekido - Urban Fighters (USA);
SLUS_001.56;Olympic Soccer (USA);
SLUS_001.96;College Slam (USA);
SLUS_002.77;Populous - The Beginning (USA);
SCUS_949.06;Adventures of Lomax, The (USA);
SLUS_008.83;NASCAR 99 Legacy (USA);
SLUS_002.99;Tecmo World Golf - Japan (USA);
SCES_030.44;Legend of Dragoon, The (France) (Disc 1);
SCES_130.44;Legend of Dragoon, The (France) (Disc 2);
SCES_230.44;Legend of Dragoon, The (France) (Disc 3);
SCES_330.44;Legend of Dragoon, The (France) (Disc 4);
SLES_015.02;Oddworld - L'Exode d'Abe (France) (Disc 1);
SLES_115.02;Oddworld - L'Exode d'Abe (France) (Disc 2);
SLPS_002.17;Ganbare Goemon - Uchuu Kaizoku Akogingu (Japan);
SLUS_015.24;Jim Henson's Bear in the Big Blue House (USA);
SLUS_001.16;CyberSpeed (USA);
"SLUS_007.44
SLUS_007.44_C";Formula 1 98 (USA, Canada) (En,Fr,De,Es,It,Fi);
SLUS_015.25;Mobile Light Force (USA);
SLUS_012.33;MTV Sports - T.J. Lavin's Ultimate BMX (USA);
SCUS_945.81;NBA ShootOut 2001 (USA);
SCUS_945.79;NCAA Final Four 2001 (USA);
SLUS_008.25;NHL Blades of Steel 2000 (USA);
SLUS_004.08;Power Move Pro Wrestling (USA);
SLUS_012.29;Michelin Rally Masters - Race of Champions (USA) (En,Fr,Es);
SLUS_010.65;Rampage - Through Time (USA);
SLUS_006.04;Sentinel Returns (USA);
"SLUS_007.28B
SLUS_007.28C";Silhouette Mirage (USA);
SLUS_012.47;World Destruction League - WarJetz (USA);
SLES_009.17;FIFA - Road to World Cup 98 (Italy);
SCUS_945.07;MLB Pennant Race (USA);
SLUS_003.89;BattleSport (USA);
SLUS_007.11;Fifth Element, The (USA);
SLUS_011.86;ESPN MLS Gamenight (USA);
SLUS_008.32;Jeremy McGrath Supercross 2000 (USA);
SLES_012.68;World Cup 98 - Coppa del Mondo (Italy);
SLES_033.42;Nickelodeon Rugrats in Paris - The Movie (Europe);
SLPM_866.59;SuperLite 1500 Series - Qix 2000 (Japan);
SLPM_870.69;SuperLite 1500 Series - Pao Leeming Kanshuu - Fuusui Nyuumon (Japan);
SLPM_866.32;SuperLite 1500 Series - Nobunaga Hiroku - Geten no Yume (Japan);
SLPM_864.60;SuperLite 1500 Series - Lode Runner 2 (Japan);
SLPM_870.59;Hikaru no Go - Heian Gensou Ibunroku (Japan);
SLPS_011.62;Panel Quiz Attack 25 (Japan);
SLPS_018.12;One (Japan);
SLUS_004.33;Fighting Force (USA) (Rev 1);
SLPS_031.76;Senkai Tsuuroku Seishi - TV Animation Senkaiden Houshin Engi yori (Japan);
"SCPS_451.89
SLPS_012.50";Hoshi de Hakken!! Tamagotchi (Japan, Asia);
SLPS_018.95;Noel 3 - Mission on the Line (Japan) (Disc 1);
SLPS_018.96;Noel 3 - Mission on the Line (Japan) (Disc 2);
SLPS_018.97;Noel 3 - Mission on the Line (Japan) (Disc 3);
SLUS_009.53;Viva Soccer (USA) (En,Fr,De,Es,It,Pt);
SLUS_003.16;Robo Pit (USA);
SLPM_862.28;Konami 80's Arcade Gallery (Japan);
"SCPS_453.73
SLPS_017.90";Fuujin Ryouiki Eretzvaju (Japan, Asia);
SLPS_014.16;Diablo (Japan);
"SLPS_030.90
SLPS_034.01";Kamen Rider Kuuga (Japan);
SLPS_000.60;Aquanaut no Kyuujitsu (Japan);
SCUS_945.88;Gran Turismo 2 - Music at the Speed of Sound - The Album (USA) (Bonus PlayStation Disc);
SLPS_019.37;Enomoto Kanako no Boke Shindan Game (Japan);
SLPS_013.60;Pocket Fighter (Japan);
SLES_019.03;Evil Zone (Europe);
SLES_028.95;Sheep, Dog 'n' Wolf (Europe) (En,Fr,De,Es,It,Nl);
"SCPS_100.91
SCPS_454.11";Saru! Get You! (Japan, Asia);
SCPS_911.96;Saru! Get You! (Japan) (Rev 1);
SLES_017.48#2;Asterix (Europe) (De,Es,It) (Rev 1);
SLPM_864.08;Southern All Stars - Space MOSA Space Museum of Southern Art (Japan) (Disc 1) (Museum);
"SLPS_004.38
SLPS_025.94";Oukyuu no Hihou Tension (Japan);
SLPS_017.66;Hello Kitty - White Present (Japan);
"LSP_907097
LSP_90709701";Creative Voyage (USA);
SLPS_034.12;Oujisama Lv1 (Japan);
"SLPS_003.16
SLPS_910.43";Noel - Not Digital (Japan) (Disc 1) (Rev 1);
SLPM_864.09;Southern All Stars - Space MOSA Space Museum of Southern Art (Japan) (Disc 2) (Library);
SLPM_864.10;Southern All Stars - Space MOSA Space Museum of Southern Art (Japan) (Disc 3) (Theater);
SLPM_870.61;World Greatest Hits Series Vol. 3 - Speedball 2100 (Japan);
SLPM_870.84;World Greatest Hits Series Vol. 4 - Tom Clancy's Rainbow Six (Japan);
SLPM_870.78;World Greatest Hits Series Vol. 5 - Tyco R-C - Assault with a Battery (Japan);
SLPS_033.51;Nice Price Series Vol. 01 - Nihon Pro Mahjong Renmei Kounin - Honkaku Pro Mahjong (Japan);
SLPS_033.69;Nice Price Series Vol. 03 - Hanafuda & Card Game (Japan);
SLPS_033.98;Nice Price Series Vol. 07 - World Tournament Bowling (Japan);
SLPS_033.99;Nice Price Series Vol. 08 - Elemental Pinball (Japan);
SLPS_034.31;Nice Price Series Vol. 11 - Nikakudori Deluxe (Japan);
SLUS_014.62;Equestrian Showcase (USA);
SLES_005.38;War Gods (Europe);
SLPS_028.15;Omizu no Hanamichi (Japan);
SLPM_869.90;Jikkyou Powerful Pro Yakyuu 2001 - Ketteiban (Japan);
SLPS_019.82;Itsuka, Kasanariau Ashita e - Sayuri-hen (Japan);
SLPS_019.57;Itsuka, Kasanariau Ashita e - Shirou-hen (Japan);
SLES_033.57;007 Racing (Germany);
SLPM_871.64;SuperLite 1500 Series - Option - Tuning Car Battle Spec R (Japan);
SLPS_025.87;Option - Tuning Car Battle Spec R (Japan);
SCES_020.07;Disney's Aventura Interactiva - Mulan (Spain);
SLPS_015.16;Drug Store, The - MatsumotoKiyoshi de Okaimono! (Japan);
SLPS_003.49;Dungeon Creator (Japan);
SLPS_024.44;Simple 1500 Series Vol. 8 - The Solitaire (Japan);
SLPM_867.00;Simple 1500 Series Vol. 51 - The Jigsaw Puzzle (Japan);
SLPS_000.14;Mahjong Gokuu Tenjiku (Japan);
SLPS_005.25;East End x Yuri - Eexy Life (Japan);
SLUS_900.62;Metal Gear Solid - VR Missions (USA) (Demo);
SLPM_865.35;SuperLite 1500 Series - Crossword 2 (Japan);
SLPM_862.37;SuperLite 1500 Series - The Curling (Japan);
SLPM_872.45;SuperLite 1500 Series - Farland Story - Yottsu no Fuuin (Japan);
SLPM_869.58;SuperLite Gold Series - Minna no Chess (Japan);
"SLPS_002.63
SLPS_027.51";Athena no Kateiban - Family Games (Japan);
SLPS_027.30;Suzu Monogatari (Japan);
SLPS_008.79;Puzzle Arena Toushinden (Japan);
"SLUS_005.20
SLUS_005.20S";FIFA - Road to World Cup 98 (USA) (En,Fr,De,Es,Nl,Sv);
SLPM_864.84;Cosmowarrior Zero (Japan);
SLPM_866.41;OverBlood (Japan) (Major Wave);
"SLPS_023.47
SLPS_029.38";Pro Mahjong Kiwame - Tengensen-hen (Japan);
SLPS_006.38;Star Wars - Rebel Assault II - The Hidden Empire (Japan) (Disc 1);
SLPS_006.39;Star Wars - Rebel Assault II - The Hidden Empire (Japan) (Disc 2);
SLPS_005.61;Nightruth - Explanation of the Paranormal - 'Yami no Tobira' (Japan);
SLPS_005.62;Making of Nightruth, The (Japan);
SLPM_867.41;SuperLite 1500 Series - Suudoku 5 (Japan);
SLES_028.02;Alone in the Dark - The New Nightmare (France) (Disc 1);
SLES_128.02;Alone in the Dark - The New Nightmare (France) (Disc 2);
SLPS_004.26;Magic Johnson to Kareem Abdul-Jabbar no Slam 'n Jam '96 (Japan);
SLPM_869.86;Gensou Maden Saiyuuki - Haruka naru Nishi e (Japan);
"SLPM_860.96
SLPM_862.21";Yu-Gi-Oh! Monster Capsule Breed & Battle (Japan);
SLES_035.21;Men in Black - The Series - Crashdown (Germany);
SLES_001.15;Hi-Octane (Europe) (En,Fr,De,Es);
SCES_021.01;Shadow Madness (Germany) (Disc 1);
SCES_121.01;Shadow Madness (Germany) (Disc 2);
SLPM_871.35;Super Gals! Kotobuki Ran Special - Ikemen Get You Gals Party (Japan);
SLPS_014.27;Hello Kitty no Cube de Cute (Japan);
SLES_031.07;Chaos Break (Europe) (En,Fr,De,It);
SLPM_871.87;Game of Life, The - DX Jinsei Game V (Japan);
SLPS_023.98;Max Surfing 2000 (Japan);
SLES_009.95;Ronaldo V-Football (Europe) (En,Fr,Nl,Sv);
SLPM_865.20;MasMon Kids - The Another World of the Master of Monsters (Japan) (Major Wave);
SLPS_012.71;Seirei Shoukan - Princess of Darkness (Japan);
"SLES_040.95
SLES_040.95#2";XS Moto (Europe) (En,Fr,De,Es,It);
SLES_036.42;Scrabble (Europe) (En,De,Es);
SLES_001.71;NBA in the Zone (Europe);
SLES_029.77;BDFL Manager 2001 (Germany);
"SLES_023.55
SLES_023.55#2";Urban Chaos (Germany);
SLES_029.90;Silent Bomber (Germany);
SCES_028.73;Vib-Ribbon (Europe) (En,Fr,De,Es,It);
PCPX_961.73;Play-Pre Plus 001 - 1999 October (Japan) (Disc 1);
PCPX_961.74;Play-Pre Plus 001 - 1999 October (Japan) (Disc 2) (What's Next);
PCPX_961.86;Play-Pre Plus 002 - 1999 December (Japan) (Disc 1);
PCPX_961.87;Play-Pre Plus 002 - 1999 December (Japan) (Disc 2) (What's Next);
PCPX_961.90;Play-Pre Plus 003 - 2000 February (Japan);
PCPX_961.98;Play-Pre Plus 004 - 2000 June (Japan) (Disc 1);
SLES_005.60;NBA in the Zone 2 (Europe);
SCES_009.83;Everybody's Golf (Europe, Australia) (En,Fr,De,Es,It);
SLES_029.17;Checkmate (Europe);
SCES_030.91;Muppet Monster Adventure (Germany);
SCES_030.05;Disneys Aladdin - Nasiras Rache (Germany);
SCES_037.57;Jim Henson's The Hoobs (Germany);
"SCES_037.12
SCES_037.12#2";Disneys Peter Pan - Rueckkehr nach Nimmerland (Germany);
SLES_004.49;NFL Quarterback Club '97 (Europe);
"SLES_039.21
SLES_039.21#";California Surfing (Europe);
SLES_041.11;Creatures - Raised in Space (Europe) (En,Fr,De,Es,It);
SLPM_800.63;Clock Tower 2 (Japan) (Demo 2);
SLPS_024.56;Momotarou Dentetsu V (Japan);
SLPS_024.57;Battle Bonby 2 - Sukkiri Momoaji (Japan);
SLPS_013.38;Kouryuuki (Japan);
SLUS_000.02;NBA Jam - Tournament Edition (USA);
SLUS_006.38;Tiny Toon Adventures - The Great Beanstalk (USA);
SLUS_009.38;Killer Loop (USA);
SLUS_003.28;War Gods (USA);
SLUS_005.79;Punky Skunk (USA);
SCES_002.32;Battle Arena Toshinden 2 (Europe);
SLES_004.25;Strikepoint - The Hex Missions (Europe) (En,Fr,De,Es,It);
SLPM_865.05;Dancing Stage featuring Dreams Come True (Japan);
SCES_004.08;Rally Cross (Europe);
SLES_014.10;O.D.T. (Germany);
SLPM_870.03;Kids Station - Mickey & Minnie no Magical Kitchen (Japan) (En,Ja);
SLPS_020.76;JailBreaker (Japan) (Disc 1);
SLPS_020.77;JailBreaker (Japan) (Disc 2);
SCPS_180.13;Beat Planet Music (Japan);
SLPM_864.94;Elder Gate (Japan);
SLES_010.99;Riven - The Sequel to Myst (France) (Disc 1);
SLES_110.99;Riven - The Sequel to Myst (France) (Disc 2);
SLES_210.99;Riven - The Sequel to Myst (France) (Disc 3);
SLES_310.99;Riven - The Sequel to Myst (France) (Disc 4);
SLES_410.99;Riven - The Sequel to Myst (France) (Disc 5);
SLES_003.41;Skeleton Warriors (Europe);
SLES_002.93;StarFighter 3000 (Europe) (En,Fr,De,Es,It);
SLPS_000.04;A Ressha de Ikou 4 - Evolution (Japan) (Rev 1);
SLPM_866.13;Arcade Hits - Raiden (Japan);
SLUS_008.88;Worms Armageddon (USA);
"SLPS_017.85
SLPS_911.71";Momotarou Densetsu (Japan);
SLPS_014.68;Gangway Monsters (Japan);
SLPS_016.56;Honkaku Hanafuda (Japan);
SLPS_009.90;Breath of Fire III (Japan);
SLPS_001.84;Nichibutsu Arcade Classics (Japan);
SLPS_003.98;Jikuu Tantei DD - Maboroshi no Lorelei (Japan) (Disc 2) (Rev 1);
SLPS_003.97;Jikuu Tantei DD - Maboroshi no Lorelei (Japan) (Disc 1) (Rev 1);
SLPS_006.21;Galeoz (Japan);
SLPS_035.10;Adlib Ouji - ...to Fuyukai na Nakamatachi! (Japan);
"SLPM_864.98
SLPM_870.29";Silent Hill (Japan) (Rev 2);
PCPX_961.99;Play-Pre Plus 005 - 2000 August (Japan);
PCPX_962.01;Play-Pre Plus 006 - 2000 October (Japan);
PCPX_962.03;Play-Pre Plus 007 - 2000 December (Japan);
SLUS_015.53;Creatures - Raised in Space (USA);
"SLES_039.94
SLES_039.94_GER";Formula GP (Europe);
SLPS_013.82;Honoo no Ryourinin - Cooking Fighter Hao (Japan);
SLPS_009.07;Boundary Gate - Daughter of Kingdom (Japan);
SLPM_870.13;Yukinko Burning (Japan);
SCUS_942.05;King of Fighters '95, The (USA);
SLUS_010.86;Builder's Block (USA);
SLUS_010.39;Samurai Shodown - Warriors Rage (USA);
SLUS_000.83;BrainDead 13 (USA) (Disc 1);
SLUS_001.71;BrainDead 13 (USA) (Disc 2);
SCED_026.66;Euro Demo 01-01 (Germany);
SCED_026.68;Euro Demo 03-01 (Germany);
SCED_034.69;Euro Demo Germany 06-01 (Germany);
SLUS_012.09;Disney's Goofy's Fun House (USA);
SCED_034.74;Euro Demo Germany 11-01 (Germany);
SCED_018.47;Euro Demo 04-00 (Germany);
SCED_026.62;Euro Demo 09-00 (Germany);
SCED_026.67;Euro Demo 02-01 (Germany);
SLES_004.96;Street Fighter Alpha 2 (Europe);
SCED_018.35;Euro Demo 04-99 (Germany);
SCED_019.95;Euro Demo 04-99 'Action Special' (Germany);
SCED_034.68;Euro Demo Germany 05-01 (Germany);
SCED_034.70;Euro Demo Germany 07-01 (Germany);
SCED_034.73;Euro Demo Germany 10-01 (Germany);
SLUS_010.78;Striker Pro 2000 (USA);
SLUS_011.81;World of Dragon Warrior - Torneko - The Last Hope (USA);
SLPS_028.08;Sakkyoku Surun da mon - Dance Remix-hen (Japan);
SLPS_008.20;EOS - Edge of Skyhigh (Japan);
SLPM_861.33;Bugi (Japan);
SLPS_022.94;Bistro, The - Ryouri & Wine no Shokunintachi (Japan);
SLUS_014.55;David Beckham Soccer (USA);
SLUS_004.66;Norse by Norsewest - The Return of the Lost Vikings (USA);
SCED_034.79;Euro Demo Germany 04-02 (Germany);
SCED_039.03;Euro Demo Germany 01-03 (Germany);
SCED_039.05;Euro Demo (Germany) 03-04-2003 (Germany);
SLED_001.08;Bloody Roar - Hyper Beast Duel (Europe) (Demo);
SCED_016.43;Beat-Em-Up Speziale (Germany);
SCED_034.78;Euro Demo Germany 03-02 (Germany);
SCED_038.87;Euro Demo Germany 05-02 (Germany);
SLPS_000.80;Street Fighter II Movie (Japan) (Disc 1);
SLPS_000.81;Street Fighter II Movie (Japan) (Disc 2);
SLUS_006.58;DBZ - Dead Ball Zone (USA) (En,Fr,De,Es,It);
SLUS_004.00;Peak Performance (USA);
SLUS_013.12;Gold and Glory - The Road to El Dorado (USA);
SLED_017.11;Sphere 360 (Europe) (En,Fr,De,Es,It) (Demo);
SLUS_003.93;Batman & Robin (USA);
SLUS_005.41;Excalibur 2555 A.D. (USA);
SLUS_003.87;Batman Forever - The Arcade Game (USA);
SCUS_941.50;City of Lost Children, The (USA) (En,Es,It);
SCUS_944.74;Colin McRae Rally (USA);
SLUS_010.88;F1 Racing Championship (USA) (En,Fr);
SLUS_010.67;Deception III - Dark Delusion (USA);
"SLUS_008.70
SLUS_008.70C";Formula One 99 (USA, Canada) (En,Fr,Es);
SLUS_008.56;Brunswick Circuit Pro Bowling 2 (USA);
SLES_001.94;Test Drive Off-Road (Europe);
SCUS_942.72;Running Wild (USA);
SLUS_011.35;Runabout 2 (USA);
SLUS_006.01;Skullmonkeys (USA);
SLPS_033.76;Tales of Fandom Vol. 1 - Mint Version (Japan);
SLPS_033.75;Tales of Fandom Vol. 1 - Cless Version (Japan);
SLUS_012.38;Muppet Monster Adventure (USA);
SLUS_007.72;Guilty Gear (USA);
SLUS_002.26;DragonHeart - Fire & Steel (USA);
SLUS_012.22;Colin McRae Rally 2.0 (USA) (En,Fr,Es);
SLPS_028.09;Shinri Game 7, The (Japan);
"SLPS_011.04
SLPS_022.56";Shinri Game 3, The (Japan);
"SLPS_001.69
SLPS_020.48";Shinri Game, The (Japan);
SLUS_012.30;Championship Motocross 2001 featuring Ricky Carmichael (USA);
SLUS_002.31;Floating Runner - Quest for the 7 Crystals (USA);
SLPS_007.33;QuoVadis - Iverkurtz Sen'eki (Japan);
SLPM_860.04;Bottom of the 9th - Major League Heroes (Japan);
SLPS_005.22;Ranma 1-2 - Battle Renaissance (Japan);
SLPS_004.04;Gakkou de Atta Kowai Hanashi S (Japan);
SLPS_018.63;Akagawa Jirou - Majotachi no Nemuri - Fukkatsusai (Japan);
SLPS_034.25;Meitantei Conan - Saikou no Partner (Japan);
SLPS_021.57;Tantei Jinguuji Saburou - Early Collection (Japan);
SLPS_030.15;Tantei Jinguuji Saburou - Tomoshibi ga Kienu Ma ni (Japan) (Fukyuuban);
SLPS_031.14;Puyo Puyo Box (Japan);
SLPS_005.31;Proof Club (Japan);
SLPS_013.95;Kitchen Panic (Japan);
"SLPM_863.80
SLPM_873.55
SLPM_873.73";Valkyrie Profile (Japan) (Disc 2) (Rev 1);
SLUS_009.54;R-C Stunt Copter (USA);
SLPS_004.75;Kyuukyoku no Soukoban (Japan);
SLPS_008.62;Nobunaga Hiroku - Geten no Yume (Japan);
SLPS_020.10;Soukoban - Nanmon Shinan (Japan);
SLPS_009.24;Soukoban Basic (Japan);
SLPM_868.17;SuperLite 1500 Series - Makikou (Japan);
SLPS_013.15;Fire Woman Matoigumi (Japan);
SLPS_001.54;Snatcher (Japan);
SLPS_031.91;Forget Me Not - Palette (Japan);
SLPS_011.86;Kenshou Akou Jiken - Chuushingura - Rekishi Adventure (Japan);
SLPS_032.72;Oumagatoki 2 (Japan);
SLPS_005.44;Tantei Jinguuji Saburou - Mikan no Report (Japan);
"SLPS_032.35
SLPS_915.21";Oumagatoki (Japan);
SLPS_026.93;U-SA (Japan);
SLPS_004.16;Rupupu Cube - Lup Salad (Japan);
SLPS_033.88;Doko made mo Aoku... (Japan) (Shokai Genteiban);
SLPM_806.23;Oumagatoki (Japan) (Premium Fan Disc);
SLPM_861.53;Space Invaders 2000 (Japan);
SLPM_868.16;Simple 1500 Series Vol. 63 - The Gun Shooting 2 (Japan);
"SLPS_010.80
SLPS_912.24";Puyo Puyo Sun - Ketteiban (Japan) (Rev 1);
SLPS_014.46;BackGuiner - Yomigaeru Yuushatachi - Hishou-hen - Uragiri no Senjou (Japan) (Disc 1);
SLPS_014.47;BackGuiner - Yomigaeru Yuushatachi - Hishou-hen - Uragiri no Senjou (Japan) (Disc 2);
SLPS_014.48;BackGuiner - Yomigaeru Yuushatachi - Service Disc (Japan);
SLPM_802.36;FIFA - Road to World Cup 98 (Japan) (Demo);
SLPS_035.03;Inuyasha - Sengoku Otogi Gassen (Japan) (Shokai Seisan Gentei Shiyou);
"SLPS_012.57
SLPS_023.72";Saishuu Densha (Japan);
"SLPS_008.55
SLPS_016.97";Tora! Tora! Tora! (Japan);
SLPS_017.30;100 Man Yen Quiz Hunter (Japan);
"SLPS_027.14
SLPS_031.59";Heisa Byouin (Japan);
SLPS_018.65;19-ji 03-pun - Ueno-hatsu Yakou Ressha (Japan);
SLPS_000.20;Houma Hunter Lime - Special Collection Vol. 1 (Japan);
SLPS_000.85;Houma Hunter Lime - Special Collection Vol. 2 (Japan);
SLUS_010.61;Iron Soldier 3 (USA);
SLPS_006.16;Derby Jockey R (Japan);
SLPS_032.19;Block Wars (Japan);
SLPM_867.38;Techno BB (Japan);
SLPS_022.66;Zoku Mikagura Shoujo Tanteidan - Kanketsu-hen (Japan) (Disc 1);
SLPS_022.67;Zoku Mikagura Shoujo Tanteidan - Kanketsu-hen (Japan) (Disc 2);
SLPS_022.68;Zoku Mikagura Shoujo Tanteidan - Kanketsu-hen (Japan) (Disc 3);
SLPS_022.69;Zoku Mikagura Shoujo Tanteidan - Kanketsu-hen (Japan) (Disc 4);
SLPS_008.48;Unsolved, The - Hyper Science Adventure (Japan) (Disc 3);
SLPS_008.47;Unsolved, The - Hyper Science Adventure (Japan) (Disc 2);
SLPS_008.46;Unsolved, The - Hyper Science Adventure (Japan) (Disc 1);
"SLPS_001.45
SLPS_021.49";J. B. Harold - Blue Chicago Blues (Japan) (Disc 2);
"SLPS_001.44
SLPS_021.48";J. B. Harold - Blue Chicago Blues (Japan) (Disc 1);
SLPS_911.80;Atelier Elie - Elie no Atelier - Salburg no Renkinjutsushi 2 (Japan) (PlayStation the Best);
SLPS_032.13;Akagawa Jirou - Yasoukyoku 2 (Japan);
"SLPS_003.91
SLPS_023.84";Ugetsu Kitan (Japan);
SCED_023.83;Germany Speziale 11-99 (Germany);
SCPS_100.65;G-Police (Japan) (Disc 1);
SCPS_100.66;G-Police (Japan) (Disc 2);
SLPS_013.62;Dotchi de Ball! (Japan);
SLPS_009.89;Sotsugyou Vacation (Japan);
SLPS_023.66;Tall Unlimited (Japan);
SLPS_024.68;Transformers - Beast Wars Metals (Japan);
"PAPX_900.46
SLPM_802.58";OverBlood 2 (Japan) (Demo);
SLPM_802.09;Spectral Tower II (Japan) (Demo);
SLPM_803.85;Tomb Raider III - Adventures of Lara Croft (Japan) (Demo);
SLPM_803.51;1 on 1 (Japan) (Demo);
PAPX_900.45;Kurashi Iki! Iki! PlayStation Welcome Disc (Japan);
SLPS_016.12;Mikagura Shoujo Tanteidan (Japan) (Disc 2) (Honpen Disc Ni);
SLPS_016.11;Mikagura Shoujo Tanteidan (Japan) (Disc 1) (Honpen Disc Ichi);
SLPS_016.13;Mikagura Shoujo Tanteidan (Japan) (Disc 3) (Intermission Disc);
SLPS_016.14;Mikagura Shoujo Tanteidan (Japan) (Disc 4) (Special Disc);
SLPS_034.24;Azumanga Donjara Daiou (Japan);
SLPS_025.63;Gensou no Artemis (Japan);
SLPS_002.74;Not Treasure Hunter (Japan);
SLPS_005.57;Touhou Chinyuuki - Halfling Hearts (Japan);
SLPS_028.39;Simple 1500 Jitsuyou Series Vol. 04 - Ryouri - Teiban Ryouri Recipe-shuu (Japan);
SLPS_028.42;Simple 1500 Jitsuyou Series Vol. 01 - Norikae Annai - 2000-nenban (Japan);
"SLES_033.56
SLES_033.56_P";007 Racing (France);
SLES_026.95;A2 Racer - Europa Tour (Netherlands);
SLPS_011.84;Riven - The Sequel to Myst (Japan) (Disc 5);
SLPS_011.80;Riven - The Sequel to Myst (Japan) (Disc 1);
SLPS_011.81;Riven - The Sequel to Myst (Japan) (Disc 2);
SLPS_011.82;Riven - The Sequel to Myst (Japan) (Disc 3);
SLPS_011.83;Riven - The Sequel to Myst (Japan) (Disc 4);
SLPS_017.62;Pepsiman (Japan);
SLPS_033.74;Inuyasha (Japan) (Rev 1);
SLPM_867.97;Simple 1500 Jitsuyou Series Vol. 07 - Tanoshiku Manabu Unten Menkyo (Japan);
"SLPS_023.22
SLPS_032.95";Wander Vehicles - Doggy Bone Daisakusen (Japan);
"SLPS_014.36
SLPS_911.52";Choro Q Marine - Q-Boat (Japan);
SLES_000.56;Rock & Roll Racing 2 - Red Asphalt (Europe);
SLPS_000.32;Uchuu Seibutsu Flopon-kun P! (Japan);
"SLPM_868.72
SLPS_008.54";Assault Suits Valken 2 (Japan);
SLUS_005.68;Monster Rancher (USA);
SLPS_025.18;Shinri Game 5, The (Japan);
SLPS_026.68;Shinri Game 6, The (Japan);
SLPS_011.18;Abe a GoGo (Japan);
SLUS_004.98;Moto Racer (USA);
SLPS_002.30;CG Mukashi Banashi - Jiisan 2-do Bikkuri!! (Japan);
SLPS_001.97;Wolkenkratzer - Shinpan no Tou (Japan);
SLPM_867.07;Simple 1500 Jitsuyou Series Vol. 06 - Cocktail no Recipe (Japan);
SLPM_867.06;Simple 1500 Jitsuyou Series Vol. 05 - Kusuri no Jiten - Pill Book 2001-nenban (Japan);
"SLPS_001.48
SLPS_020.90";Firemen 2, The - Pete & Danny (Japan);
SCES_021.75;Magical Tetris Challenge (Germany);
SCES_038.73#_P;Disneys Lilo & Stitch - Zoff auf Hawaii (Germany);
SLES_025.78;UEFA Champions League - Season 1999-2000 (France);
"SLPS_008.51
SLPS_020.49";Shinri Game 2, The (Japan);
"SLPS_016.70
SLPS_022.57";Shinri Game IV, The - Itsu mo Kokoro ni Hoshizora o (Japan);
SLPM_870.79;Mini-Moni. Shakatto Tambourine! da Pyon! (Japan) (Doukonban);
SLPS_033.47;Tonde! Tonde! Diet - Stepper Action Game (Japan);
SLPM_868.43;Simple 1500 Jitsuyou Series Vol. 09 - Watashi Style no Aromatherapy (Japan);
SLPM_867.08;Simple 1500 Jitsuyou Series Vol. 08 - 1-jikan de Wakaru Kabushiki Toushi (Japan);
SCES_019.14;Syphon Filter (Spain);
SLPS_034.46;DigimonWorld 3 - Aratanaru Bouken no Tobira (Japan);
SLPS_019.04;Combat Choro Q (Japan);
SLPM_869.88;Doki Doki Shutter Chance - Koi no Puzzle o Kumitatete (Japan) (Major Wave);
SLPS_003.53;Block Kuzushi - Deden no Gyakushuu (Japan);
SLPS_015.66;Kitty the Kool! Kabuki de Tanoshiku Odotte ne!! (Japan);
SLES_001.41;Whizz (Europe);
SCES_030.15;Disneys Ein Koenigreich fuer ein Lama (Germany);
SLES_000.36;Parodius (Europe);
SLES_031.91;Disney's 102 Dalmatians - Puppies to the Rescue (Europe) (Fr,De,Es,It,Nl);
SLES_003.37;Konami Open Golf (Europe);
SLES_035.30;Lucky Luke - Western Fever (Europe) (En,Fr,De,Es,It,Nl);
SLES_002.53;Firo & Klawd (Germany);
SLUS_008.69;Team Buddies (USA);
SLES_017.76;Guardian of Darkness, The (Europe) (En,Fr,De,Es,It);
SLES_026.93;GZSZ Quiz (Germany);
SLES_010.62;Kick Off World (Germany);
SLUS_013.44;F1 World Grand Prix (USA);
SLUS_001.27;Grand Slam (USA);
SLPS_002.46;Slam Dragon (Japan);
SLPS_007.83;Standby Say You! (Japan);
SLUS_001.32;Panzer General (USA);
"SLES_038.07
SLES_038.07/GER";Shonen Jump's One Piece - Grand Battle (Europe) (En,Fr,De,Es,It);
SLUS_009.88;Juggernaut (USA) (Disc 2);
SLUS_006.66;Team Losi RC Racer (USA);
SLUS_009.89;Juggernaut (USA) (Disc 3);
SLUS_000.86;Bases Loaded '96 - Double Header (USA);
SLPS_017.86;Magical Tetris Challenge featuring Mickey (Japan);
SLES_032.32;World Destruction League - Thunder Tanks (Europe) (En,Fr,De,Es,It);
SLES_005.06;FIFA 97 (Germany) (En,Fr,De,Es,It,Sv);
SLUS_008.94;Juggernaut (USA) (Disc 1);
SLES_037.53;Saltwater Sportfishing (Europe) (En,Fr,De,Es,It);
SLED_010.98;Fighting Force & Tomb Raider II (Germany) (En,Fr,De) (Demo);
SLES_003.45;Burning Road (Europe);
SLES_002.85;V-Tennis (Europe);
SLES_034.27;Championship Surfer (Europe) (En,Fr,De,Es,It,Nl);
SLPS_018.93;Chivas 1-2-3 - Destiny! Unmei o Kaeru Mono! (Japan);
SLES_016.28;Trap Runner (Europe) (En,Fr,De);
"SLES_036.86
SLES_036.86#";Hugo - Frog Fighter (Europe) (En,Fr,De,Es,It,Nl,Pt,Sv,No,Da,Fi);
SLES_032.47;Warm Up! (Europe) (En,Fr,De,Es,It,Pt);
SLES_013.75;Wing Over 2 (Europe);
SCES_037.45;Disney's Party mit Winnie Puuh (Germany);
SLES_012.18;International Superstar Soccer Pro '98 (Europe) (En,Fr,De,Es);
"SLPM_864.29
SLPM_869.43";Tony Hawk's Pro Skater (Japan);
SLES_038.27#;Sports Superbike 2 (Europe);
SLES_034.15;Europe Racer (Europe) (En,Fr,De,Es,It,Nl);
SLES_118.79#;OverBlood 2 (Europe) (Disc 2) (Rev 1);
SLES_018.79#;OverBlood 2 (Europe) (Disc 1) (Rev 1);
SLES_006.28;BattleSport (Europe);
SLPS_004.22;Gotha II - Tenkuu no Kishi (Japan);
SLPM_864.37;Utauta Woo - Seirei-Songs (Japan);
SLES_031.62;MTV Sports - Pure Ride (Europe) (En,Fr,De);
SLES_001.18;Power Serve (Europe) (En,Fr,De);
SLES_033.99;EA Sports Supercross (Europe);
SLUS_002.98;Herc's Adventures (USA);
SLUS_008.50;Interplay Sports Baseball 2000 (USA);
SLUS_004.19;Psychic Force (USA);
SLUS_000.57;Starblade Alpha (USA);
SLUS_013.80;Blast Lacrosse (USA);
SLUS_006.74;International Superstar Soccer Pro '98 (USA) (En,Fr,De,Es,It);
SLUS_005.95;Master of Monsters - Disciples of Gaia (USA);
SLUS_003.29;NBA Hangtime (USA);
SLUS_002.56;Saban's Power Rangers Zeo - Full Tilt Battle Pinball (USA);
SLUS_001.05;Power Serve 3D Tennis (USA);
SLUS_006.39;Pro Pinball - Timeshock! (USA);
SCUS_945.51;Professional Underground League of Pain (USA);
SLUS_001.37;Shockwave Assault (USA) (Disc 2) (Shockwave - Operation Jumpgate);
SLUS_006.13;Speed Racer (USA);
SLUS_000.70;Tecmo Super Bowl (USA);
SLUS_009.79;Trick'n Snowboarder (USA);
SLUS_010.14;ISS Pro Evolution (USA);
SLUS_000.55;Goal Storm (USA);
SLUS_015.04;FIFA Soccer 2003 (USA) (En,Es);
SLUS_002.95;Goal Storm '97 (USA);
"SCPS_451.53
SLPS_011.20
SLPS_911.24";A5 - A Ressha de Ikou 5 (Japan, Asia);
SLPM_872.82;SuperLite 1500 Series - A Ressha de Ikou Z - Mezase! Tairiku Oudan (Japan);
SLPM_871.88;SuperLite 1500 Series - Wizard's Harmony 2 (Japan);
SLPS_032.36;Kid Mix Section - Character Collection (Japan);
SLPS_015.41;King of Bowling 2 - Professional-hen (Japan);
SLPS_019.25;Elan (Japan);
SLUS_010.29;Disney's Hercules Action Game (USA) (Rerelease);
SLUS_009.96;TOCA 2 - Touring Car Challenge (USA) (En,Fr,Es);
SLES_011.06;Snow Racer 98 (Europe) (En,Fr,De);
SLES_019.84;Jeff Wayne's The War of the Worlds (Germany);
SLES_034.33;X'treme Roller (Europe) (En,Fr,De,Es,It,Pt);
SLES_011.78;Phat Air - Extreme Snowboarding (Europe);
SLES_009.45;Monopoly (Europe) (En,Fr,De,Es,Nl);
SCED_011.46;Euro Demo 36 (Europe, Australia) (Demo);
SLED_015.75;O.D.T. (Germany) (Demo);
SLED_014.71;Colony Wars - Vengeance (Europe) (Demo);
SLED_014.88;Psybadek (Europe) (En,Fr,De,Es,It) (Demo);
SLED_014.39;G. Darius (Europe) (Demo);
"SLES_009.45#
SLES_009.45_P";Monopoly (Europe) (En,Fr,De,Es,Nl) (Rev 1);
SLED_021.90;PlayStation Zone CD Vol. 10 (Germany);
SCES_009.82;Baby Universe (Europe);
SLES_017.93;Guardian's Crusade (Europe);
SCES_014.90;NFL Xtreme (Europe);
SCES_010.56;Spawn - The Eternal (Europe);
"SLPS_020.72
SLPS_021.03
SLPS_028.45";Mystic Dragoons, The (Japan);
SLUS_000.33;Madden NFL 96 (USA) (Proto) (1995-10-25);
SLES_027.67#2;Frontschweine (Germany);
SLES_017.84;YoYo's Puzzle Park (Europe);
SLES_002.79;Crow, The - City of Angels (Europe);
SLPS_012.03;SatelliTV (Japan);
SLPM_869.13;Simple 1500 Jitsuyou Series Vol. 10 - Tarot Uranai (Japan);
SLPM_862.99;Chou Hatsumei Boy Kanipan - Hirameki Wonderland (Japan);
SLPS_026.40;Khamrai (Japan);
SCPS_101.35;Magical Dice Kids (Japan);
SLPS_911.90;Dokapon! Ikari no Tekken (Japan) (Rev 1);
PCPX_961.89;Chase the Express (Japan) (Demo 2);
PCPX_961.01;Nightmare Creatures (Japan) (Demo);
SCES_025.43;Ghoul Panic (Europe) (En,Fr,De,Es,It);
SLES_000.16#;Micro Machines V3 (Europe) (En,Fr,De,Es,It) (EDC);
SLES_002.00;Resident Evil (Europe) (EDC);
SLED_014.67;Tenchu - Stealth Assassins (Europe) (En,Fr,It) (Demo);
SCED_034.50;Euro Demo 73 (Europe, Australia);
SLES_006.46;Star Wars - Dark Forces (Spain);
"SCES_028.35
SCES_028.35#";Spyro - Year of the Dragon (Europe) (En,Fr,De,Es,It) (Rev 1);
SLPS_031.51;Sengoku Mugen (Japan);
SLPS_031.93;Kyoto Maiko Monogatari (Japan);
SLPS_010.81;Cellophanes (Japan);
SLES_004.74;Agent Armstrong (Europe) (En,Fr,De,Es);
SLES_003.30;Spot Goes to Hollywood (Europe);
SLPS_035.48;Meitantei Conan - Trick Trick Vol. 1 (Japan);
SCPS_101.36;Koukidou Gensou - Gunparade March (Japan);
SLES_003.51;Blam! Machinehead (Germany);
SCES_038.49;Stuart Little 2 (Spain);
SLPM_802.62;Brave Fencer Musashiden (Japan) (Demo);
PCPX_961.16;Dengeki PlayStation D8 - Yarudora - Double Cast (Japan) (Taikenban);
"SLES_033.34
SLES_033.34_GER";Tomb Raider - Die Chronik (Germany);
SCES_012.32;Spice World (Germany);
SLES_037.20;NBA Live 2002 (Germany);
SLES_011.67;World League Soccer '98 (Germany);
SLES_037.22;NBA Live 2002 (Spain);
SLES_031.61;Louvre - La Maldicion Final (Spain) (Disc 1);
SLES_131.61;Louvre - La Maldicion Final (Spain) (Disc 2);
SLES_028.78;Noddy's Magic Adventure (Europe) (En,Fr);
SLES_040.23;Santa Claus Saves the Earth (Europe);
SLES_000.23;Striker 96 (Europe);
SLES_014.19;Global Domination (Europe);
SLES_032.60_P;Disney's Teigetjes Honingjacht (Netherlands);
SLES_040.45;Super Dropzone - Intergalactic Rescue Mission (Europe);
SCES_018.82;This Is Football (Europe) (Fr,Nl);
SLES_013.02;Viper (Europe) (En,Fr,De,Es,It);
SLES_005.11;International Superstar Soccer Deluxe (Europe);
SLES_040.60;All Star Watersports (Europe);
SLES_001.96;Criticom (Europe);
SLES_038.38;Hugo - The Evil Mirror (Europe) (Fr,De,Nl);
SLPS_027.25;Study Quest - Keisan-jima no Daibouken (Japan);
SLPS_013.70;Love Therapy (Japan);
SLPS_001.87;Touhaiden Akagi (Japan);
"SLPM_868.26
SLPM_872.21";Eve - The Fatal Attraction (Japan) (Disc 1);
"SLPM_868.27
SLPM_872.22";Eve - The Fatal Attraction (Japan) (Disc 2);
"SLPM_868.28
SLPM_872.23";Eve - The Fatal Attraction (Japan) (Disc 3);
SLPS_026.63;Puzz Loop (Japan);
SLPS_024.27;Tantei Jinguuji Saburou - Tomoshibi ga Kienu Ma ni (Japan);
SLPS_004.93;No-appointment Gals Olympos - Apo Nashi Gals Olympos (Japan);
"SLPS_009.30
SLPS_911.47";GunBullet (Japan) (Rev 1);
SLES_001.67;Chronicles of the Sword (Germany) (Disc 1);
SLES_101.67;Chronicles of the Sword (Germany) (Disc 2);
"SLPS_028.18
SLPS_032.24";Blend x Brand - Odekake Gousei RPG (Japan);
SLES_014.37;Streak Hoverboard Racing (Europe);
SLES_016.45;Actua Soccer 3 (Germany);
SLES_014.23;Global Domination (Germany);
SLES_032.63;Warriors of Might and Magic (Europe) (En,Fr,De);
"SLES_041.08
SLES_041.08/GER";Adiboo & Paziral's Secret (Europe) (En,Fr,De,Es,It);
"SLES_039.60
SLES_039.60#";Snowboard Racer (Europe);
"SLPM_866.19
SLPS_010.91";Magical Date - Doki Doki Kokuhaku Daisakusen (Japan);
SLES_022.12;Galaga - Destination Earth (Europe) (En,Fr,De,It);
SLES_039.46;Pro Evolution Soccer 2 (Europe) (En,Fr,De);
SLPS_007.98;Blam! Machinehead (Japan);
SLPM_860.25;Lethal Enforcers Deluxe Pack (Japan);
SLPS_026.51;Pokeler DX - Black (Japan);
SLPM_864.38;Kaikan Phrase - Datenshi Kourin (Japan);
SLES_037.83;Area 51 (Europe) (En,Fr,De,Es) (Midway Classics);
SLES_040.04;Gekioh - Shooting King (Europe);
SLES_007.61;Viva Football (Europe) (En,Fr,De,Es,It,Pt);
SCES_021.46;Everybody's Golf 2 (Europe);
SLPS_003.23;Neo Planet (Japan);
SLPS_005.63;Karyuujou (Japan) (Disc 1) (Ryuu Hangan Hen);
SLPS_005.64;Karyuujou (Japan) (Disc 2) (Kou Yuukan Hen);
SLPS_010.71;Calcolo! Ochimono Shooting (Japan);
SLPS_910.65;SD Gundam - GCentury (Japan) (Rev 1);
SLPS_015.55;Fifth Element, The (Japan);
SLPM_867.85;Kuru Kuru Maru Maru (Japan);
SLPS_013.88;Pro Wrestling Sengokuden 2 - Kakutou Emaki (Japan);
SLPS_011.24;King of Producer (Japan);
SLPS_006.67;Heaven's Gate (Japan);
SLPS_020.32;UFO - A Day in the Life (Japan);
SCES_015.67;X-Files, The (Germany) (Disc 1);
SCES_115.67;X-Files, The (Germany) (Disc 2);
SCES_215.67;X-Files, The (Germany) (Disc 3);
SCES_315.67;X-Files, The (Germany) (Disc 4);
SLPS_034.57;Simple Character 2000 Series Vol. 10 - Sakigake!! Otokojuku - The Dodgeball (Japan);
SLPM_870.27;Shadow and Shadow (Japan);
"SLPS_008.39
SLPS_020.53";Super Black Bass X (Japan);
SLPS_010.35;Ryuuki Denshou - Dragoon (Japan);
SLPS_016.48;Shisenfuu Gekikara Mahjong (Japan);
"SLPS_026.06
SLPS_033.14";Ikasama Mahjong (Japan);
SLPS_004.27;Senran (Japan);
SCPS_190.03;PlayStation Comic - Carol the DarkAngel (Japan);
"SLPM_870.28
SLPM_872.87";Tennis no Oujisama (Japan);
SCES_024.31;Space Debris (Germany);
SLPS_001.71;Hi-Octane (Japan);
"SLPS_022.33
SLPS_031.52";Spectral Force - Itoshiki Jaaku (Japan);
SCES_002.66;Namco Soccer Prime Goal (Europe);
"SLES_020.70
SLES_020.70#";Puchi Carat (Europe);
SLES_033.93;Dukes of Hazzard II, The - Daisy Dukes It Out (Europe);
SLPS_006.73;Doukyuusei Mahjong (Japan);
SLPS_009.04;Elf o Karu Monotachi - Hanafuda-hen (Japan);
SLES_008.80;NASCAR 98 (Germany);
"SCPS_101.42
SCPS_912.12";Doko Demo Issho (Japan) (Rev 1);
SLPS_009.40;Space Invaders (Japan);
"SCPS_101.41
SCPS_101.43
SCPS_101.44";i-mode mo Issho - Doko Demo Issho Tsuika Disc (Japan);
SLPS_034.29;Yamasa Digi Selection (Japan);
SLPS_034.84;Yamasa Digi Selection 2 (Japan);
SLPS_029.80;Yamasa Digi Guide - New Pulsar R (Japan);
SLPS_029.89;Yamasa Digi Guide - Hyper Rush (Japan);
SLPS_031.20;Yamasa Digi Guide - Faust (Japan);
SLPS_030.96;Yamasa Digi Guide - Umekagetsu R (Japan);
SLES_031.58;Louvre - The Final Curse (Europe) (Disc 1);
SLES_131.58;Louvre - The Final Curse (Europe) (Disc 2);
SLES_021.58;South Park (Europe);
SCED_019.82;Ridge Racer Type 4 Collectors Demo (Europe, Australia);
SLPS_032.20;Matsumoto Reiji 999 - Story of Galaxy Express 999 (Japan) (Disc 1);
SLPS_032.21;Matsumoto Reiji 999 - Story of Galaxy Express 999 (Japan) (Disc 2);
SLPS_012.88;Test Drive 4 (Japan);
SLPS_026.48;Jishaku de Tonjau! Phix no Daibouken (Japan);
"SLPM_867.74
SLPM_869.40
SLPM_871.97";Ganbare Goemon - Ooedo Daikaiten (Japan);
SLUS_002.10;Striker 96 (USA);
SLUS_014.86;Three Stooges, The (USA);
SLUS_009.80;TNN Motorsports HardCore TR (USA);
SCUS_946.91;NBA ShootOut 2004 (USA);
SLUS_014.37;Disney's Pooh's Party Game - In Search of the Treasure (USA);
SLUS_002.69;FIFA Soccer 97 (USA) (En,Fr,De,Es,It,Sv);
SLUS_004.92;NBA Fastbreak '98 (USA);
SLUS_006.97;Circuit Breakers (USA);
SLUS_009.41;K-1 Grand Prix (USA);
SLES_008.46;V-Ball - Beach Volley Heroes (Europe);
SLUS_007.95;Shanghai - True Valor (USA);
SLES_015.36;Poy Poy 2 (Europe);
"SCPS_101.34
SCPS_913.20";Gekitotsu Toma L'Arc - Tomarunner vs L'Arc-en-Ciel (Japan);
SLPM_868.33;SuperLite 1500 Series - Kaiteiban Shichuu Suimei - Mark Yazaki Kanshuu (Japan);
SLPS_024.16;Pachi-Slot Aruze Oukoku 2 (Japan);
SLPS_914.93;Pachi-Slot Aruze Oukoku 2 (Japan) (PSone Books);
SLPM_872.46;Eve - The Lost One (Japan) (Disc 1) (Kyoko Disc) (GameVillage The Best);
SLPM_872.47;Eve - The Lost One (Japan) (Disc 2) (Snake Disc) (GameVillage The Best);
SLPM_872.48;Eve - The Lost One (Japan) (Disc 3) (Lost One Disc) (GameVillage The Best);
SLPS_007.73;Dark Hunter Jou - Ijigen Gakuen (Japan) (En,Ja);
SLPS_007.89;Dark Hunter Ge - Youma no Mori (Japan);
SLPS_014.37;Jissen Pachi-Slot Hisshouhou! Sammy Revolution (Japan);
SLPS_019.36;Jissen Pachi-Slot Hisshouhou! Sammy Revolution 2 (Japan);
"SCES_038.19
SCES_038.19_P";Stuart Little 2 (Europe);
"SLPS_019.11
SLPS_025.84
SLPS_914.18";Mezase! Meimon Yakyuubu (Japan);
SLPS_003.66;Ebisu Yoshikazu no Ooana Kyoutei (Japan);
SLPS_034.13;Subete ga F ni Naru - The Perfect Insider (Japan);
SLPS_023.07;Fun! Fun! Pingu - Youkoso! Nankyoku e (Japan);
SLPS_013.73;Ganso Family Mahjong (Japan);
SLPS_914.15;Marl Oukoku no Ningyou-hime - The Adventure of Puppet Princess (Japan) (PSone Books);
SLPM_866.22;SuperLite 1500 Series - Fishing Club - Boat no Tsuri-hen (Japan);
SLPM_866.24;SuperLite 1500 Series - Fishing Club - Hama no Tsuri-hen (Japan);
SCES_020.09;Kurushi Final (Europe);
"SLPS_023.44
SLPS_029.26";Concert, Le - ff - Fortissimo (Japan);
SLPS_026.04;007 - Tomorrow Never Dies (Japan);
SLPS_019.68;Pachi-Slot Aruze Oukoku (Japan);
SLPM_869.69;Simple 1500 Jitsuyou Series Vol. 12 - Katei no Igaku - Shindan Jiten (Japan);
SLPS_017.95;Blade Maker (Japan);
"SLPM_865.54
SLPS_018.72";Cinema Eikaiwa Series Dai-2-dan - Interceptor (Japan) (Disc 1) (Joukan);
"SLPM_865.55
SLPS_018.73";Cinema Eikaiwa Series Dai-2-dan - Interceptor (Japan) (Disc 2) (Chuukan);
"SLPM_865.56
SLPS_018.74";Cinema Eikaiwa Series Dai-2-dan - Interceptor (Japan) (Disc 3) (Gekan);
SLPS_029.55;Kouni Shougun (Japan);
SLPS_004.70;Heroine Dream (Japan) (Shokai Genteiban);
SLPS_013.76;Heroine Dream 2 (Japan);
"SLPM_867.75
SLPM_869.41";Tokimeki Memorial 2 Substories - Leaping School Festival (Japan) (Disc 1);
"SLPM_867.76
SLPM_869.42";Tokimeki Memorial 2 Substories - Leaping School Festival (Japan) (Disc 2);
SLPS_024.77;Vampire Hunter D (Japan);
SLPS_032.37;Summon Night 2 (Japan) (Disc 1);
"SLPS_032.38
SLPS_915.18";Summon Night 2 (Japan) (Disc 2) (Rev 1);
SLPS_019.07;Hissatsu Pachinko Station 4 - Hero-tachi no Chousen (Japan);
SLPS_030.77;Hissatsu Pachinko Station 4 - Hero-tachi no Chousen (Japan) (Rev 1);
SLPS_020.97;Hissatsu Pachinko Station 5 - Deramaitta & Irete Nanbo (Japan);
SLPS_009.15;Kaibutsu Para-Dice - Monster Paradise (Japan);
SLES_029.97;Driver 2 - Back on the Streets (Spain) (Disc 1);
SLES_129.97;Driver 2 - Back on the Streets (Spain) (Disc 2);
SCPS_101.24;Love & Destroy (Japan);
SLPM_864.31;Daikoukai Jidai IV - Porto Estado (Japan) (Shokai Genteiban);
SLPM_864.32;Kessen - Demo Video CD-ROM (Japan);
SLPS_017.04;Toys Dream (Japan);
SLPS_014.00;Spawn - The Eternal (Japan);
"SLPS_018.84
SLPS_911.76";World Neverland 2 - The Waktic Republic of Pluto (Japan);
SLPM_860.14;Eisei Meijin II (Japan);
SLPS_005.04;Slime Shiyou! (Japan);
SLPM_871.06;Digital Ehon Vol. 4 - Imadoki no Hanasaka Jiisan (Japan);
SLPS_032.26;Super Price Series - Billiards (Japan);
SLPS_033.86;Super Price Series - Block & Switch (Japan);
SLPM_865.86;Maestromusic, The (Japan);
SLPS_014.76;Ski Air Mix (Japan);
SLPS_001.38;Galaxy Fight - Universal Warriors (Japan);
SLPS_011.85;Hissatsu Pachinko Station 2 (Japan) (Rev 1);
SLPS_017.02;Hissatsu Pachinko Station 3 - Genshijin ga Ippai (Japan) (Genteiban);
SLPS_017.41;Hissatsu Pachinko Station 3 - Genshijin ga Ippai (Japan);
SLPM_866.48;Blue Breaker Burst - Egao no Asu ni (Japan) (Major Wave);
SLPS_021.65;Mighty Hits Special (Japan);
SLPS_021.44;Hissatsu Pachinko Station 6 - Gakideka & Jamaica (Japan);
"SLPS_014.06
SLPS_022.11";Thunder Force V - Perfect System (Japan);
SLPS_015.19;Soukoban Basic 2 (Japan);
SLPS_009.51;Minakata Hakudou Toujou (Japan) (Disc 1);
SLPS_009.52;Minakata Hakudou Toujou (Japan) (Disc 2);
SLES_007.27;Peak Performance (Europe);
SLPM_802.16;Hudson Spring Collection '98 (Japan);
SLPM_803.22;Umi no Oh! Yah! (Japan) (Demo);
SLES_037.43;Air Hockey (Europe);
SLPS_000.04;A Ressha de Ikou 4 - Evolution (Japan);
SLPS_003.48;Leading Jockey Highbred (Japan);
SLPS_029.84;Hissatsu Pachinko Station - Toyomaru Special (Japan);
SLPS_034.28;Yamasa Digi Selection (Japan) (DX);
SLPM_863.40;That's QT (Japan);
SLPS_002.28;Private Collection - Policenauts (Japan);
"SLPM_865.40
SLPM_869.39";Baroque Syndrome (Japan);
SLPS_031.68;Play de Oboeru Series 7 - Play de Oboeru TOEIC Test - Goku Deruderu 1700 (Japan);
"SCES_009.81
SCES_009.81/9729624
SCES_009.81/9729723";Pet in TV (Europe);
SCZS_941.03;Official Yarudora Fan Book - Sampaguita (Japan);
SLPS_015.33;Jikuu Tantei DD 2 - Hangyaku no Apsalar (Japan) (Disc 1);
SLPS_015.34;Jikuu Tantei DD 2 - Hangyaku no Apsalar (Japan) (Disc 2);
SLPM_890.02;Play de Oboeru Eitango Deruderu 1700 - Center Shiken Level Taiou (Japan) (Shotenban);
"SLPS_020.81
SLPS_029.66";Lunar 2 - Eternal Blue (Japan) (Disc 1);
"SLPS_020.82
SLPS_029.67";Lunar 2 - Eternal Blue (Japan) (Disc 2);
"SLPS_020.83
SLPS_029.68";Lunar 2 - Eternal Blue (Japan) (Disc 3);
SLPS_028.46;Pachi-Slot Aruze Oukoku 3 (Japan);
SLPS_030.89;Pachi-Slot Aruze Oukoku 4 (Japan);
SLPS_032.80;Pachi-Slot Aruze Oukoku 5 (Japan);
SLES_034.22/ANZ;Mary-Kate and Ashley - Magical Mystery Mall (Australia);
SLES_005.48;Fantastic Four (Europe) (En,Fr,De,Es,It);
SLPS_001.17;Emit Value Pack (Japan) (En,Ja) (Disc 1) (Vol. 1 - Toki no Maigo);
SLPS_001.18;Emit Value Pack (Japan) (En,Ja) (Disc 2) (Vol. 2 - Inochigake no Tabi);
SLPS_001.19;Emit Value Pack (Japan) (En,Ja) (Disc 3) (Vol. 3 - Watashi ni Sayonara wo);
SLPS_026.77;Hissatsu Pachinko Station 8 - Kamashi no Kin-chan & Soreyuke Hama-chan (Japan);
"SLPM_870.80
SLPM_873.64";Bomberman Land (Japan) (Rev 2);
SLPS_032.25;Super Price Series - Mahjong (Japan);
SLPS_007.18;Bakuretsu Hunter - Sorezore no Omoi ... Nowaanchatte (Japan);
SLPS_031.45;SD Gundam Eiyuuden - Daikessen!! Kishi vs. Musha (Japan);
SLPS_005.76;Shin SD Sengokuden - Kidou Musha Taisen (Japan) (Genteiban);
SLPS_004.67;Super Casino Special (Japan);
SLPS_009.68;Battle Formation (Japan);
SLPM_863.47;Tokimeki no Houkago - Ne Quiz Shiyo (Japan) (Rev 1);
SLPS_027.65;Hissatsu Pachinko Station 9 - Ushiwaka to Lemi (Japan);
SLPS_030.61;Go Go I Land (Japan) (Disc 1);
SLPS_030.62;Go Go I Land (Japan) (Disc 2);
SLPS_001.03;V-Tennis (Japan);
SLPS_004.69;V-Tennis 2 (Japan);
SLPS_011.56;Momotarou Dentetsu 7 (Japan);
"SLPM_870.11
SLPM_872.03";Groove Adventure Rave - Yuukyuu no Kizuna (Japan);
"SCPS_101.19
SCPS_454.61";Legend of Dragoon, The (Japan, Asia) (Disc 1);
"SCPS_101.20
SCPS_454.62";Legend of Dragoon, The (Japan, Asia) (Disc 2);
"SCPS_101.21
SCPS_454.63";Legend of Dragoon, The (Japan, Asia) (Disc 3);
"SCPS_101.22
SCPS_454.64";Legend of Dragoon, The (Japan, Asia) (Disc 4);
"SLPM_865.45
SLPS_014.35";Puchi Carat (Japan);
SLES_036.94;Barbie - Explorer (Germany);
SLPS_015.27;Alive (Japan) (Disc 1);
SLPS_015.28;Alive (Japan) (Disc 2);
SLPS_015.29;Alive (Japan) (Disc 3);
SLPS_000.19;Kakinoki Shougi (Japan);
SLPM_864.39;Omiai Commando - Ba-Couple ni Tsukkomi o (Japan);
SLPS_028.60;Pachinko & Pachi-Slot - Parlor! Pro Extra - CR Inakappe Taishou A & Pachi-Slot Lupin Sansei (Japan);
SLPM_861.22;Dolphin's Dream (Japan);
"SLPS_003.93
SLPS_022.65";m [emu] - Kimi o Tsutaete (Japan);
SLPS_000.15;TwinBee Taisen Puzzle-dama (Japan);
SLPS_011.44;Ore! Tomba (Japan);
SLPS_029.90;Hissatsu Pachinko Station 10 - EX Jack 2000 & Super Dragon (Japan);
SLPS_000.63;Keiba Saishou no Housoku '95 (Japan);
SLPS_001.46;Keiba Saishou no Housoku '96 Vol. 1 (Japan);
SLPS_006.05;Keiba Saishou no Housoku '96 Vol. 2 - GI-Road (Japan);
SLPS_008.08;Keiba Saishou no Housoku '97 Vol. 1 - Nerae! Manbaken! (Japan);
SLPS_010.32;Keiba Saishou no Housoku '97 Vol. II - To Hit (Japan);
SLPS_023.39;Keiba Saishou no Housoku '99 Shuutou (Japan);
SLES_025.36;ECW Hardcore Revolution (Germany);
SLES_040.22;Soccer Kid (Europe);
SLES_002.44;Master of Monsters - Disciples of Gaia (Europe) (En,Fr,De);
SLES_010.24;Ayrton Senna Kart Duel 2 (Europe);
SLED_020.44;Star Wars - Episode I - The Phantom Menace (Australia) (Demo);
SLES_003.86;Advanced Dungeons & Dragons - Iron & Blood - Warriors of Ravenloft (Europe);
SLES_034.49;Roland Garros French Open 2001 (Europe) (En,Fr,De,Es,It);
SLES_000.96;Davis Cup Complete Tennis (Europe);
SLES_031.30;NBA Live 2001 (Germany);
SLES_007.30;Legend (Europe);
SCED_032.03;Fussball Live 2 (Germany) (Demo);
SLES_025.84;Crusaders of Might and Magic (Germany);
SLES_014.69;Asteroids (Germany);
SLES_008.52;Hard Boiled (Germany);
SLES_026.09;Star Wars - Episode I - Jedi Power Battles (Germany);
SCES_039.39/GERUSK/P;Disneys Der Schatzplanet (Germany);
"SLES_028.22
SLES_028.22#";ATV - Quad Power Racing (Europe) (En,Fr,De);
SLES_001.10;Olympic Games (Europe) (En,Fr,De,Es,It);
SLES_009.53;Pax Corpus (Europe) (En,Fr,De);
SCES_010.78;Bomberman World (Europe, Australia) (En,Fr,De,Es,It);
SLES_039.30;Speed Machines (Europe);
SLES_015.59;Pro 18 - World Tour Golf (Europe) (En,Fr,De,Es,It,Sv);
SLES_032.88;Virtual Kasparov (Europe) (En,Fr,De,Es,It,Nl);
SLES_025.91;Roswell Conspiracies - Aliens, Myths & Legends (Europe) (En,Fr,De);
SLPM_866.15;Densha de Go! 2 (Japan) (Rev 1);
SLPM_867.36;Jikkyou Golf Master 2000 (Japan) (Rev 1);
SLPS_914.99;Pachi-Slot Aruze Oukoku 4 (Japan) (PSone Books);
SLPS_001.90;Welcome House (Japan);
SLPM_800.01;Toushinden Otanoshimi-Ban (Japan) (Demo);
SLPM_802.56;Famitsu Wave Soukangou Vol. 1 (Japan);
"SCPS_454.56
SLPM_863.70";Dance Dance Revolution 2nd Remix - Append Club Version Vol. 1 (Japan, Asia);
"SCPS_450.65
SLPS_008.49";Asuka 120% Excellent - Burning Fest. Excellent (Japan, Asia);
SLPS_008.50;Stakes Winner 2 - Saikyouba Densetsu (Japan);
SLPM_801.30;Dengeki PlayStation D3 (Japan);
SLPM_803.31;Dengeki PlayStation D14 (Japan);
SLPS_009.95;Afraid Gear (Japan);
SLES_013.90;Tail Concerto (France);
SCES_021.50;De Sang Froid (France) (Disc 1);
SCES_121.50;De Sang Froid (France) (Disc 2);
SLPS_007.15;Zen Nihon GT Senshuken Max Rev. (Japan) (Disc 1);
SLPS_007.16;Zen Nihon GT Senshuken Max Rev. (Japan) (Disc 2);
SLPS_009.22;Kochira Katsushika-ku Kameari Kouen-mae Hashutsujo - High-Tech Buil Shinkou Soshi Sakusen! no Maki (Japan);
SLPS_016.40;Keiba Eight '98 Aki Fuyu (Japan);
SLPS_013.72;Keiba Eight '98 Haru Natsu (Japan);
SLPS_033.80;Undou Busoku Kaishou! Punch de Diet (Japan);
SLPS_017.83;Mizzurna Falls (Japan);
SLPS_008.80;Mad Panic Coaster (Japan);
"SLPS_010.37
SLPS_910.86";World Neverland - The Olerud Kingdom Stories (Japan);
SLPS_028.06;Salaryman Kintarou - The Game (Japan);
SLPM_869.68;Simple 1500 Jitsuyou Series Vol. 11 - Katei de Dekiru Tsubo Shiatsu (Japan);
SLPM_870.49;Simple 1500 Jitsuyou Series Vol. 17 - Planetarium (Japan);
SLPS_033.12;Shinsou Kaiten!! Wan Wan Umi Monogatari - Sanyo Pachinko Paradise DX (Japan);
SLPM_866.02;Blade Arts - Tasogare no Miyako R'lyeh (Japan);
SLPS_023.51;High School of Blitz (Japan);
SLPS_028.41;Simple 1500 Jitsuyou Series Vol. 03 - Seimei Handan (Japan);
SLPS_012.87;Denpa Shounen-teki Game (Japan);
SLPS_021.99;Ichigeki - Hagane no Hito (Japan);
"SLPS_013.02
SLPS_023.17";Hiza no Ue no Partner - Kitty on Your Lap (Japan);
SLPS_014.49;Silhouette Mirage - Reprogrammed Hope (Japan);
SLPS_008.93;Cheesy (Japan);
SLPS_005.88;Gussun Paradise (Japan);
"SCPS_450.64
SLPS_007.51";Running High (Japan, Asia);
"SCPS_450.89
SLPS_007.44
SLPS_028.29";Recipro Heat 5000 (Japan, Asia);
"SLPM_868.73
SLPS_001.83";Chou Aniki - Kyuukyoku Muteki Ginga Saikyou Otoko (Japan);
SLPS_012.09;Blaze & Blade - Eternal Quest (Japan);
SLPS_027.92;BursTrick - Wake Boarding!! (Japan);
SLPS_003.08;Doom (Japan);
SLPS_002.11;Grille Logic (Japan);
SLPS_001.62;Stahlfeder - Tekkou Hikuudan (Japan);
SLPS_009.18;Game of Life, The - DX Jinsei Game II (Japan);
"PBPX_950.02
SCUS_944.18";Interactive CD Sampler Disc Volume 4 (USA);
SLPS_007.54;Odo Odo Oddity (Japan);
"SLPS_911.68
SLPS_914.54";Soul Edge (Japan) (Rev 1);
SLPS_000.25;Toushinden (Japan) (Rev 1);
SLPM_863.94;Land Maker (Japan);
"SLPS_010.65
SLPS_910.75";Puzzle Bobble 3DX (Japan);
SLPS_020.12;Tiger Woods 99 PGA Tour Golf (Japan);
SLPS_018.38;Click Medic (Japan);
SLPS_023.70;Kiganjou (Japan);
SLPS_025.89;Thrasher - SK8 (Japan);
SLPM_866.38;Cross Tantei Monogatari 1 - Zenpen (Japan);
SLPM_866.40;Formation Soccer '98 (Japan);
SLPM_866.09;Noel 3 - Mission on the Line (Japan) (Disc 1) (Major Wave);
SLPM_866.11;Noel 3 - Mission on the Line (Japan) (Disc 3) (Major Wave);
SLPM_866.10;Noel 3 - Mission on the Line (Japan) (Disc 2) (Major Wave);
"SCPS_453.27
SLPM_861.29
SLPM_868.86";Sangokushi VI (Japan, Asia);
SLPS_015.31;Knight & Baby (Japan);
SLPS_027.43;Marionette Company 2 Chu! (Japan);
SLPM_870.51;Simple 1500 Jitsuyou Series Vol. 15 - Inu no Kaikata - Sekai no Inu Catalog (Japan);
SLPM_870.52;Simple 1500 Jitsuyou Series Vol. 16 - Neko no Kaikata - Sekai no Neko Catalog (Japan);
SLPS_032.12;Yamasa Digi World - Tetra Master (Japan);
SLPS_006.62;Rock-Climbing - Mitouhou e no Chousen - Alps-hen (Japan);
SCPS_101.28;Spyro x Sparx - Tondemo Tours (Japan);
SLPM_870.16;Simple 1500 Jitsuyou Series Vol. 13 - Shinri Game - Soreike x Kokology - Kokoro no Uso no Makafushigi (Japan);
SLPM_870.22;Simple 1500 Jitsuyou Series Vol. 14 - Kurashi no Manner - Kankon Sousai-hen (Japan);
SLPS_029.61;Pop de Cute na Shinri Test - Alabama (Japan);
"SLPM_863.55
SLPM_867.23";Tokimeki Memorial 2 (Japan) (Disc 1) (Rev 1);
"SLPM_863.59
SLPM_867.27";Tokimeki Memorial 2 (Japan) (Disc 5) (Rev 1);
"SLPM_863.56
SLPM_867.24";Tokimeki Memorial 2 (Japan) (Disc 2) (Rev 1);
"SLPM_863.57
SLPM_867.25";Tokimeki Memorial 2 (Japan) (Disc 3) (Rev 1);
"SLPM_863.58
SLPM_867.26";Tokimeki Memorial 2 (Japan) (Disc 4) (Rev 1);
SLPS_000.48;Gokuu Densetsu - Magic Beast Warriors (Japan);
SLPS_014.30;Crisis Beat (Japan);
SLES_001.57;Doom (Europe) (One Level Demo Disc);
SLES_022.08;Dino Crisis (France);
SLES_020.24;Legacy of Kain - Soul Reaver (France);
SLPM_865.90;Princess Maker - Go! Go! Princess (Japan) (Best Wing 2800);
SLPS_915.15;Quiz$Millionaire (Japan) (PSone Books);
SLES_009.21;Nuclear Strike (Germany);
SLES_019.87;Next Tetris, The (Europe) (En,Fr,De,Es,It,Nl);
SLPS_001.14;Sangokushi IV (Japan);
SLPS_002.01;Magical Drop (Japan);
SLPS_007.03;Sangokushi V (Japan);
"SLPM_861.70
SLPS_010.90";Soulmaster (Japan);
SLES_016.02;Atlantis - Secrets d'un Monde Oublie (France) (Disc 1);
SLES_116.02;Atlantis - Secrets d'un Monde Oublie (France) (Disc 2);
SLES_216.02;Atlantis - Secrets d'un Monde Oublie (France) (Disc 3);
PAPX_900.44;Metal Gear Solid (Asia) (Demo);
SCES_026.85;Tombi! 2 (Germany);
SCES_009.42;Klonoa - Door to Phantomile (Europe);
SLES_005.86;Herc's Adventures (Germany);
SCES_016.59;Kingsley's Adventure (Europe) (En,Fr,De,Es,It,Nl,Sv,No,Da,Fi);
SLES_028.92;Disney's Dinosaurier (Germany);
SLES_004.40;Andretti Racing (Germany);
SCES_023.67;Barbie - Race & Ride (Germany);
SLES_002.11;Magic Carpet (Europe) (En,Fr,De,Es,Sv);
SCES_002.19;NFL GameDay (Europe);
SCED_011.89;MIP Club Demo 01 (Germany);
SLES_017.45;UEFA Champions League - Saison 1998-99 (Germany);
SLES_000.46;Total Eclipse Turbo (Europe);
SLES_028.31;TechnoMage - Die Rueckkehr der Ewigkeit (Germany);
SCED_006.68;Euro Demo 07 (France);
SLES_039.32;Pink Panther - Pinkadelic Pursuit (Europe) (En,Fr,De,Es,It);
SLES_016.18;Shanghai - True Valor (Europe) (Alt);
SLES_015.83;Pequenos Guerreros (Spain);
SLES_032.76;Ford Racing (Europe);
SCES_017.04;Esto Es Futbol (Spain);
SCES_008.95;Disney Juego de Accion Disney Presenta Hercules (Spain);
SLES_023.62;NBA Live 2000 (Spain);
SLES_020.79;Chocobo Racing (Europe);
SLES_023.37;Hydro Thunder (Europe) (En,Fr);
SLPS_005.45;Soul Edge (Japan) (Gentei Box);
"SLPS_025.42
SLPS_915.07";Summon Night (Japan);
SLPM_862.68;Taikou Risshiden III (Japan);
SLPS_002.34;Taikou Risshiden II (Japan);
SLES_032.75;Star Wars - Demolition (Germany);
SLES_026.13;Player Manager 2000 (Germany);
SCES_030.76;Esto Es Futbol 2 (Spain);
SLES_028.20;Freestyle Motocross - McGrath vs. Pastrana (Europe);
SLES_011.60;Wayne Gretzky's 3D Hockey '98 (Europe) (En,Fr,De,Es);
SLES_000.44;Actua Golf 2 (Europe);
SLES_028.56;Bob the Builder - Can We Fix It (Europe);
SLES_036.34;Championship Manager Quiz (Europe);
SLES_037.29;Cubix Robots for Everyone - Race 'n Robots (Europe);
SCED_037.92;Euro Demo 89 (Europe);
SLES_040.87;Mobile Light Force (Europe) (En,Fr,De,Es,It);
SCED_016.36;Registered Users Demo 05 (Europe) (En,Fr,De,Es,It);
SCES_002.42*;Ridge Racer Revolution (Europe) (EDC);
SLES_033.29;Windsurfers Paradise (Europe) (En,Fr,De);
SLES_028.65;X-Men - Mutant Academy (Europe);
SLES_002.64;Virtual Golf (Europe) (En,Fr,De);
SLES_006.26;World League Basketball (Europe);
SLES_003.09;Hyper Tennis - Final Match (Europe);
SLES_041.45;Legend of Mulan (Europe) (En,Fr,De);
SLES_007.63;WCW vs. the World (Europe);
"SLES_020.17
SLES_020.17#";4x4 World Trophy (Europe) (En,Fr,De,Es,It);
SLES_040.47;Football Madness (Europe);
SLES_040.39;World Tennis Stars (Europe);
SLES_009.91;Bust-A-Move 3 DX (Europe);
SLES_011.69;Blast Radius (Europe);
SLES_010.10;Bloody Roar - Hyper Beast Duel (Europe);
SLES_025.90;Hugo - The Quest for the Sunstones (Europe) (En,Fr,De,Es,It,Pt,Sv,No,Da,Fi);
SLES_001.93;Terry Pratchett's Discworld (Germany);
SLPS_012.90;Clock Tower - Ghost Head (Japan);
SLES_039.59;Kickboxing Knockout (Europe);
SLES_022.14;Q-bert (Europe) (En,Fr,De,Es,It);
SLES_007.04;Frogger (Europe) (En,Fr,De,Es,It);
SCES_014.93;MediEvil (Germany);
SLES_011.64;Hugo (Germany);
SLES_019.41;40 Winks (Spain);
SLES_016.17;KKND Krossfire (Germany);
"SLES_011.82
SLES_011.82#";Castrol Honda Superbike Racing (Europe) (En,Fr,De,It);
SCES_035.38;Disneys Atlantis - Das Geheimnis der verlorenen Stadt (Germany);
SLES_040.25;Big Strike Bowling (Europe) (En,De,It);
SLES_028.25;Catan - Die erste Insel (Germany);
SCES_020.05;Disneys Interaktive Abenteuer - Mulan (Germany);
"SLES_040.36
SLES_040.36/GER";Animal Snap - Rescue Them 2 by 2 (Europe);
SLPS_030.94;Fuuraiki (Japan);
SLES_007.67;K-1 The Arena Fighters (Europe);
"SLES_038.47
SLES_038.47_GER";Big Bass Fishing (Europe) (En,Fr,De,Es,It);
SLES_030.69;ECW Anarchy Rulz (Germany);
SLED_006.95;Command & Conquer - Teil 1 - Der Tiberiumkonflikt (Germany) (Demo);
SLED_005.53;Star Gladiator (Europe) (Demo);
SLES_007.58;Ninja - Shadow of Darkness (Germany);
SLES_016.47;Actua Pool (Europe);
SLES_014.86;Caesars Palace II (Europe);
SLES_001.09;Incredible Hulk, The - The Pantheon Saga (Europe) (En,Fr,De,Es,It);
SLES_002.12;Syndicate Wars (Germany);
SLES_008.37;Pitfall 3D - Beyond the Jungle (Germany);
SLES_004.93;Ayrton Senna Kart Duel (Europe);
SLES_013.20;Breath of Fire III (Germany);
SLES_001.33;Gex (Europe);
SLES_014.85;Mega Man Legends (Europe);
SLES_025.23;Nickelodeon Rugrats - Studio Tour (Germany);
SLES_033.71;Dave Mirra Freestyle BMX - Maximum Remix (Europe);
SLES_023.26;Roadsters (Europe) (En,Fr,De,Es,It);
SLES_041.01;XS Airboat Racing (Europe) (En,Fr,De,Es,It);
SLES_040.69;Rox (Europe);
SLES_022.00;Championship Motocross featuring Ricky Carmichael (Europe);
SLES_041.57;Silent Iron (Europe);
SLES_040.59;ATV Racers (Europe);
SLES_035.95;Hot Wheels - Extreme Racing (Europe);
SLES_040.07;Kotobuki Grand Prix (Europe);
SLES_001.80;Victory Boxing Champion Edition (Europe);
SLES_020.95_P;ISS Pro Evolution (Europe) (En,Fr,De) (EDC);
SLES_010.80;Rushdown (Europe) (En,Fr,De);
SLES_008.35;Apocalypse (Germany);
SLES_035.25;Dragstars (Europe);
SLES_040.37;American Pool (Europe);
SLES_040.66;Atlantis - The Lost Continent (Europe) (En,Fr,De);
SLES_013.93;Victory Boxing 2 (Europe);
SLES_022.72;Yeh Yeh Tennis (Europe) (En,Fr,De);
SCES_002.90;A.IV - Evolution Global (Europe) (En,Ja,Fr,De);
SLES_033.28;Jetracer (Europe) (En,Fr,De);
SCES_002.63;Namco Tennis Smash Court (Europe);
SLES_006.91;Soccer '97 (Europe) (En,Fr,De,Es,It);
"SLES_019.43
SLES_019.43#";Radikal Bikers (Europe) (En,Fr,De,Es,It);
SLES_040.70;Winky the Little Bear (Europe) (En,Fr,De);
SLES_032.46;Monster Racer (Europe) (En,Fr,De,Es,It,Pt);
SCES_022.78;Pac-Man World - 20th Anniversary (Germany);
SLES_000.73;PGA Tour 96 (Europe);
SLES_015.45;Michelin Rally Masters - Race of Champions (Europe) (En,De,Sv);
SLES_008.31;Machine Hunter (Germany);
SLES_006.07;Independence Day - The Game (Europe) (En,Fr,De,Es,It,Sv);
SLES_036.89;Gunfighter - The Legend of Jesse James (Europe) (En,Fr,De,Es,It);
SLES_020.89;360 Three Sixty (Europe) (En,Fr,De,Es,It,Sv);
SLES_034.31;Army Men - Omega Soldier (Europe) (En,Fr,De,Es,It);
SLES_007.15;Super Football Champ (Europe);
SLES_033.27;Pro Body Boarding (Europe) (En,Fr,De);
SLES_033.78;Mary-Kate and Ashley - Winners Circle (Europe);
SLES_029.52;Goldie (Europe) (En,Fr,De,Nl);
SLES_013.59;Shadow Gunner - The Robot Wars (Europe) (En,Fr,De,Es,It);
SLES_037.24;Fisher-Price Rescue Heroes - Molten Menace (Europe);
SLES_040.58;Rascal Racers (Europe);
SLES_040.46_GER;Strike Force Hydra (Europe);
SLES_040.89;Jigsaw Madness (Europe) (En,Fr,De,Es,It);
SLES_016.94;Max Power Racing (Europe);
"SLES_003.77
SLES_003.77_T";Jonah Lomu Rugby (Europe) (En,De,Es,It);
SCES_023.69;Barbie - Race & Ride (Spain);
SLPS_008.31;Hatsukoi Valentine (Japan);
SLPS_004.51;Tenchi Muyou! Toukou Muyou (Japan) (Disc 1);
SLPS_004.52;Tenchi Muyou! Toukou Muyou (Japan) (Disc 2);
SLES_005.19;Raven Project, The (Germany) (En,Fr,De) (Disc 1);
SLES_105.19;Raven Project, The (Germany) (En,Fr,De) (Disc 2);
SLES_025.28;Street Scooters (Europe) (En,Fr,De,Es,It);
SLES_027.64;All Star Tennis 2000 (Europe) (En,De,Es,It);
"SLES_040.18
SLES_040.18#";Ballerburg (Germany);
SLES_040.99;ATV Mania (Europe) (En,Fr,De,It);
SLPS_000.70;Street Fighter - Real Battle on Film (Japan);
SCUS_949.50;PlayStation Developer's Demo Disc (USA) (SCUS-94950);
SLES_005.33;NHL 97 (Germany);
SLES_006.08;Contra - Legacy of War (Europe);
SLES_004.17;Allied General (Europe);
SLES_013.54;No One Can Stop Mr. Domino (Europe);
SLES_010.64;Mega Man 8 (Europe);
SLES_040.14_GER;Pinobee (Europe) (En,Fr,De,Es,It);
SCES_002.68;Namco Museum Vol. 3 (Europe);
SLES_004.53;Floating Runner (Europe);
SLES_028.53;Frogger 2 - Swampy's Revenge (Europe) (En,Fr,De,It);
SCES_020.11;Kurushi Final (Germany);
"SLPS_015.86
SLPS_025.66";DX Okuman Chouja Game II - The Money Battle (Japan);
SCES_011.86;Klonoa - Door to Phantomile (Germany);
SLES_029.64;Magical Drop III (Europe) (En,Fr,De,Es,It,Nl) (Disc 1) (Magical Drop III);
SLES_129.64;Magical Drop III (Europe) (En,Fr,De,Es,It,Nl) (Disc 2) (Magical Drop +1);
SLES_025.38;EA Sports Superbike 2000 (Europe) (En,Fr,De,Es,It,Sv);
SLES_004.37;PGA Tour 97 (Europe);
SLES_033.50;Dracula 2 - Die letzte Zufluchtsstaette (Germany) (Disc 1);
SLES_133.50;Dracula 2 - Die letzte Zufluchtsstaette (Germany) (Disc 2);
SLES_041.22/GER;Moorhuhn Kart (Germany);
SCES_027.71;Mr. Driller (Europe) (En,Fr,De,Es,It);
SLES_020.98;Capcom Generations (Germany) (Disc 1) (Wings of Destiny);
SLES_120.98;Capcom Generations (Germany) (Disc 2) (Chronicles of Arthur);
SLES_220.98;Capcom Generations (Germany) (Disc 3) (The First Generation);
SLES_027.98;Rayman Junior - Level 1 (Europe) (En,Fr,De,Es,It);
SLES_002.62;Transport Tycoon (Europe) (En,Fr,De,Es,It);
SCES_020.29_P;Ape Escape (Germany);
SLES_018.79;OverBlood 2 (Europe) (Disc 1);
SLES_118.79;OverBlood 2 (Europe) (Disc 2);
"SLES_031.79
SLES_031.79_P";Disney's Tigger's Honey Hunt (Europe);
SLES_041.52/GER;Sitting Ducks (Europe) (En,Fr,De,Es,It,Nl);
SLES_040.51;Omega Assault (Europe);
SLES_005.75;Speedster (Europe);
SLES_000.95;4-4-2 Soccer (Europe) (En,Fr,De,Es);
SLES_013.25;VR Baseball 99 (Europe);
SLES_020.85;Fisherman's Bait - Bass Challenge (Europe);
SLES_019.61;Carmageddon (Germany) (En,Fr,De,Es);
"SCES_030.34
SCES_030.34#";Disneys Arielle 2 (Germany);
SLES_005.92;BallBlazer Champions (Germany);
SCES_006.84;Nightmare Creatures (Germany);
SLES_013.78;Pocket Fighter (Europe);
SLES_004.80;Iznogoud (Europe) (En,Fr,De,It,Nl);
SLES_029.83;In einem Land vor unserer Zeit - Die Rueckkehr ins Grosse Tal (Germany);
SLES_001.87;Chessmaster 3-D, The (Europe);
"SLES_031.26
SLES_031.26/P";Medal of Honor - Underground (Germany);
SLES_003.81;Grid Run (Europe);
SLPM_802.83;Mikagura Shoujo Tanteidan & Neko Zamurai (Japan) (Demo);
SLES_003.42;In the Hunt (Europe);
SLES_032.99;LEGO Island 2 - The Brickster's Revenge (Europe);
SLES_041.29;Dance Europe (Europe) (Fr,De,Es,It,Nl,Pt);
SCES_013.38;Tiny Tank (Europe);
SLES_041.63;Dancing Stage Fusion (Europe) (En,Fr,De,Es,It);
SLES_030.82;European Super League (Europe) (En,Fr,De,Es,It,Pt);
SLES_023.74;Play with the Teletubbies (Europe);
SLES_038.26;Sven-Goeran Eriksson's World Manager (Europe);
SLES_035.47;Tiny Toon Adventures - Plucky's Big Adventure (Europe) (En,Fr,De);
SLES_021.72;Wu-Tang - Shaolin Style (Germany);
SLES_002.24;Time Commando (Europe);
SLES_002.16;Shellshock (Germany);
SCES_021.61;Star Ocean - The Second Story (Germany) (Disc 1);
SCES_121.61;Star Ocean - The Second Story (Germany) (Disc 2);
SCES_002.67;Namco Museum Vol. 2 (Europe);
SLES_027.48;Die Hard Trilogy 2 - Viva Las Vegas (Germany);
"SLES_041.55
SLES_041.55#";CT Special Forces 3 - Bioterror (Europe) (En,Fr,De,Es,It,Nl);
SLES_041.77/GER;Schnappi - Das kleine Krokodil - 3 Fun-Games (Germany);
SLES_025.11;Sesame Street - Elmo's Number Journey (Europe);
SLES_006.12;Darkstone (Europe) (En,Fr,De,Es,It);
SLES_034.48;Land Before Time, The - Racing Adventure (Europe) (En,Fr,De,Es,It);
SLES_007.26;Formula Karts - Special Edition (Europe) (En,De,Es,It);
SLES_034.30;MTV Sports - T.J. Lavin's Ultimate BMX (Europe);
SLES_001.29;Revolution X - Music Is the Weapon (Europe);
SLES_000.76;Slam 'n Jam '96 featuring Magic & Kareem (Europe);
SLES_033.88;Power Diggerz (Europe) (En,Fr,De);
SLES_040.50;Hot Shot (Europe);
"SLES_034.00
SLES_034.00#";Pipe Mania 3D (Europe) (En,Fr,De,Es,It);
SLES_041.09;Ford Truck Mania (Europe) (En,Fr,De,Es);
SLES_034.21;Mary-Kate and Ashley - Crush Course (Europe);
SLES_001.14;CyberSpeed (Europe) (En,Fr,De);
SLES_033.63;Freestyle Scooter (Europe);
SLES_029.51;Lord of the Jungle (Europe) (En,Fr,De,Nl);
SLES_040.54;Robo Pit 2 (Europe);
SLES_033.74;Egypt II - Die Prophezeiung von Helipolis (Germany);
SLES_039.34;Gundam Battle Assault 2 (Europe) (En,Fr,De,Es,It);
SCES_024.89;Barbie - Super Sport (Germany);
SLES_027.53;K-1 Grand Prix (Europe);
SLES_041.12;Robocod - James Pond II (Europe) (En,Fr,De,Es,It);
SLES_012.11;Pro Pinball - Big Race USA (Europe) (En,Fr,De,Es);
SLES_009.31;VR Sports Powerboat Racing (Europe) (En,Fr,De,Es,It);
SLES_022.54;F.A. Premier League Football Manager 2000, The (Europe);
SLES_036.27;Dexter's Laboratory - Mandark's Lab (Europe);
SLES_032.52;Championship Motocross 2001 featuring Ricky Carmichael (Europe);
SLES_040.97;Dancing Stage Fever (Europe);
SLES_035.99;Victory Boxing Contender (Europe);
SLES_027.03;Street Skater 2 (Europe) (En,Fr,De);
SLES_039.63;All Star Tennis (Europe);
SCES_024.51;NHL FaceOff 2000 (Europe);
SLES_027.90;Spin Jam (Europe);
SLES_036.03;LMA Manager 2002 (Europe);
SLES_025.50;International Superstar Soccer (Europe) (En,De);
SLES_005.01;Extreme Snow Break (Europe);
SLES_017.91;Triple Play Baseball 2000 (Europe);
SCES_028.36;Terracon (Europe) (En,Fr,De,Es,It);
SLES_035.61;Sabrina the Teenage Witch - A Twitch in Time! (Europe);
SLES_001.27;Krazy Ivan (Germany);
SLES_030.63;F.A. Premier League Stars 2001, The (Europe);
SLES_031.85;Gold und Ruhm - Der Weg nach El Dorado (Germany);
SLES_041.68/GER;FIFA Football 2005 (Germany);
SCES_008.66;Kurushi (Europe) (En,Fr,De,Es,It);
SLUS_008.85;Tomb Raider - The Last Revelation (USA);
SLES_027.95;Misadventures of Tron Bonne, The (Europe);
SLES_000.90;Starwinder - The Ultimate Space Race (Europe);
SLES_007.13;Yusha - Heaven's Gate (Europe);
SCES_030.07/P;Disneys Aladdin - Nasiras Hevn (Norway);
SLES_031.63;Bombing Islands, The (Europe);
SLES_038.13#;Monte Carlo Games Compendium (Europe) (Disc 1) (Rev 1);
SLES_138.13#;Monte Carlo Games Compendium (Europe) (Disc 2) (Rev 1);
SLES_027.99;Rayman Junior - Level 2 (Europe) (En,Fr,De,Es,It);
SLES_008.05;Perfect Assassin (Europe) (En,Fr,De,Es,It);
"SLES_031.13
SLES_031.13#";Casper - Friends Around the World (Europe) (En,Fr,De,Es,It);
SLES_002.35;Impact Racing (Europe);
SLES_032.50;Iron Soldier 3 (Europe) (En,Fr,De);
SLES_007.09;Beast Wars - Transformers (Europe) (En,Fr,De,Es,It);
SCES_020.73;Tiny Tank (Germany);
SLES_010.11;Rampage - World Tour (Europe);
SLES_000.54;X-COM - Enemy Unknown (Europe) (En,Fr,De,Es,It);
SLES_001.42;Lone Soldier (Germany);
SLES_000.15;Actua Golf (Europe) (En,Fr,De);
SLES_001.23;Viewpoint (Europe);
SLES_000.81;Defcon 5 (Europe);
"SLES_019.72
SLES_019.72#";South Park - Chef's Luv Shack (Europe);
SLES_003.10;Motor Mash (Europe) (En,Fr,De);
SLES_000.41;Panzer General (Europe);
SCES_037.14_P;Disneys Peter Pan - Eventyr i Drommeland (Norway);
SCES_035.33;Disney's Atlantis - The Lost Empire (Europe);
SCES_037.66_P;Disney-Pixar Monsterbedriften - Skrekkoya (Norway);
SCES_035.40_P;Disneys Atlantis - En Forsvunnet Verden (Norway);
SLES_031.23;Box Champions 2001 (Germany);
SLES_121.87#;OverBlood 2 (Germany) (Disc 2) (Rev 1);
SLES_041.23/GER;CT Special Forces - Back to Hell (Europe) (En,Fr,De,Es,It,Nl);
SCES_010.75;Ghost in the Shell (Germany);
SLES_003.00;DragonHeart - Fire & Steel (Europe) (En,Fr,De);
SLES_001.48;Defcon 5 (Germany);
SLES_026.31;Wild Rapids (Europe);
SLES_001.88;Actua Ice Hockey (Europe) (En,Fr,De,Sv,Fi);
SCES_025.66;Dragon Valor (Germany) (Disc 1);
SCES_125.66;Dragon Valor (Germany) (Disc 2);
SLES_004.42;Tetris Plus (Europe);
SLES_003.43;Earthworm Jim 2 (Europe);
SLES_013.32;Live Wire! (Europe) (En,Fr,De,Es,It);
SLES_035.56;Mega Man Legends 2 (Europe);
SLES_007.84;Frenzy! (Europe);
SCES_005.61;Real Bout Fatal Fury (Europe);
SCES_021.20;Omega Boost (Europe) (En,Fr,De,Es,It);
SCES_028.72;Monster Rancher (Europe);
SCES_024.84;Muppet RaceMania (Germany);
SLES_002.59;Pro Pinball - The Web (Europe);
SCPS_101.39;Shachou Eiyuuden (Japan) (Ja,Zh);
SLES_035.17;Duke Nukem - Time to Kill (Europe) (Rerelease);
SCES_010.94;Zero Divide 2 - The Secret Wish (Europe);
SLPS_004.03;Studio P (Japan);
SCES_013.31#;Tombi! (Europe) (En,Es,Pt,Sv,Da) (Rev 1);
SLPS_028.14;Ooedo Fuusui Ingaritsu - Hanabi 2 (Japan);
SLPM_863.83;Disney's Tarzan (Japan);
SCES_008.50;Treasures of the Deep (Europe);
SLES_028.82;RayCrisis (Europe);
SLES_007.28;Tigershark (Europe);
SLES_037.26;Fisher-Price Rescue Heroes - Helden in Gefahr (Germany);
SLES_002.06;Extreme Pinball (Europe);
SLES_001.00;Frank Thomas Big Hurt Baseball (Europe);
SLPS_019.13;Cybernetic Empire (Japan) (Disc 2);
SLPS_019.12;Cybernetic Empire (Japan) (Disc 1);
SLPS_001.05;Total Eclipse Turbo (Japan);
SLPS_024.89;Bokujou Monogatari - Harvest Moon (Japan);
SLPS_006.07;Pitball (Japan);
SLPS_010.66;Kahen Soukou Gunbike - Speed Power Gunbike (Japan);
SLPS_035.32;Kaitou Apricot (Japan);
SLPS_008.65;Body Hazard (Japan);
SCES_037.09_P;Disney's Peter Pan - Avonturen in Nooitgedachtland (Netherlands);
SCES_021.85;Disney's Tarzan (Netherlands) (EDC);
SCES_022.64;Disney's Verhalenstudio - Mulan (Netherlands);
SLES_034.59;Tintin - Destination Adventure (Europe) (En,Fr,De,Es,It,Nl,Pt);
SLES_031.53;Nicktoons Racing (Europe) (En,Fr,De,Es,It,Pt);
SLES_006.62;Battle Stations (Europe) (En,Fr,De);
SLES_040.92;Patriotic Pinball (Europe) (En,Fr,De,It);
SLES_007.53;Circuit Breakers (Europe) (En,Fr,De,Es,It);
SLES_035.69;Sportweek Player Manager 2001 (Netherlands);
SCPS_100.52;MDK (Japan);
SLPS_028.58;Suna no Embrace - Edin no Sato no Navel (Japan);
SLPM_872.19;SuperLite 1500 Series - Lunar Wing - Toki o Koeta Seisen (Japan);
SLPS_031.98;Vampire Hunter D (Japan) (Rev 1);
SLES_027.26;Armorines - Project S.W.A.R.M. (Germany);
SLES_001.97;Galaxy Fight (Europe);
SLES_036.39;Disney's Goofy's Fun House (Germany);
SLES_021.98;Hot Wheels - Turbo Racing (Europe) (En,Fr,De);
SLES_025.15;Fighter Maker (Europe);
SCES_003.91;Penny Racers (Europe);
SLES_001.56;Hebereke's Popoitto (Europe);
SLES_000.69;Goal Storm (Europe);
SCES_030.17/P;Disneys Et Kongerike for en Lama (Norway);
SCES_030.09;Disneys Aladdin - Nasiras haemnd (Sweden);
SLES_019.38;Dream Story - Les Aventures de Tim et Lola (France);
"SLES_029.94#
SLES_029.94#3";Driver 2 - Back on the Streets (France) (Disc 1) (Rev 1);
"SLES_129.94#
SLES_129.94#3
SLES_129.94_P";Driver 2 - Back on the Streets (France) (Disc 2) (Rev 1);
SLES_036.68;FIFA Football 2002 (France);
SLES_033.43_P;Nickelodeon Les Razmoket a Paris - Le Film (France);
SLES_025.24;Nickelodeon Les Razmoket - Font leur Cinema (France);
SLES_033.07;LEGO Island 2 - The Brickster's Revenge (Spain);
"SLPM_873.33
SLPS_023.80
SLPS_032.40";Growlanser (Japan) (Disc 1);
"SLPM_873.34
SLPS_023.81
SLPS_032.41";Growlanser (Japan) (Disc 2);
SLPS_910.33;Kokumeikan (Japan) (Rev 1);
SLPS_007.46;Out Live - Be Eliminate Yesterday (Japan);
SLES_030.53;Aztec - The Curse in the Heart of the City of Gold (Europe) (En,Nl);
SCES_030.72;This Is Football 2 (Netherlands);
SLES_039.74;Harry Potter and the Chamber of Secrets (Europe) (En,Nl,Da);
SLES_036.65;Harry Potter and the Philosopher's Stone (Europe) (En,Nl,Da);
SCES_030.22;Walt Disney's Jungle Boek - Groove Party (Netherlands);
SCES_008.96;Disney's Action Game met Hercules (Netherlands);
SCES_037.46;Disney's Spelen met Winnie de Poeh en zijn Vriendjes! (Netherlands);
"SLES_020.67
SLES_020.67/P";Disney-Pixar Toy Story 2 - Buzz Lightyear to the Rescue! (Europe) (Rev 1);
SLES_033.01;LEGO Eiland 2 - De Wraak van Dondersteen (Netherlands);
SLES_015.91#;Hugo (Europe) (Nl,Pt) (Rev 1);
SCES_038.50_P;Stuart Little 2 (Netherlands);
SLES_023.84;Ruff & Tumble (Netherlands);
SLES_013.61;Sports Car GT (Europe);
SLES_035.75;Metal Slug X (Europe);
SLES_002.02;Power Move Pro Wrestling (Europe);
SCES_006.99;Ace Combat 2 (Europe);
SLES_026.16;Sportweek Player Manager 2000 (Netherlands) (En,Fr);
SCES_028.12;Chase the Express (Europe) (Disc 1);
SCES_128.12;Chase the Express (Europe) (Disc 2);
SLES_022.33;Fighting Force 2 (Europe) (En,Fr);
SCES_021.78;Magische Tetris Uitdaging (Netherlands);
SLES_013.27;Kick Off World (Europe) (Es,Nl);
SCES_038.76;Disney's Lilo & Stitch - Heisa op Hawai (Netherlands);
"SLES_032.68
SLES_032.68#";Disney's De Leeuwenkoning - Simba's Machtige Avontuur (Netherlands);
SCES_015.25;Disney-Pixar Een Luizenleven (Netherlands);
SCES_015.23;Disney-Pixar Bichos - Una Aventura en Miniatura (Spain);
SCES_032.35;Disney's De Kleine Zeemeermin II (Netherlands);
SCES_015.19;Disney Tarzan (Spain);
SCES_038.75;Disney Lilo & Stitch en Problemas en el Paraiso (Spain);
SLES_015.88;FIFA 99 (Spain) (En,Fr,De,Es,Nl,Sv);
SCES_037.58;Jim Henson's The Hoobs (Spain);
SCES_015.69;X-Files, The (Spain) (Disc 1);
SCES_115.69;X-Files, The (Spain) (Disc 2);
SCES_215.69;X-Files, The (Spain) (Disc 3);
SCES_315.69;X-Files, The (Spain) (Disc 4);
"SLES_022.93
SLES_022.93#";Canal+ Premier Manager (Europe) (Fr,Es,It);
SCES_030.02;Disney's Aladdin in Nasira's Wraak (Netherlands);
SLES_033.98;Disney-Pixar Toy Story Racer (Europe) (Es,It,Nl);
SCES_030.12;Disney's Keizer Kuzco (Netherlands);
SCES_035.35;Disney's Atlantis - De Verzonken Stad (Netherlands);
"SLES_030.98
SLES_030.98_P";Disney's Donald Duck - Quack Attack (Netherlands);
SLES_016.72;Nickelodeon Rugrats - De Speurtocht naar Reptar (Netherlands);
SLES_028.23;ECW Anarchy Rulz (Europe);
SCES_039.42/DUT/P;Disney's Piratenplaneet - De Schat van Kapitein Flint (Netherlands);
SLES_018.15;Hugo 2 (Netherlands);
SLES_032.45;TechnoMage - De Terugkeer der Eeuwigheid (Netherlands);
SLES_025.35#;ECW Hardcore Revolution (Europe) (Rev 1);
SCES_037.61_P;Disney-Pixar Monsters en Co. - Schrik Eiland (Netherlands);
SLES_041.70;Yetisports World Tour (Europe) (En,Fr,De,Es,It);
SLES_001.37;World Cup Golf - Professional Edition (Germany);
SLES_000.53;Cheesy (Europe) (En,Fr);
SLES_004.13;Tokyo Highway Battle (Europe);
SLES_038.69;WM Nationalspieler (Germany);
SLES_032.81;UEFA Champions League - Season 2000-2001 (Germany);
SLES_030.52;Aztec - The Curse in the Heart of the City of Gold (Europe) (Fr,De);
SLES_008.75;Bugriders - The Race of Kings (Europe);
SLES_014.33;All Star Tennis '99 (Europe) (En,Fr,De,Es,It);
SLES_005.43;Road Rage (Europe);
SLES_041.25/GER;Jet Ace (Europe);
SLES_012.03;Puma Street Soccer (Europe) (En,Fr,De,It);
SLES_007.49;Note, The (Europe) (En,Fr,De,Es,It);
SLES_014.53;NASCAR 99 (Germany);
SLES_035.78;Pyjama Sam - Suessigkeiten kriegen Saures (Germany);
SLES_001.69;VR Baseball '97 (Europe);
SLES_013.76;Brunswick Circuit Pro Bowling (Europe);
SLES_005.97;Saban's Power Rangers Zeo - Full Tilt Battle Pinball (Europe);
SLES_007.62;Air Race (Europe);
SLES_028.94#2;Disney Dinosaurio (Spain);
SLES_035.73;Hugo - The Quest for the Sunstones (Europe) (Fr,Nl,Pl);
SLPS_023.13;Soukou Kihei Votoms - Koutetsu no Gunzei (Japan) (Shokai Seisan Genteiban);
"SLPM_862.34
SLPS_013.19";Soeldnerschild Special (Japan);
SLPS_013.56;Tantei Jinguuji Saburou - Yume no Owari ni (Japan);
SCES_037.48;Disney Ven a la Fiesta! con Winnie the Pooh (Spain);
SCES_030.18/P;Disney El Emperador y sus Locuras (Spain);
SLES_005.87;Crusader - No Remorse (Europe);
SCES_017.52;Legend of Legaia (Europe);
SLES_012.14;Vigilante 8 (Germany);
SLES_033.46;F1 World Grand Prix (Germany);
SLES_019.71;Pop n' Pop (Europe);
SLES_011.75;Super Match Soccer (Europe) (En,Fr,De,Es,It);
SLES_022.44;Mighty Hits Special (Europe) (En,Fr,De);
SLPS_030.02;Bomberman Land (Japan) (Rev 1);
SLES_041.48;Cindy's Caribbean Holiday (Europe);
SLPS_024.25;Glocal Hexcite (Japan);
SLES_041.24;Herkules (Europe) (En,De);
SLES_010.61;Kick Off World (Europe, Australia) (En,Fr);
SLES_040.65;Lion and the King 2 (Europe) (En,Fr,De);
SLES_039.18;Paris-Marseille Racing II (France);
SLES_041.26;Space Rider (Europe);
SLPS_009.39;Whizz (Japan);
SLES_035.85;Who Wants to Be a Millionaire - Australian Edition (Australia);
SCES_035.58;Adibou et l'Ombre Verte (France);
"SLPS_024.79
SLPS_912.37";Soumatou (Japan);
SCES_037.01/P;Syphon Filter 3 - Sentencia Final (Spain);
SCES_021.53;A Sangre Fria (Spain) (Disc 1);
SCES_121.53;A Sangre Fria (Spain) (Disc 2);
SLES_023.49;Amerzone - El Legado del Explorador (Spain) (Disc 1);
SLES_123.49;Amerzone - El Legado del Explorador (Spain) (Disc 2);
SCES_028.16;Chase the Express - El Expreso de la Muerte (Spain) (Disc 1);
SCES_128.16;Chase the Express - El Expreso de la Muerte (Spain) (Disc 2);
SLES_033.52;Dracula 2 - El Ultimo Santuario (Spain) (Disc 1);
SLES_133.52;Dracula 2 - El Ultimo Santuario (Spain) (Disc 2);
SCES_037.15_P;Disney Aventuras de Peter Pan en el Pais de Nunca Jamas (Spain);
SCES_022.80;Pac-Man World - 20th Anniversary (Spain);
SLES_027.60;Dracula - Resurreccion (Spain) (Disc 1);
SLES_127.60;Dracula - Resurreccion (Spain) (Disc 2);
SLES_034.97;Necronomicon - El Alba de las Tinieblas (Spain) (Disc 1);
SLES_134.97;Necronomicon - El Alba de las Tinieblas (Spain) (Disc 2);
SLES_031.49;International Superstar Soccer (Europe) (Fr,Es,It);
SLES_022.37;Fighting Force 2 (Europe) (Es,It);
SLES_025.73;TOCA World Touring Cars (Europe) (Es,It);
SLES_015.47;TOCA 2 Touring Cars (Europe) (Es,It);
SLES_016.85#;Tomb Raider III - Adventures of Lara Croft (Spain) (Rev 1);
SLES_001.06;Sentient - Explore the Infinite (Europe);
SLES_004.46;Killing Zone (Europe);
SLES_041.69;FIFA Football 2005 (Spain);
SLES_020.38;Star Wars - Episodio I - La Amenaza Fantasma (Spain);
SCES_030.36;Disney La Sirenita 2 (Spain);
SLES_029.09;Tony Hawk's Pro Skater 2 (France);
SLES_036.46_P;Tony Hawk's Pro Skater 3 (France);
SLES_039.56_P;Tony Hawk's Pro Skater 4 (France);
SLPS_006.90;Doukyuusei 2 (Japan) (Extra Box);
"SLPM_864.75
SLPM_869.76";Eve Zero (Japan) (Disc 1) (Premium Box);
"SLPM_864.76
SLPM_869.77";Eve Zero (Japan) (Disc 2) (Premium Box);
"SLPM_864.77
SLPM_869.78";Eve Zero (Japan) (Disc 3) (Premium Box);
SLPS_017.08;First Kiss Story (Japan) (Disc 1);
SLPS_017.09;First Kiss Story (Japan) (Disc 2);
SLPM_868.08;Furimukeba Tonari ni (Japan);
SLPS_010.82;Gadget - Past as Future (Japan) (Disc 1);
SLPS_010.83;Gadget - Past as Future (Japan) (Disc 2);
SLPS_010.84;Gadget - Past as Future (Japan) (Disc 3);
SLPS_010.85;Gadget - Past as Future (Japan) (Disc 4);
SLPM_871.38;Groove Adventure Rave - Mikan no Hiseki (Japan);
SLPS_026.41;Hexamoon Guardians (Japan) (Disc 1);
SLPS_026.42;Hexamoon Guardians (Japan) (Disc 2);
SLPS_017.14;Meguri Ai shite (Japan);
SLPS_012.81;Moebius Link 3D (Japan);
SLPS_025.01;Robin Lloyd no Bouken (Japan);
SLPS_035.56;Sister Princess 2 - Premium Fan Disc (Japan) (Disc A);
SLPS_035.57;Sister Princess 2 - Premium Fan Disc (Japan) (Disc B);
"SLPS_007.67
SLPS_025.24";Tactics Ogre - Let Us Cling Together (Japan);
SLPS_019.19;ToHeart (Japan) (Disc 1);
SLPS_019.20;ToHeart (Japan) (Disc 2);
"SLPM_860.70
SLPM_863.61";Tokimeki Memorial Drama Series Vol. 2 - Irodori no Love Song (Japan) (Disc 1);
"SLPM_860.71
SLPM_863.62";Tokimeki Memorial Drama Series Vol. 2 - Irodori no Love Song (Japan) (Disc 2);
SCES_020.30;Ape Escape (Italy);
SLES_022.06;Jade Cocoon - La Leggenda del Tamamayu (Italy);
SLES_027.49;Die Hard Trilogy 2 - Viva Las Vegas (Italy);
SLES_038.31;2002 FIFA World Cup (France);
SLES_033.49;Dracula 2 - Le Dernier Sanctuaire (France) (Disc 1);
SLES_016.19;Duke Nukem - Time to Kill (France);
SLES_023.16;FIFA 2000 (France);
SLES_031.41;FIFA 2001 (France);
SLES_035.46;Folles Poursuites (France);
SLES_036.87;Largo Winch - Commando SAR (France);
SLES_016.69;Nickelodeon Les Razmoket - A la Recherche de Reptar (France);
SCES_013.21;Granstream Saga, The (France);
SLES_010.31;Versailles - Complot a la Cour du Roi Soleil (France);
SLES_022.66;Xena - Warrior Princess (France);
SCES_022.89/P;Syphon Filter 2 - Conspiracion Mortal (Spain) (Disc 1) (Rev 1);
SCES_122.89/P;Syphon Filter 2 - Conspiracion Mortal (Spain) (Disc 2) (Rev 1);
SCES_030.93;Muppet Monster Adventure (Spain);
SCES_010.73;Treasures of the Deep (Spain);
SLES_000.68;NBA Jam - Tournament Edition (Europe);
SLES_013.96;Actua Tennis (Europe) (Fr,De);
SLPS_912.18;Bokujou Monogatari - Harvest Moon (Japan) (Rev 1);
"SLPS_030.87
SLPS_915.25";Bokujou Monogatari - Harvest Moon for Girl (Japan);
"SLPM_862.05
SLPS_006.88";Sangokushi Koumeiden (Japan);
"SLPM_867.44
SLPS_003.09";Sangokushi Eiketsuden (Japan);
"SLPS_017.27
SLPS_912.16";Super Robot Taisen F (Japan);
SLES_028.90/P;Spider-Man (Spain);
SLES_026.20;Army Men - Air Attack (Europe) (En,Es,It);
SCES_026.24;Colony Wars - El Sol Rojo (Spain);
SCES_019.19;G-Police - Weapons of Justice (Spain);
SLES_026.11;Star Wars - Episodio I - Jedi Power Battles (Spain);
SLES_029.92;Silent Bomber (Spain);
SLES_024.65;Tenchu 2 - Birth of the Stealth Assassins (Spain);
SCES_009.01;Ace Combat 2 (France);
SCES_026.21;Colony Wars - Red Sun (France);
SCES_035.36_P;Disneyn Atlantis - Kadonnut Kaupunki (Finland);
SLES_036.24_P;Spider-Man 2 - La Revanche d'Electro (France);
SLES_022.48;Dune 2000 (France);
SCES_020.04;Disney Fais Ton Histoire! Mulan (France);
SCED_015.28;Strategie Speziale '98 (Germany);
SCED_007.72;Euro Demo 09 (France);
SCES_002.48;Topolino e le Sue Avventure (Italy);
SCES_015.22;Disney-Pixar A Bug's Life - Megaminimondo (Italy);
SCES_015.18;Disney Tarzan (Italy);
"SLPS_029.00
SLPS_029.12";SD Gundam - GGeneration-F (Japan) (Disc 1);
"SLPS_029.01
SLPS_029.13";SD Gundam - GGeneration-F (Japan) (Disc 2);
"SLPS_029.02
SLPS_029.14";SD Gundam - GGeneration-F (Japan) (Disc 3);
SLPS_029.15;SD Gundam - GGeneration-F (Japan) (Disc 4) (Premium Disc);
SLES_025.26;Formula Nippon (Europe) (En,Es,It);
SCED_007.74;Euro Demo 11 (France);
SCED_007.75;Euro Demo 12 (France);
SCED_007.82;Euro Demo 20 (France);
SCED_011.17;Euro Demo 24 (France);
SCED_011.19;Euro Demo 26 (France);
SLES_022.68;Xena - Warrior Princess (Spain);
SCES_035.41_P;Disney Atlantis - El Imperio Perdido (Spain);
SCES_030.29;Walt Disney El Libro de la Selva - Muevete con Ritmo (Spain);
SLES_029.85;En Busca del Valle Encantado - El Retorno al Gran Valle (Spain);
SLES_041.47;Cindy's Fashion World (Europe);
SLES_041.46;Rhythm Beat (Europe);
SCED_011.20;Euro Demo 27 (France);
SCED_017.85;Euro Demo 28 (France);
"SLES_039.53
SLES_039.53_GER";Truck Racing (Europe);
SCED_037.86;Euro Demo 83 (Europe);
SLES_024.73;Asterix & Obelix Take on Caesar (Europe) (Es,Sv,No);
SLES_010.89;Forsaken (Spain);
SLES_033.30;Warriors of Might and Magic (Europe) (En,Es,It);
SCES_021.03;Shadow Madness (Spain) (Disc 1);
SCES_121.03;Shadow Madness (Spain) (Disc 2);
SCES_030.08;Disney Aladdin - La Venganza de Nasira (Spain);
SLES_029.23;Tiny Toon Adventures - Toonenstein - Dare to Scare! (Europe);
SLES_028.61;Sydney 2000 (Spain);
SLES_027.50;Jungla de Cristal Trilogia 2 - Viva Las Vegas (Spain);
SLES_024.08;Disney-Pixar Toy Story 2 - Buzz Lightyear al Rescate! (Spain);
SLES_030.99;Disney Pato Donald - Cuac Attack (Spain);
SLUS_005.15;Lost World, The - Jurassic Park - Special Edition (USA);
SLPS_000.16;Jikkyou Powerful Pro Yakyuu '95 (Japan) (Rev 1);
SLES_035.23;Men in Black - The Series - Crashdown (Spain);
SCES_004.14;Broken Sword - La Leyenda de los Templarios (Spain);
SCES_008.02;Broken Sword II - Las Fuerzas del Mal (Spain);
SLES_022.11;Dino Crisis (Spain);
SLES_032.25;Dino Crisis 2 (Spain);
SLES_022.05;Jade Cocoon - La Leyenda de Tamamayu (Spain);
SCES_020.13;Kurushi Final (Spain);
SLES_020.26;Legacy of Kain - Soul Reaver (Spain);
SLES_035.14;Hugo - Black Diamond Fever (Europe) (Es,It,Pt);
"SLES_028.93
SLES_028.93#";Disney Dinosauri (Italy);
SLES_015.99;Egypt 1156 A.C. - L'Enigma della Tomba Reale (Italy);
SLES_014.70;Asteroids (Italy);
SLES_008.63;Colony Wars (Italy) (Disc 1);
SLES_108.63;Colony Wars (Italy) (Disc 2);
SLES_031.18;F1 Championship Season 2000 (Italy);
SLES_027.24;F1 2000 (Italy);
SLES_018.08;Hugo 2 (Italy);
SLES_014.11;O.D.T. (Italy);
SLES_008.55;G-Police (Italy) (Disc 1);
SLES_108.55;G-Police (Italy) (Disc 2);
SLES_004.52;Robo Pit (Europe);
SLES_012.08;San Francisco Rush - Extreme Racing (Europe) (En,Fr,De,Es,It);
"SLES_004.64
SLES_004.64#
SLES_004.64#2";Heart of Darkness (Italy) (Disc 1);
"SLES_104.64
SLES_104.64#
SLES_104.64#2";Heart of Darkness (Italy) (Disc 2);
SCES_030.35;Disney La Sirenetta II (Italy);
SCES_038.74_P;Disney Lilo & Stitch - Grossi Guai alle Hawaii (Italy);
"SLES_035.22
SLES_035.22#";Men in Black - The Series - Crashdown (Italy);
SLES_038.33;2002 FIFA World Cup (Italy);
SLES_031.31;NBA Live 2001 (Italy);
SLES_034.96;Necronomicon - Ispirato alle opere di H.P. Lovecraft (Italy) (Disc 1);
SLES_134.96;Necronomicon - Ispirato alle opere di H.P. Lovecraft (Italy) (Disc 2);
SLES_036.40;Disney Pippo Giochi Pazzi (Italy);
SLES_028.89/P;Spider-Man (Italy);
SLES_020.37;Star Wars - Episodio I - La Minaccia Fantasma (Italy);
SCES_130.47;Legend of Dragoon, The (Spain) (Disc 2);
"SCES_037.00
SCES_037.00_P";Syphon Filter 3 (Italy);
SLES_032.58_P;Disney Tigro e la Caccia al Miele (Italy);
SCES_230.47;Legend of Dragoon, The (Spain) (Disc 3);
SCES_330.47;Legend of Dragoon, The (Spain) (Disc 4);
SCES_017.03;This Is Football (Italy);
SCES_019.11;Syphon Filter (France);
"SLES_039.35
SLES_039.35#";Cleopatra Fortune (Europe);
SLES_015.97;Egypte 1156 AV. J.-C. - L'Enigme de la Tombe Royale (France);
SLES_005.88;Crusader - No Remorse (France);
SLES_010.88;Forsaken (Italy);
SLES_010.28;Actua Soccer 2 (Italy);
SCES_012.33;Spice World (Italy);
SLES_006.43;Star Wars - Rebel Assault II - The Hidden Empire (Italy) (Disc 1);
SLES_106.43;Star Wars - Rebel Assault II - The Hidden Empire (Italy) (Disc 2);
SLES_025.80;UEFA Champions League - Season 1999-2000 (Italy);
SLES_040.01;M&M's - Shell Shocked (France);
SLES_021.37;Aironauts (Europe) (En,Fr,De);
SLES_016.67;Hugo (Italy);
"SCES_039.40
SCES_039.40/ITA/P";Disney Il Pianeta del Tesoro (Italy);
SCES_030.26;Walt Disney Il Libro della Giungla - Il Ballo della Giungla (Italy);
SLES_014.50;Knockout Kings 99 (France);
SLES_013.41;Absolute Football (France) (En,Fr,De,Es,It,Pt);
SLES_036.93;Barbie - Aventuriere (France);
SCES_015.20;Disney-Pixar A Bug's Life (France);
SCES_030.04;Disney Aladdin - La Revanche de Nasira (France);
SCES_038.72_P;Disney Lilo & Stitch - Ouragan sur Hawai (France);
SLES_133.49;Dracula 2 - Le Dernier Sanctuaire (France) (Disc 2);
SLES_127.58;Dracula - Resurrection (France) (Disc 2);
SLES_041.66;FIFA Football 2005 (France);
SLES_008.53;G-Police (France) (Disc 1);
SLES_108.53;G-Police (France) (Disc 2);
SLES_031.22;Knockout Kings 2001 (France);
SLES_031.29;NBA Live 2001 (France);
SLES_037.19;NBA Live 2002 (France);
SLES_034.94;Necronomicon - L'Aube des Tenebres (France) (Disc 1);
SLES_134.94;Necronomicon - L'Aube des Tenebres (France) (Disc 2);
SLES_031.84;Pour l'Or et la Gloire - La Route d'Eldorado (France);
SCES_022.86/P;Syphon Filter 2 (France) (Disc 1) (Rev 1);
SCES_122.86/P;Syphon Filter 2 (France) (Disc 2) (Rev 1);
"SCES_036.98
SCES_036.98_P";Syphon Filter 3 (France);
SLES_037.95;Pro Evolution Soccer (Europe) (En,Fr,De);
SLES_031.35;007 - Le Monde ne Suffit Pas (France);
SCES_030.14/P;Disney Kuzco - L'Empereur Megalo (France);
SCES_039.38;Disney La Planete au Tresor (France);
SLES_024.05;Disney-Pixar Toy Story 2 - Buzz l'Eclair a la Rescousse ! (France);
SCES_028.13;Chase the Express (France) (Disc 1);
SCES_128.13;Chase the Express (France) (Disc 2);
SCES_037.11;Disney Peter Pan - Aventures au Pays Imaginaire (France);
SLES_034.40;Duke Nukem - Land of the Babes (France);
SLES_039.78;FIFA Football 2003 (France);
SCES_030.73;Monde des Bleus 2, Le (France);
SLES_030.64;LNF Stars 2001 (France);
SCES_024.88;Barbie - Sports Extreme (France);
SLES_012.66;Coupe du Monde 98 (France);
SCES_030.33;Disney La Petite Sirene 2 (France);
SLES_039.69;NBA Live 2003 (France);
SLES_027.05;UEFA Euro 2000 (France);
SLES_041.16;FIFA Football 2004 (France);
SLES_031.74;Louvre - L'Ultime Malediction (France) (Disc 1);
SLES_131.74;Louvre - L'Ultime Malediction (France) (Disc 2);
SLES_017.46;UEFA Champions League - Stagione 1998-99 (Italy);
SLES_033.47;F1 World Grand Prix (Italy);
"SCES_037.49
SCES_037.49#";Disney Pooh e Tigro! E Qui la Festa (Italy);
SLES_023.95;Michelin Rally Masters - Race of Champions (Europe) (Fr,Es,It);
SLES_037.21;NBA Live 2002 (Italy);
SLES_023.19;FIFA 2000 (Italy);
"SCES_037.65
SCES_037.65#
SCES_037.65_P";Disney-Pixar Monsters & Co. - L'Isola dello Spavento (Italy);
SLES_012.84;Premier Manager 98 (Italy);
SLES_038.98;Moorhen 3 - Chicken Chase (Europe) (Es,It);
SLES_014.59;R-C Stunt Copter (Europe);
SLES_020.27;Legacy of Kain - Soul Reaver (Italy);
"SLES_028.05
SLES_028.05/P";Alone in the Dark - The New Nightmare (Italy) (Disc 1);
SLES_027.61;Dracula - La Risurrezione (Italy) (Disc 1);
SLES_127.61;Dracula - La Risurrezione (Italy) (Disc 2);
SLES_022.10;Dino Crisis (Italy);
SCES_019.13;Syphon Filter (Italy);
"SLES_128.05
SLES_128.05/P";Alone in the Dark - The New Nightmare (Italy) (Disc 2);
SLES_038.68;Marcel Desailly Pro Football (France);
"SLES_035.20
SLES_035.20#
SLES_035.20#2";Men in Black - The Series - Crashdown (France);
SLES_034.80;Qui Veut Gagner des Millions (France);
SLES_029.89;Silent Bomber (France);
SLES_028.87/P;Spider-Man (France);
SCES_038.20;Stuart Little 2 (France);
SLES_032.42;TechnoMage - En Quete de L'Eternite (France);
"SLES_017.42
SLES_017.42#";Warzone 2100 (France);
SLES_040.62;Trickshot (Europe);
SLES_008.12;Xenocracy - The Ultimate Solar War (France);
SLES_026.98;Resident Evil 3 - Nemesis (Ireland);
SLES_009.22;ReBoot (Europe);
SCES_030.16/P;Disney Le Follie dell'Imperatore (Italy);
SLES_032.14;Blade (France);
SLES_034.35;Digimon World (France);
SCES_019.17;G-Police - Weapons of Justice (France);
"SLES_022.02
SLES_022.02#";Jade Cocoon - Story of the Tamamayu (France);
SLES_024.62;Tenchu 2 - Birth of the Stealth Assassins (France);
SLES_023.98#;Grandia (France) (Disc 1);
SLES_123.98#;Grandia (France) (Disc 2);
SLES_028.98;Koudelka (France) (Disc 1);
SLES_128.98;Koudelka (France) (Disc 2);
SLES_228.98;Koudelka (France) (Disc 3);
SLES_328.98;Koudelka (France) (Disc 4);
SLES_006.60;Wing Commander IV - The Price of Freedom (France) (Disc 1);
SLES_106.60;Wing Commander IV - The Price of Freedom (France) (Disc 2);
SLES_206.60;Wing Commander IV - The Price of Freedom (France) (Disc 3);
SLES_306.60;Wing Commander IV - The Price of Freedom (France) (Disc 4);
PCPX_960.87;Granstream Denki - The Granstream Saga (Japan) (Demo);
SLES_036.38;Disney Dingo Une Journee de Dingue! (France);
SLES_028.91;Disney Dinosaure (France);
SCES_030.24;Walt Disney Le Livre de la Jungle - Groove Party (France);
SLES_033.12;Disney-Pixar Les Aventures de Buzz L'Eclair (France);
SCES_037.63_P;Disney-Pixar Monstres & Cie - L'ile de l'Epouvante (France);
SCES_010.74;Ghost in the Shell (France);
SLES_033.33;Tomb Raider - Sur les Traces de Lara Croft (France);
SCES_020.28;Ape Escape (France);
SLES_003.05;Blazing Dragons (France);
SLES_027.47;Die Hard Trilogy 2 - Viva Las Vegas (France);
SLES_039.48;Yu-Gi-Oh! Forbidden Memories (France);
SLES_006.56;Star Wars - Rebel Assault II - The Hidden Empire (France) (Disc 1);
SLES_106.56;Star Wars - Rebel Assault II - The Hidden Empire (France) (Disc 2);
SLES_021.13;SaGa Frontier 2 (France);
SLES_009.05;NASCAR 98 (Europe);
SLES_001.70;City of Lost Children, The (Europe) (En,Es,It);
SLES_007.47;All Star Soccer (Europe) (En,Fr,De,It);
SLES_040.17;Ballerburg (Europe);
SLES_002.92;Crypt Killer (Europe);
SLES_029.00;Koudelka (Italy) (Disc 1);
SLES_129.00;Koudelka (Italy) (Disc 2);
SLES_229.00;Koudelka (Italy) (Disc 3);
SLES_329.00;Koudelka (Italy) (Disc 4);
SCES_008.01;Broken Sword II - La Profezia dei Maya (Italy);
SCES_019.20;G-Police - Weapons of Justice (Italy);
SCES_020.06;Disney Libro Animato Creativo - Mulan (Italy);
"SCES_021.52
SCES_021.52/T1";A Sangue Freddo (Italy) (Disc 1);
"SCES_121.52
SCES_121.52/T2";A Sangue Freddo (Italy) (Disc 2);
SCES_023.68;Barbie - Race & Ride (Italy);
"SCES_030.06
SCES_030.06/P";Disney Aladdin - La Vendetta di Nasira (Italy);
SCES_030.75;This Is Football 2 (Italy);
"SCES_033.66
SCES_033.66_P
SCES_033.66_T";C-12 - Final Resistance (Europe) (Es,It);
SLES_019.40;40 Winks (Italy);
"SCES_035.39
SCES_035.39_P";Disney Atlantis - L'Impero Perduto (Italy);
SCES_037.13_P;Disney Peter Pan - L'Avventura nell'Isola che non c'e (Italy);
SLES_006.40;Star Wars - Dark Forces (Italy);
SLES_006.93;Excalibur 2555 A.D. (Italy);
SLES_008.14;Xenocracy - The Ultimate Solar War (Italy);
SLES_012.20;Batman & Robin (Italy);
SLES_014.07;Colony Wars - Vengeance (Italy);
SLES_022.41;Tomb Raider - The Last Revelation (Italy);
SLES_026.10;Star Wars - Episodio I - Jedi Power Battles (Italy);
SLES_026.30;Army Men - Sarge's Heroes (Italy);
SLES_027.07;UEFA Euro 2000 (Italy);
SLES_031.45;FIFA 2001 (Italy);
SLES_031.09;Aztec - The Curse in the Heart of the City of Gold (Europe) (Es,It);
SLES_031.60;Louvre - La Maledizione Finale (Italy) (Disc 1);
SLES_131.60;Louvre - La Maledizione Finale (Italy) (Disc 2);
SLES_032.29;Army Men - Air Attack 2 (Italy);
SLES_033.05;LEGO Isola 2 - La Rivincita del Briccone (Italy);
SLES_036.77;Kirikou (Europe) (Es,It,Pt);
SLES_039.17;Chi Vuol Essere Milionario Seconda Edizione (Italy);
SLES_039.70;NBA Live 2003 (Italy);
SLES_039.80;FIFA Football 2003 (Italy);
SLES_041.19;FIFA Football 2004 (Italy);
SCES_028.15;Chase the Express (Italy) (Disc 1);
SCES_128.15;Chase the Express (Italy) (Disc 2);
SLES_012.94;Versailles - Complotto alla Corte del Re Sole (Italy);
SLES_041.62;All Music Dance! (Italy);
SLES_016.66;Hugo (Europe);
SCES_007.42;RayStorm (Europe);
SLES_004.66;Arcade's Greatest Hits - The Atari Collection 1 (Europe);
SLES_025.14;NHL Blades of Steel 2000 (Europe);
SLES_027.58;Dracula - Resurrection (France) (Disc 1);
"SLES_032.56
SLES_032.56_P";Disney Winnie l'Ourson - La Chasse au Miel de Tigrou (France);
SCED_011.42;Essential PlayStation 11 (Europe);
"SLPS_016.99
SLPS_028.55";Daisenryaku - Master Combat (Japan);
SLPS_000.54;Yaoi Jun'ichi Gokuhi Project - UFO o Oe!! (Japan);
SLPS_018.40;Refrain Love 2 (Japan) (Disc 1);
SLPS_018.41;Refrain Love 2 (Japan) (Disc 2);
SLES_010.21;Sensible Soccer (Europe) (En,Fr,De,Es,It,Nl);
SLPS_015.83;Game Maker, The - Ureyuki 100-manbon Get da ze! (Japan);
SLPS_008.52;Spider - The Video Game (Japan);
SLPS_007.11;Queen's Road (Japan);
SLPS_014.02;Lupin 3sei (Japan);
"SLPS_029.62
SLPS_034.15";Black-Matrix + (Japan) (Disc 1);
"SLPS_029.63
SLPS_034.16";Black-Matrix + (Japan) (Disc 2);
SLPM_862.24;Tokimeki Memorial Drama Series Vol. 3 - Tabidachi no Uta (Japan) (Disc 1);
SLPM_862.25;Tokimeki Memorial Drama Series Vol. 3 - Tabidachi no Uta (Japan) (Disc 2);
SLPM_801.09;Dengeki PlayStation D2 (Japan);
SLPS_008.29;Riot Stars (Japan);
SLPM_866.51;Hunter x Hunter - Maboroshi no Greed Island (Japan);
"SLPS_003.50
SLPS_915.14";Samurai Spirits - Zankurou Musouken (Japan);
SLPM_805.13;Dengeki PlayStation D - Konami Fanbook (Japan);
SLPS_018.36;Dream Circus (Japan);
SLPS_031.61;Ongaku Tkool 3 (Japan);
SLPS_024.05;Art Camion - Geijutsuden (Japan);
SLPS_004.35;Megatudo 2096 (Japan);
SLPM_860.99;Magical Medical (Japan);
SLES_031.71;Juega con los Teletubbies (Spain);
SLES_031.70;Gioca con i Teletubbies (Italy);
SLES_004.85;Tomb Raider (France);
SLES_012.04#3;Colin McRae Rally (Italy) (Rev 2);
SLES_036.95;Barbie - Esploratrice (Italy);
SLES_016.04;Atlantis - Segreti d'un Mondo Perduto (Italy) (Disc 1);
SLES_116.04;Atlantis - Segreti d'un Mondo Perduto (Italy) (Disc 2);
SLES_216.04;Atlantis - Segreti d'un Mondo Perduto (Italy) (Disc 3);
SLES_033.51;Dracula 2 - L'Ultimo Santuario (Italy) (Disc 1);
SLES_133.51;Dracula 2 - L'Ultimo Santuario (Italy) (Disc 2);
SLPS_034.59;TV Animation X - Unmei no Sentaku (Japan);
SLES_001.25;Krazy Ivan (Italy);
SLPS_002.22;Bio Hazard (Japan) (Beta) (1996-01-31);
SLES_035.45;Nickelodeon Les Razmoket - 100% Angelica (France);
SLES_026.12;Guy Roux Manager 2000 (France);
"SLES_032.69
SLES_032.69#";Disney le Roi Lion - La Formidable Aventure de Simba (France);
SLES_032.74;Star Wars - Demolition (France);
SLES_028.58;Sydney 2000 (France);
SLES_017.95;Civilization II (France);
SCES_024.87;Barbie - Super Sports (Europe);
SLES_005.05;FIFA 97 (France) (En,Fr,De,Es,It,Sv);
SLES_014.09;O.D.T. (France);
SLES_006.11;Jonah Lomu Rugby (France);
SLES_019.15;Sports Car GT (France);
SLES_015.73;Invasion Vient de l'Espace, L' (France);
SLES_007.19;Tomb Raider II - Starring Lara Croft (France);
SLES_035.97;Taxi 2 (France) (En,Fr);
SLES_008.61;Colony Wars (France) (Disc 1);
SLES_108.61;Colony Wars (France) (Disc 2);
SLES_034.03;Guy Roux Manager 2001 (France);
SLPM_862.30;Segare Ijiri (Japan);
SLES_022.73;Blaster Master - Blasting Again (Europe) (En,Fr,De,Es,It);
SLES_001.24;Agile Warrior - F-111X (Europe);
SLES_029.42;Castrol Honda VTR (Europe) (En,Fr,De,It);
SLES_038.34;2002 FIFA World Cup (Spain);
SCED_018.50;Euro Demo 30 (France);
SCED_018.51;Euro Demo 31 (France);
SCED_018.52;Euro Demo 32 (France);
SCED_018.53;Euro Demo 33 (France);
SCED_018.56;Euro Demo 36 (France);
SLED_020.23;Total Activision Demo (France);
SLED_018.72;Total Play (France) (SLED-01872);
SCED_018.58;Euro Demo 38 (France);
SCED_018.59;Euro Demo 39 (France);
SCED_018.60;Euro Demo 40 (France);
"SLPS_017.37
SLPS_024.67";Susume! Kaizoku - Be Pirates! (Japan);
SLPS_002.95;Mach GoGoGo (Japan);
SLPS_011.06;Guntu - Western Front June, 1944 - Tetsu no Kioku (Japan);
SCED_018.61;Euro Demo 41 (France);
SCED_018.62;Euro Demo 42 (France);
SCED_026.47;Euro Demo 43 (France);
SCED_026.48;Euro Demo 44 (France);
SCED_026.49;Euro Demo 45 (France);
SCED_026.50;Euro Demo 46 (France);
SLES_036.82;David Beckham Soccer (Europe) (Fr,De,Es,It);
SLES_025.62;Parasite Eve II (Italy) (Disc 1);
SLES_125.62;Parasite Eve II (Italy) (Disc 2);
"SLPM_861.65
SLPM_862.89
SLPM_865.95";Angelique - Tenkuu no Requiem (Japan);
SLES_027.80;Reel Fishing II (Europe) (En,De);
SLES_001.51;Revolution X - Music Is the Weapon (Germany);
SLES_010.90;Skullmonkeys (Europe);
SLES_014.05;Colony Wars - Vengeance (France);
SCES_015.16;Disney Tarzan (France);
SLES_029.26;Tiny Toon Adventures - Toonenstein - Le Chateau hante (France);
SLES_011.66;World League Soccer '98 (France);
"SCES_014.94
SCES_014.94_T";MediEvil (Italy);
SLES_012.64;International Superstar Soccer Pro '98 (Italy);
SCES_015.68;X-Files, The (Italy) (Disc 1);
SCES_115.68;X-Files, The (Italy) (Disc 2);
SCES_215.68;X-Files, The (Italy) (Disc 3);
SCES_315.68;X-Files, The (Italy) (Disc 4);
"SCES_022.88/P
SCES_022.88/T1";Syphon Filter 2 (Italy) (Disc 1) (Rev 1);
"SCES_122.88/P
SCES_122.88/T2";Syphon Filter 2 (Italy) (Disc 2) (Rev 1);
SCES_025.67;Dragon Valor (Italy) (Disc 1);
SCES_125.67;Dragon Valor (Italy) (Disc 2);
SLES_006.47;BallBlazer Champions (Spain);
SLES_017.98;Civilization II (Spain);
SLES_008.64;Colony Wars (Spain) (Disc 1);
SLES_108.64;Colony Wars (Spain) (Disc 2);
SLES_027.02;Primera Division Stars (Spain);
SCES_022.79;Pac-Man World - 20th Anniversary (Italy);
SLES_033.04;LEGO Insel 2 - Der Steinbrecher kehrt zurueck (Germany);
SLES_007.39;Arcade's Greatest Hits - The Midway Collection 2 (Europe);
SLES_003.50;Blam! Machinehead (France);
SLES_035.77;Pyjama Sam - Heros du Gouter (France);
SLES_022.21;Suzuki Alstare Challenge (France);
SCES_024.30;Space Debris (France);
SLES_013.19;Breath of Fire III (France);
SLES_032.22;Dino Crisis 2 (France);
SLES_002.52;Firo & Klawd (France);
SLES_009.20;Nuclear Strike (France);
SLES_018.06;Hugo 2 (France);
SCES_030.90;Muppet Monster Adventure (France);
SLES_019.83;Jeff Wayne's La Guerre des Mondes (France);
SCES_007.99;Boucliers de Quetzalcoatl, Les - Les Chevaliers de Baphomet II (France);
SLES_013.60;Guy Roux Football Manager Saison 97-98 (France);
SLES_029.82;Petit Dinosaure, Le - Retour vers la Grande Vallee (France);
SLES_036.28;Sabrina l'Apprentie Sorciere et l'Horloge Cosmique (France);
SLES_014.52;NASCAR 99 (France);
SLES_021.71;Wu-Tang - Shaolin Style (France);
SCES_024.83;Muppet RaceMania (France);
SLES_008.34;Apocalypse (France);
SLES_014.68;Asteroids (France);
SLES_036.58;100% Star (France);
SLES_003.74;MechWarrior 2 - Combat au 31ieme Siecle (France);
SLES_007.57;Ninja - L'Ombre des Tenebres (France);
SLES_001.61;D (France) (Disc 1);
SLES_101.61;D (France) (Disc 2);
SLES_201.61;D (France) (Disc 3);
SLES_033.19;Pierrafeu, Les - Bedrock Bowling (France);
SCES_035.37;Disney Atlantide - L'Empire Perdu (France);
SCES_010.77;Cardinal Syn (France);
SLES_005.73;Cite des Enfants Perdus, La (France);
SLES_036.57;Popstar Maker (Europe);
SLES_008.73;Broken Helix (Europe);
SLES_006.30;Machine Hunter (Europe);
SLES_026.15;Barca Manager 2000 (Spain) (Es,Ca);
SLES_037.18;NBA Live 2002 (Europe);
SLES_033.10;Disney-Pixar Buzz Lightyear of Star Command (Europe);
SLES_006.53;Herc's Adventures (Europe);
SLES_033.73;Egypt II - The Heliopolis Prophecy (Europe);
SLES_002.47;Blazing Dragons (Europe);
SCES_019.44;Legend of Legaia (France);
SCES_023.66;Barbie - Aventure Equestre (France);
SLES_023.52;South Park Rally (Europe, Australia);
SCES_017.71;Destrega (Italy);
SLES_036.71;FIFA Football 2002 (Italy);
SLES_002.27;Resident Evil (France) (EDC);
SLES_039.57;Pro Evolution Soccer 2 (Europe) (Es,It);
SLES_041.67;FIFA Football 2005 (Italy);
SCES_021.76;Sfida al Tetris Magico (Italy);
SCES_038.48;Stuart Little 2 (Italy);
SLES_022.81;Shadow Man (Italy);
SLES_006.41;BallBlazer Champions (Italy);
SCES_020.74;Tiny Tank (Italy);
SLES_024.24;ISS Pro Evolution (Europe) (Es,It);
SLES_014.74;T'ai Fu - Wrath of the Tiger (Italy);
SLES_010.63;Kick Off World Manager (Italy);
SLES_033.14;Disney-Pixar Buzz Lightyear da Comando Stellare (Italy);
SCES_024.32;Space Debris (Italy);
SCES_030.92;Muppet Monster Adventure (Italy);
SLES_014.24;Global Domination (Italy);
SLES_037.52;Quiz Show (Italy) (Disc 1) (CD Gioco);
SLES_137.52;Quiz Show (Italy) (Disc 2) (CD Help e Backstage);
SLES_029.78;Football Manager Campionato 2001 (Italy);
SLES_022.96;Cina - Crimini nella Citta Proibita (Italy);
SLES_031.86;Oro e Gloria - La Strada per El Dorado (Italy);
SLES_016.46;Actua Soccer 3 (Italy);
SLES_036.84;Dragon Ball - Final Bout (Italy);
SLES_005.39;Robotron X (Europe);
SLES_016.05;Atlantis - The Lost Tales (Europe) (En,Es,Nl,Sv) (Disc 1);
SLES_116.05;Atlantis - The Lost Tales (Europe) (En,Es,Nl,Sv) (Disc 2);
SLES_216.05;Atlantis - The Lost Tales (Europe) (En,Es,Nl,Sv) (Disc 3);
SLPS_024.36;J.League Soccer - Jikkyou Survival League (Japan);
SLPM_869.62;Pachi-Slot Kanzen Kouryaku - Takasago Super Project 2 (Japan);
SLPS_001.66;Chibi Maruko-chan - Maruko Enikki World (Japan);
SLPS_028.00;Pocket DigimonWorld (Japan);
SLPS_020.29;Taiyo no Otsuge (Japan);
SLPS_019.30;Fishing Freaks - BassRise (Japan) (Doukon Pack);
"SLPS_032.77
SLPS_914.95";Fever 5 - Sankyo Koushiki Pachinko Simulation (Japan);
SLPM_860.68;Mitsumete Knight (Japan);
SLPS_007.55;Zero4 Champ DooZy-J (Japan);
"SLPS_029.94
SLPS_914.75";Fever 3 - Sankyo Koushiki Pachinko Simulation (Japan);
SLPS_003.28;Ide Yousuke Meijin no Shin Jissen Mahjong (Japan);
SLPM_800.59;ToPoLo (Japan) (Demo);
SLPM_861.73;Mahjong Yarou ze! (Japan);
"SLPS_014.40
SLPS_022.25";Trump Shiyou yo! (Japan);
"SLPS_014.13
SLPS_026.98";K.O. - The Live Boxing (Japan);
SCES_014.31;Disney's Tarzan (Europe);
SCES_022.90;Space Debris (Europe);
SLES_012.93;Versailles - A Game of Intrigue (Europe);
SLES_003.29;NanoTek Warrior (Europe);
SLES_041.28;Truck Rally (Europe);
SLES_007.17;World League Soccer '98 (Europe) (En,Es,It);
SLES_034.12;Tweenies - Game Time (Europe);
SLES_025.77;UEFA Champions League - Season 1999-2000 (Europe);
SLES_028.00;Rayman Junior - Level 3 (Europe) (En,Fr,Es,It);
SLES_031.08;Paris-Marseille Racing (France);
SLPS_001.29;Break Thru! (Japan);
SLPS_006.51;Kuru Kuru Panic (Japan);
SLPM_872.14;Whistle - Fuki Nukeru Kaze (Japan);
SLPM_870.14;Martialbeat (Japan);
SLPS_011.66;Waku Waku Bowling (Japan);
SLPS_027.02;Value 1500 - The Rong Rong (Japan);
SLPS_027.03;Value 1500 - The Shanghai (Japan);
SLPM_866.53;Puzzle Mania (Japan) (Major Wave);
SLPM_866.74;Puzzle Mania 2 (Japan) (Major Wave);
SLPM_870.82;Arcade Hits - Moon Cresta (Japan);
SLPS_035.13;Kids Station - Oshaberi Oekaki - Soreike! Anpanman (Japan);
SLPM_869.31;Kids Station - Mickey to Nakamatachi - Kazu Asobi Iro Iro (Japan);
SLPS_027.94;Colorful Logic (Japan);
"SLPS_015.23
SLPS_030.43";Family Bowling (Japan);
SLPS_003.34;Tsuukai!! Slot Shooting (Japan);
SLPM_866.34;Kuru Kuru Cube (Japan);
SLPM_871.61;SuperLite 1500 Series - KeePer (Japan);
SLPS_004.59;Big Challenge Golf - Tokyo Yomiuri Country Club-hen (Japan);
SLPS_022.18;Pocket Tuner (Japan);
"SCPS_100.24
SCPS_100.25";Victory Zone 2 (Japan);
SLPS_030.60;Kids Station - Hello Kitty no Oshaberi Town (Japan) (Controller Set);
SLPS_021.02;Simulation Pro Yakyuu '99 (Japan);
SLPS_002.66;Shanghai - Great Moments (Japan);
SLPS_027.04;Value 1500 - The Shikinjou (Japan);
SLPS_033.20;Kids Station - Crayon Shin-chan - Ora to Omoide Tsukuru zo! (Japan);
SLPS_031.34;Oh-chan no Oekaki Logic 3 (Japan);
SLPS_035.15;Kids Station - Oshaberi Oekaki - Kikansha Thomas to Nakamatachi (Japan);
SLPS_031.15;Colorful Logic 2 (Japan);
SLPS_011.64;Metal Fist (Japan);
SLPS_018.71;Chou Sentou Kyuugi Vanborg (Japan);
SLPS_008.92;Virtual Bowling - Ten Pin Alley no Kiseki (Japan);
SLPM_860.80;Junclassic C.C. & Rope Club (Japan);
SLPS_025.76;Our Graduation - Mahjong de Pon! Hanafuda de Koi! (Japan) (Disc 1) (Mahjong de Pon!);
SLPS_025.77;Our Graduation - Mahjong de Pon! Hanafuda de Koi! (Japan) (Disc 2) (Hanafuda de Koi!);
SLPS_028.76;Kids Station - Magical Music - Eigo de One, Two, Three! (Japan) (En,Ja);
SLPM_869.33;Kids Station - Kuma no Pooh-san - Mori no Nakama to 1, 2, 3 (Japan);
SLPS_030.57;Kids Station - Asobou! Hanasou! Guru Guru Town Hanamaru-kun (Japan) (Controller Set);
SLPS_033.16;Kids Station - Ultraman Cosmos - Yuusha no Chikai (Japan);
SLPS_033.37;Kids Station - Unten Daisuki - Doki Doki - Norimono Daibouken (Japan);
SLPS_030.02;Bomberman Land (Japan);
SLPS_013.57;Guilty Gear (Japan);
SLUS_007.06;Tenchu - Stealth Assassins (USA) (Rev 1);
SLES_002.14;Ran Soccer (Germany);
SLPS_005.85;Die Hard Trilogy (Japan);
SLPS_009.00;Armored Core (Japan);
SLPS_009.76;Command & Conquer Complete (Japan) (Disc 1) (GDI);
SLPS_009.77;Command & Conquer Complete (Japan) (Disc 2) (NOD);
SLPM_800.32;Over Drivin' DX - Rally Edition (Japan);
SLPS_015.99;Slayers Wonderful (Japan);
"SLES_039.33
SLES_039.33_GER";All Star Racing 2 (Europe);
SLES_034.02;DSF Fussball Manager 2001 (Germany);
SLPS_018.87;Weltorv Estleia (Japan);
SLPM_864.59;SuperLite 1500 Series - Sanvein (Japan);
SLES_034.98;Necronomicon - O Despertar das Trevas (Portugal) (Disc 1);
SLES_134.98;Necronomicon - O Despertar das Trevas (Portugal) (Disc 2);
SLPS_006.36;Alice in Cyberland (Japan);
SLPM_866.93;Dance Dance Revolution - Best Hits (Japan);
SLPM_861.20;Itadaki Street - Gorgeous King (Japan);
SLPS_012.78;Tensen Nyannyan Gekijouban (Japan);
SLPS_023.61;Touge Max G (Japan);
SLPS_032.09;Yakiniku Action Game - Yakiniku Bugyou (Japan);
SLPS_032.55;Zoids - Battle Card Game - Seihou Tairiku Senki (Japan);
SLPS_000.55;Cyberwar (Japan) (Disc 1);
SLPS_000.56;Cyberwar (Japan) (Disc 2);
SLPS_000.57;Cyberwar (Japan) (Disc 3);
SCES_030.46;Legend of Dragoon, The (Italy) (Disc 1);
SCES_130.46;Legend of Dragoon, The (Italy) (Disc 2);
SCES_230.46;Legend of Dragoon, The (Italy) (Disc 3);
SCES_330.46;Legend of Dragoon, The (Italy) (Disc 4);
SLES_004.78;Excalibur 2555 A.D. (Europe) (En,Fr,De,Es);
SLES_039.51;Yu-Gi-Oh! Forbidden Memories (Spain);
SLPS_032.38;Summon Night 2 (Japan) (Disc 2);
SCPS_100.98;Wipeout 3 (Japan);
SLUS_008.42;Driver - You Are the Wheelman (USA);
SLPS_912.02;Tekken 3 (Japan) (Rev 1);
SLPM_867.03;Zill O'll (Japan) (Rev 1);
SLPM_865.39;Bishi Bashi Special 3 - Step Champ (Japan);
"SCPS_100.12
SCPS_910.16";Hermie Hopperhead - Scrap Panic (Japan);
SLES_000.88;World Cup Golf - Professional Edition (Europe);
"SLES_035.19
SLES_035.19#";Men in Black - The Series - Crashdown (Europe);
SLES_041.56;Flying Squadron (Europe);
SLES_040.53;Checkmate II (Europe);
SLES_040.03;Blockids (Europe);
SLES_026.26;Army Men - Sarge's Heroes (Europe);
SLES_212.91;Atlantis - The Lost Tales (Europe) (Disc 3);
SLES_112.91;Atlantis - The Lost Tales (Europe) (Disc 2);
SLPS_022.04;L no Kisetsu - A Piece of Memories (Japan);
SLES_012.91;Atlantis - The Lost Tales (Europe) (Disc 1);
SLED_015.29;Victory Boxing 2 (Europe) (Demo);
SCES_015.56#;X Games Pro Boarder (Europe) (En,Fr,De,Es,It,Sv,No) (Rev 1);
SLPM_873.17;Front Mission 1st (Japan);
SLPM_860.21;Henry Explorers (Japan);
SLPS_023.55;Hissatsu Pachi-Slot Station 2 - Bakuto! Joushiki Yaburi no 2 Types (Japan);
SLPS_029.48;Hissatsu Pachi-Slot Station Special 2 - The Tetra (Japan);
SLPS_012.60;Project V6 (Japan);
SLPS_024.13;Pachi-Slot Teiou 3 - Sea Master X, Epsilon R, Wai Wai Pulsar 2 (Japan);
SLPM_860.34;Poitter's Point (Japan);
SLPS_006.80;Meta-Ph-List Mu.X.2297 (Japan) (Disc 1);
SLPS_006.81;Meta-Ph-List Mu.X.2297 (Japan) (Disc 2);
"SLPS_012.13
SLPS_022.80";Wangan Trial (Japan) (Disc 1);
"SLPS_012.14
SLPS_022.81";Wangan Trial (Japan) (Disc 2);
SLPS_013.69;PlayStadium 3 (Japan);
SLPS_013.31;Soukou Kihei Votoms - Woodo Kummen (Japan);
SLPS_008.60;Indy 500 (Japan);
SLES_012.13;Vigilante 8 (France);
SLES_027.65;All Star Tennis 2000 (France);
SLPS_008.07;PlayStadium 2 (Japan);
SLPS_007.49;Fishing Koushien II (Japan);
"SCPS_451.57
SLPS_011.70";Snow Break (Japan, Asia);
SLPS_014.95;Ojousama Express (Japan) (Disc 1);
SLPS_014.96;Ojousama Express (Japan) (Disc 2);
SLPS_008.94;Angel Blade - Neo Tokyo Guardians (Japan);
SLPS_012.26;Prism Court (Japan);
SLPS_008.67;Metal Angel 3 (Japan) (Disc 1);
SLPS_008.68;Metal Angel 3 (Japan) (Disc 2);
SLPS_007.96;BallBlazer Champions (Japan);
SLPS_010.74;Baldy Land (Japan);
SLPS_010.21;Daikoukai Jidai Gaiden (Japan);
SLPS_009.19;Carnage Heart EZ (Easy Zapping) (Japan);
SLPS_011.58;Ishin no Arashi (Japan);
SLPS_012.16;Teitoku no Ketsudan III with Power-Up Kit (Japan);
SLPS_012.66;Final Round (Japan);
SLPS_007.32;Las Vegas Dream 2 (Japan);
SLPS_004.28;Are!Mo KoreMo Momotarou (Japan);
SLPS_002.39;PlayStadium (Japan);
SLPS_005.52;Panzer General (Japan);
SLPS_003.29;Extreme Power (Japan);
SLPS_004.89;Death Wing (Japan);
SCUS_944.09;Codename - Tenka (USA);
SCUS_943.53;Formula 1 (USA);
SLUS_005.10;Vigilante 8 (USA);
"SLPM_867.88
SLPS_002.69";Air Management '96 (Japan);
SLPS_006.48;Econo Kids - Ta ga Tame ni Kane wa Naru (Japan);
SLPS_003.37;Nobunaga Shippuuki - Kirameki (Japan);
SLPS_002.12;Descent (Japan);
SLPS_005.95;NHL Powerplay '96 (Japan);
SLPS_005.94;Sampras Extreme Tennis (Japan);
"SLPS_007.29
SLPS_025.65";Koushien V (Japan);
SLPS_006.99;NBA Jam Extreme (Japan);
SLPS_003.01;J.League Virtual Stadium '96 (Japan);
SLPS_002.67;Deadheat Road (Japan);
"SLPS_003.24
SLPS_017.48
SLPS_914.19";Potestas (Japan);
SLPS_003.02;Unstack (Japan);
SLPS_002.88;Pachi Pachi Saga (Japan);
SLPS_014.26;MasMon Kids - The Another World of the Master of Monsters (Japan);
SLPS_001.37;Suiko Enbu (Japan);
SLPS_001.77;Thoroughbred-tachi no Eikan - The Victorious Thoroughbreds (Japan);
SLPS_003.99;Quantum Gate I - Akumu no Joshou (Japan);
SLPS_004.73;Jigsaw Island - Japan Graffiti (Japan);
SLPS_004.09;Joshikousei no Houkago... Pukunpa (Japan);
SLPS_001.81;Eko Eko Azarak - Wizard of Darkness (Japan);
SLES_016.26;Swing (Germany);
SCES_021.77;Tetris Un Magico Desafio, El (Spain);
SCES_022.22#;Formula One 99 (Europe) (En,Es,Fi);
SLES_041.18;FIFA Football 2004 (Spain);
SLES_031.32;NBA Live 2001 (Spain);
SLES_039.71;NBA Live 2003 (Spain);
SLES_036.96;Barbie - Explorer (Spain);
SLES_032.59;Disney Tigger tras un Bote de Miel (Spain);
SCES_027.79;Formula One 2000 (Europe) (Es,It);
SCES_037.67;Disney-Pixar Monstruos, S.A. - Isla de los Sustos (Spain);
SLES_012.48;Tank Racer (Europe) (En,Fr,De,Es,It);
SCES_021.47;Tombi! 2 (Europe);
SLES_023.47;Amerzone - The Explorer's Legacy (Europe) (Disc 1);
SLES_123.47;Amerzone - The Explorer's Legacy (Europe) (Disc 2);
SCES_024.03;Muppet Monster Adventure (Europe);
SLES_034.93;Necronomicon - The Dawning of Darkness (Europe) (Disc 1);
SLES_134.93;Necronomicon - The Dawning of Darkness (Europe) (Disc 2);
SCES_006.67;Power Source (Europe);
SCES_009.34;Pac-Man World - 20th Anniversary (Europe);
SLES_039.99;M&M's - Shell Shocked (Europe);
SLES_006.13;Lifeforce Tenka (Europe);
SLES_000.33;Hard Boiled (Europe);
SCES_020.08;Muppet RaceMania (Europe);
SLES_035.44;Nickelodeon Rugrats - Totally Angelica (Europe);
SCES_017.68;Destrega (Europe);
SLES_000.39;Raven Project, The (Europe) (En,Fr,De) (Disc 1);
SLES_100.39;Raven Project, The (Europe) (En,Fr,De) (Disc 2);
SLES_000.79;Onside Complete Soccer (Europe) (En,Fr,De,Es);
SCES_037.55;Jim Henson's The Hoobs (Europe);
SCES_019.97;Tiny Toon Adventures - Buster and the Beanstalk (Europe) (En,Es,Pt);
SCES_020.14/DUT;Disney-Pixar A Bug's Life - Disney's Activity Centre (Europe);
SLES_000.94;Firo & Klawd (Europe);
SLES_025.10;Sesame Street - Elmo's Letter Adventure (Europe);
SLPS_011.67;Tour Party - Sotsugyou Ryokou ni Ikou (Japan);
"SLPS_014.60
SLPS_022.09";Yuuwaku Office Ren'aika (Japan);
SLPS_030.53;Uranai 5, The - Shinpi no Rune Uranai (Japan);
SLPS_030.97;Love Para - Lovely Tokyo Para-Para Musume (Japan);
SIPS_600.01;Destruction Derby (Japan);
SLES_040.49;King of Bowling 3 (Europe);
SCES_021.54;Magical Tetris Challenge (Europe);
SLES_000.65;D (Europe) (Disc 1);
SLES_200.65;D (Europe) (Disc 3);
SLES_023.25;Player Manager 2000 (Europe);
SLES_031.21;Knockout Kings 2001 (Europe);
SLES_041.54;Superbike Masters (Europe);
SLES_040.05;Turnabout (Europe);
SLES_038.06;Westlife - Fan-O-Mania (Europe);
SLES_016.64;Centipede (Europe) (En,Es,Sv);
SLES_014.18;Asteroids (Europe);
SLES_021.32;Player Manager Ninety Nine (UK);
SLES_005.78;Area 51 (Europe) (En,Fr,De,Es);
SLES_038.81;International Cricket Captain 2002 (Europe);
SLES_016.00;Egypt 1156 B.C. - Tomb of the Pharaoh (Europe) (En,Es,Nl,Sv);
SLED_016.96;Station 3 (Europe);
"SCPS_450.76
SIPS_600.12";Destruction Derby 2 (Japan, Asia);
SLPS_006.68;Haunted Junction - Seitokai Badge o Oe! (Japan);
SLPS_022.52;Mouja (Japan) (Honkakuha de 1300);
SLES_018.75;AFL 99 (Australia);
SLES_008.45;Blaze & Blade - Eternal Quest (Europe);
SLES_035.88;Millionen Show, Die (Austria);
SLES_000.70;Psychic Detective (Europe) (Disc 1);
SLPM_865.89;Acid (Japan) (Major Wave);
SLPM_871.18;Arcade Hits - Frisky Tom (Japan);
SLPM_864.91;Lattice - 200EC7 (Japan);
SLPM_868.10;Marionette Company (Japan);
SLPM_870.67;Arcade Hits - Crazy Climber (Japan);
SLPM_867.57;Little Lovers - She So Game (Japan) (Disc 1);
SLPM_867.58;Little Lovers - She So Game (Japan) (Disc 2);
SLUS_012.66;Fear Effect 2 - Retro Helix (USA) (Disc 1) (Rev 1);
SLUS_012.75;Fear Effect 2 - Retro Helix (USA) (Disc 2) (Rev 1);
SLUS_012.76;Fear Effect 2 - Retro Helix (USA) (Disc 3) (Rev 1);
SLUS_012.77;Fear Effect 2 - Retro Helix (USA) (Disc 4) (Rev 1);
SLPS_008.35;NanoTek Warrior (Japan);
SLUS_002.15;Namco Museum Vol. 1 (USA) (Rev 1);
SLPS_033.40;Helix - Fear Effect (Japan) (Disc 1);
SLPS_033.41;Helix - Fear Effect (Japan) (Disc 2);
SLPS_033.42;Helix - Fear Effect (Japan) (Disc 3);
SLPS_033.43;Helix - Fear Effect (Japan) (Disc 4);
SLPS_009.64;Mario Mushano's Hyper Shogi School (Japan);
SLES_024.75;Asterix & Obelix Take on Caesar (Europe);
SLPS_002.79;C1 - Circuit (Japan);
"SLPS_008.28
SLPS_910.69
SLPS_914.27";Shutokou Battle R (Japan);
SLPM_864.25;SuperLite 1500 Series - Suudoku 2 (Japan);
SLPM_866.76;SuperLite 1500 Series - Suudoku 4 (Japan);
SLPS_001.78;Match Golf, The (Japan);
SLPS_009.59;Pastel Muses (Japan);
SLPS_011.57;Waku Waku Derby (Japan);
SLPS_022.53;Tsumu Light (Japan);
SLPS_012.25;Universal Nuts (Japan);
SLPS_014.38;Arcana Senki Ludo (Japan);
SLPS_024.29;Bakuryuu (Japan);
SLPM_869.18;Jigsaw Island - Japan Graffiti (Japan) (Major Wave);
SLPS_030.72;Kimi no Kimochi, Boku no Kokoro - I've Possessed Your Body! (Japan);
SLPS_021.89;Quiz Chara-Oke Don! Toei Tokusatsu Hero Part 1 (Japan);
SLPM_861.91;Seishoujo Kantai Virgin Fleet (Japan);
SLPS_025.54;Dynamite Soccer 2000 (Japan);
SLPS_026.24;Chess 2000 (Japan);
SLPS_033.59;Kids Station - Ponkickies 21 - Game no Omocha-bako (Japan);
SLPS_034.63;Kids Station - Mini-Moni. ni Naru no da Pyon! (Japan);
SLPS_033.21;Motto Trump Shiyou yo! i-Mode de Grand Prix (Japan);
SLUS_005.85;Klonoa - Door to Phantomile (USA);
SLPS_005.23;Olympic Soccer (Japan);
SLPS_026.69;Infinity (Japan) (Rev 1);
SLPM_863.68;Ten made Jack - Odoroki Mamenoki Daitoubou!! (Japan);
SLPM_864.69;Doukyuusei Mahjong (Japan) (Best Wing 2800);
SCED_009.36;Registered User Demo 02 (Europe);
SLPM_865.19;Battle Master (Japan) (Major Wave);
SLPS_003.47;Pandora Project - The Logic Master (Japan);
SLPM_870.72;Simple 1500 Jitsuyou Series Vol. 18 - Kanji Quiz - Kanji Kentei ni Challenge (Japan);
SCED_024.20;Best Horror Games Ever Demo (Europe, Australia);
SLPM_801.86;Dengeki PlayStation D5 (Japan);
SLPM_863.07;Forsaken (Japan);
SLPS_035.05;Samurai Deeper Kyo (Japan) (Shokai Seisan Gentei Shiyou);
SLPS_026.81;Kizuna toyuu Na no Pendant with Toybox Stories (Japan) (Disc 1);
SLPS_026.82;Kizuna toyuu Na no Pendant with Toybox Stories (Japan) (Disc 2);
SLUS_004.45;NBA in the Zone '98 (USA) (Rev 1);
SLPM_806.07;Dengeki PlayStation D41 (Japan);
SLPM_805.16;Dengeki PlayStation D27 (Japan);
SCUS_944.64;Tomba! 2 - The Evil Swine Return (USA) (Demo);
"SLPM_860.51
SLPS_019.17";Magical Drop III - Yokubari Tokudaigou! (Japan);
SLPS_021.23;Chou Nazo-ou (Japan);
"SLPS_020.78
SLPS_020.86";Katou Hifumi Kudan - Shougi Club (Japan) (Honkakuha de 1300);
SLPS_023.06;Fun! Fun! Pingu - Youkoso! Nankyoku e (Japan) (Shokai Suuryou Genteiban);
SLUS_900.34;Future Cop - L.A.P.D. (USA) (Demo);
SCUS_944.79;MLB 2001 (USA) (Demo);
SLUS_900.80;Ms. Pac-Man Maze Madness (USA) (Demo);
SCUS_942.71;NFL Xtreme (USA) (Demo);
SLUS_900.01;Rayman (USA) (Playable Game Preview);
SLUS_900.61;You Don't Know Jack (USA) (Demo);
SLPS_034.60;Pooh-san no Minna de Mori no Daikyousou! (Japan);
SLUS_010.18;Ms. Pac-Man Maze Madness (USA);
SCPS_180.06;3D-Kaleidoscope - Baby Universe (Japan);
SLPS_023.33;Pro Yakyuu Simulation Dugout '99 (Japan);
SLPS_002.45;PGA Tour 96 (Japan);
SLPS_002.98;Actua Golf (Japan);
"SLPS_006.42
SLPS_016.17";Souryuu (Japan);
SLPS_013.86;Olympia, Takasago - Virtua Pachi-Slot III (Japan);
SLPS_024.01;Shuukan Gallop - Blood Master (Japan) (Disc 1);
SLPS_024.02;Shuukan Gallop - Blood Master (Japan) (Disc 2);
SLUS_013.95;Mega Man X6 (USA) (Rev 1);
SLPM_802.14;Dengeki PlayStation D6 (Japan);
SLPM_800.29;King's Field III - Pilot Style (Japan);
SLPM_860.32;Power Stakes (Japan);
"SLPM_865.68
SLPS_020.16";Cinema Eikaiwa Series Dai-4-dan - Boy's Life (Japan) (Disc 1);
"SLPM_865.69
SLPS_020.17";Cinema Eikaiwa Series Dai-4-dan - Boy's Life (Japan) (Disc 2);
"SLPM_865.70
SLPS_020.18";Cinema Eikaiwa Series Dai-4-dan - Boy's Life (Japan) (Disc 3);
"SLPM_865.71
SLPS_020.19";Cinema Eikaiwa Series Dai-4-dan - Boy's Life (Japan) (Disc 4);
SLPM_800.71;Dengeki PlayStation D (Japan);
SLPM_863.06;Jeremy McGrath Supercross 98 (Japan);
"SLPM_865.65
SLPS_018.13";Cinema Eikaiwa Series Dai-1-dan - Tengoku ni Ikenai Papa (Japan) (Disc 1) (Joukan);
"SLPM_865.66
SLPS_018.14";Cinema Eikaiwa Series Dai-1-dan - Tengoku ni Ikenai Papa (Japan) (Disc 2) (Chuukan);
"SLPM_865.67
SLPS_018.15";Cinema Eikaiwa Series Dai-1-dan - Tengoku ni Ikenai Papa (Japan) (Disc 3) (Gekan);
"SLPM_873.52
SLPM_873.78";Dragon Quest VII - Eden no Senshitachi (Japan) (Disc 1) (Rev 1);
"SLPM_873.53
SLPM_873.79";Dragon Quest VII - Eden no Senshitachi (Japan) (Disc 2) (Rev 1);
SLES_016.75#;Tiger Woods 99 USA Tour Golf (Australia);
"SLPS_021.45
SLPS_031.17";Oh-chan no Oekaki Logic 2 (Japan) (Rev 1);
SLPM_869.54;SuperLite 3in1 Series - Crossword-shuu (Japan);
SLPS_026.96;Play de Oboeru Series - Sekaishi Keyword Deruderu 1800 (Japan);
SLPS_031.85;Kids Station - Hitori de Dekiru mon! (Japan);
PAPX_900.63;I.Q Final (Japan) (Demo 2);
PCPX_961.21;KulaQuest (Japan) (Demo);
"SLPM_803.74
SLPM_804.04";Fishing Freaks - BassRise (Japan) (Demo);
ESPM_700.02;Robots - Video Alchemy (Japan);
"SLPS_007.13
SLPS_025.15";Cross Romance - Koi to Mahjong to Hanafuda to (Japan);
SLPM_871.08;Mermaid no Kisetsu - Curtain Call (Japan) (Disc 1);
SLPM_871.09;Mermaid no Kisetsu - Curtain Call (Japan) (Disc 2);
PAPX_900.49;Jingle Cats - Love-Para Daisakusen no Maki (Japan) (Demo);
SLES_026.27;Army Men - Sarge's Heroes (France);
SLES_001.49;Defcon 5 (France);
SLES_014.72;T'ai Fu - Wrath of the Tiger (France);
"SLES_008.38
SLES_008.38#";Oddworld - L'Odyssee d'Abe (France);
SCES_012.87;Zero Divide 2 - The Secret Wish (France);
SLES_027.66#;Cochons de Guerre, Les (France);
SCES_021.74;Defi au Tetris Magique (France);
SLES_009.60;Elf Masters presente Formula Karts - Special Edition (France);
SCPS_100.55;Fire Panic - Mack no Rescue Daisakusen (Japan);
SCPS_100.81;MediEvil - Yomigaetta Gallowmere no Yuusha (Japan);
SLPM_863.35;Jissen Pachi-Slot Hisshouhou! Single - Kamen Rider V3 (Japan);
SLPS_003.56;SeaBass Fishing (Japan);
"SLPM_860.74
SLPS_002.55";Susume! Taisen Puzzle-dama (Japan);
SLES_002.30;Jeff Wayne's The War of the Worlds (Europe);
"SLPM_873.16
SLPS_030.56";Oshigoto-shiki Jinsei Game - Mezase Shokugyou King (Japan);
SLPS_911.69;Kaze no Klonoa - Door to Phantomile (Japan) (Rev 1);
"SCPS_454.02
SLPM_861.77";Shin Jidaigeki Action - Rasetsu no Ken (Japan, Asia);
SLPS_014.65;Epica Stella (Japan);
SLPS_015.17;Power League (Japan);
SLPM_864.89;SuperLite 1500 Series - Castrol Honda Super Bike Racing (Japan);
PCPX_960.15;DemoDemo PlayStation Special (Japan);
SLPS_028.33;Lagnacure (Japan) (Artdink Best Choice);
SLPS_013.12;Midori no Makibao - Kuroi Inazuma Shiroi Kiseki (Japan);
SLPS_027.27;Jitsumei Jikkyou Keiba - Dream Classic (Japan);
SLPM_869.14;Simple 1500 Series Vol. 76 - The Dodgeball (Japan);
SLPM_866.50;Baseball Simulation - ID Pro Yakyuu (Japan);
SLPM_871.17;AI Mahjong Selection (Japan);
SLPS_016.32;Simple 1500 Series Vol. 2 - The Shougi (Japan) (Culture Publishers);
"SLPM_863.08
SLPS_013.05";Suikoden - Tendou Hyaku Hachi-sei (Japan);
"SLUS_008.59
SLUS_008.59GH";Dukes of Hazzard, The - Racing for Home (USA) (Rev 1);
SLES_025.95/ANZ;Tiger Woods USA Tour 2000 (Australia);
SLES_017.94;Civilization II (Europe);
SLPM_868.80;Nukumori no Naka de - In the Warmth (Japan);
SLPM_865.92;Pop'n Music - Animation Melody (Japan);
SLPM_871.10;Pinobee no Daibouken (Japan);
PAPX_900.13;Princess Maker - Yumemiru Yousei (Japan) (Demo);
SLES_017.61#;Action Man - Mission Xtreme (Europe) (En,Fr,De,Es,It,Nl,Sv,No,Da,Fi) (EDC);
SLPM_869.17;Nippon Ichi Mahjong - Souryuu (Japan) (Major Wave);
"SLPS_006.66
SLPS_910.87";Time Crisis (Japan);
"SLPM_863.89
SLPM_871.00";Gensou Suikoden II (Japan) (Rev 1);
SLPM_804.57;Dengeki PlayStation D21 (Japan);
SLPS_032.78;Evergreen Avenue (Japan);
SLES_040.73;Destructo 2 (Europe);
SCPS_100.37;Crime Crackers 2 (Japan);
SLPS_014.44;Sotsugyou M - Seito Kaichou no Karei naru Inbou (Japan) (Disc 1);
SLPS_014.45;Sotsugyou M - Seito Kaichou no Karei naru Inbou (Japan) (Disc 2);
SLPS_018.59;Parlor! Pro 6 (Japan);
SLPS_011.27;BattleRound USA (Japan);
SLPS_014.55;Ultraman Tiga & Ultraman Dyna - Arata naru Futatsu no Hikari (Japan);
SLPM_860.44;Break Point (Japan);
SLPM_864.64;Jikkyou Golf Master 2000 (Japan);
"SLPS_015.50
SLPS_911.86";Pachi-Slot Kanzen Kouryaku - Universal Koushiki Guide Volume 3 (Japan);
SLPM_802.30;Neo Atlas (Japan) (Demo);
SLPS_014.05;Theme Hospital (Japan);
SLPS_000.53;Thoroughbred Breeder II Plus (Japan);
SLPM_803.08;Hyper PlayStation Re-mix 1998 No. 5 (Japan);
SLPM_801.83;Hyper PlayStation Re-mix 1998 No. 1 (Japan);
SLPM_800.28;Battle Arena Toushinden 2 - Gyouten Kyougaku no Shishoku-ban (Japan);
PAPX_900.76;PlayStation Comic - 2999-nen no Game Kids (Japan) (Demo 3);
SLPS_030.49;Naniwa Kinyuudou - Aoki Yuji no Seken Munazanyou (Japan);
"SLPM_870.97
SLPS_022.82";Quiz Darake no Jinsei Game - Un to Atama de Daifugou! (Japan);
SLPS_011.29;Prisoner of Ice - Jashin Kourin (Japan);
SLPS_030.98;Youchien Gaiden - Karei naru Casino Club - Double Draw (Japan);
PAPX_900.52;Lalala PlayStation Trial Disc - 1998 Summer (Japan);
SLPM_802.24;Atlus Shinsaku Title Demo CD-ROM (Japan);
SLPS_032.89;Memories Off 2nd (Japan) (Disc 1) (Shokai Genteiban);
SLPS_032.90;Memories Off 2nd (Japan) (Disc 2) (Shokai Genteiban);
SLPS_032.91;Memories Off 2nd (Japan) (Disc 3) (Making Disc) (Shokai Genteiban);
"SCPS_450.06
SLPS_005.92
SLPS_910.41";Touge Max - Saisoku Drift Master (Japan, Asia);
SLPS_006.34;Dakar '97 (Japan);
SLPS_002.19;Zen Nihon GT Senshuken Kai (Japan);
SLPM_861.62;World Soccer Jikkyou Winning Eleven 3 - Final Ver. (Japan) (Rev 1);
SLPS_026.80;Oh! Bakyuuun (Japan);
SLPS_004.91;Gen'ei Tougi - Shadow Struggle (Japan);
SLES_039.82;NBA Live 2003 (Europe);
SLPS_000.65;Tokimeki Memorial - Forever with You (Japan) (Rev 2);
SLPM_863.99;Dance Dance Revolution 2nd Remix - Append Club Version Vol. 2 (Japan);
"SLPS_031.22
SLPS_914.97";Exciting Pro Wres 2 (Japan);
SLES_036.92;Barbie - Explorer (Europe);
SLPM_870.60;Captain Tsubasa - Arata naru Densetsu Joshou (Japan);
SLES_014.49;Future Cop - L.A.P.D. (Europe) (En,Fr);
SLES_033.96;Disney-Pixar Toy Story Racer (Europe);
SLES_040.55;Land Before Time, The - Big Water Adventure (Europe);
SLPS_004.02;Pro Mahjong Kiwame Plus (Japan);
SLPS_000.66;Kururin Pa! (Japan);
SLPM_803.09;Dengeki PlayStation D7 (Japan);
SLPS_007.80;Katze von Schroedinger, Die (Japan);
SLPS_013.68;Chou Mashin Eiyuuden Wataru - Another Step (Japan);
SLPS_004.92;Krazy Ivan (Japan);
SLPS_033.81;Gourmet Action Game - Manpuku!! Nabe Kazoku (Japan);
SLPS_018.90;Himiko-den - Renge (Japan) (Disc 1);
SLPS_018.91;Himiko-den - Renge (Japan) (Disc 2);
SLPS_018.92;Himiko-den - Renge (Japan) (Disc 3);
SLPS_012.43;Tenant Wars (Japan);
SLPS_002.29;Criticom - The Critical Combat (Japan);
SLPS_032.27;Super Price Series - Paipai (Japan);
SLPM_803.63;Silent Hill (Japan) (Demo);
"SLPM_869.02
SLPS_022.05";Choro Q Wonderful! (Japan);
SLPS_019.34;Dr. Slump (Japan);
SLPS_025.11;Hissatsu Pachinko Station Now 2 - Yatta ze Ippatsu Tsumo Tsumo Tengoku (Japan);
PCPX_960.98;Crash Bandicoot 2 - Cortex no Gyakushuu! (Japan) (Taikenban);
SLPM_801.45;Side by Side Special (Japan) (Demo);
SLPM_803.13;Great Hits (Japan) (Demo);
PAPX_900.42;Yarudora Series Vol. 3 - Sampaguita (Japan) (Demo);
"SLPM_801.16
SLPM_801.27";Ridegear Guybrave (Japan) (Demo);
"SLPM_867.98
SLPS_008.97
SLPS_018.22";Langrisser I & II (Japan);
"SLPS_019.38
SLPS_028.49";Colin McRae - The Rally (Japan);
"SLPM_867.50
SLPS_021.20";Shiritsu Justice Gakuen - Nekketsu Seishun Nikki 2 (Japan);
SLPM_801.58;Rockman Dash - Hagane no Boukenshin (Japan) (Demo);
SLPM_863.09;Daikoukai Jidai Gaiden (Japan) (Rev 1);
SLPS_002.59;Rise 2 - Resurrection (Japan) (En,Fr,De,Es,It);
SLPS_005.12;Assault Rigs (Japan);
"SLPS_011.49
SLPS_910.99";V-Rally - Championship Edition (Japan);
SLPS_031.71;Jissen Pachi-Slot Hisshouhou! Disc Up (Japan);
SLPM_806.40;Meitantei Conan - Trick Trick Vol. 0 - Meikyuu no Crossroad Special Disc (Japan);
SLPS_011.07;Brigandine - Gensou Tairiku Senki (Japan);
SLPS_020.69;Lake Masters 2 - Bass Fishing in Japan (Japan) (Fukkokuban);
SLPS_015.79;Aoki Ookami to Shiroki Mejika - Genchou Hishi (Japan);
"SLPS_001.63
SLPS_003.06";Angel Graffiti - Anata e no Profile (Japan);
SLPS_001.32;Gionbana (Japan);
SLPS_914.49;Bombing Islands, The (Japan);
SLPS_010.95;Domino-kun o Tomenai de. (Japan);
SLPS_019.74;Restaurant Dream (Japan);
"SCPS_450.69
SLPS_008.63";Shin Shikoutei - The First Emperor (Japan, Asia);
SLPS_018.62;Astro Trooper Vanark (Japan);
SLPS_033.52;Nice Price Series Vol. 02 - Honkaku Shougi Shinan (Japan);
SLPS_003.07;Sonic Wings Special (Japan);
SLPM_802.81;Dengeki PlayStation D10 (Japan);
SLPS_018.94;Kon'ya mo Dorubako!! (Japan);
SLPS_027.61;Saraba Uchuu Senkan Yamato - Ai no Senshitachi (Japan) (Disc 1);
SLPS_027.62;Saraba Uchuu Senkan Yamato - Ai no Senshitachi (Japan) (Disc 2);
SLPS_027.63;Saraba Uchuu Senkan Yamato - Ai no Senshitachi (Japan) (Disc 3);
SLPS_014.77;Princess Maker - Pocket Daisakusen (Japan);
SLPS_029.46;Shinri Game 8, The (Japan);
SLPS_029.54;Yume no Tsubasa (Japan);
SLPS_028.83;Taregoro - Tarepanda no Iru Nichijou (Japan);
SLPS_005.93;Taklamakan - Tonkou Denki (Japan);
SLPS_008.73;Shin Senki Van-Gale - The War of Neo-Century (Japan);
SLPM_871.04;Digital Ehon Vol. 2 - Imadoki no Kaguya-hime (Japan);
SLPM_803.21;Another Mind (Japan) (Demo);
SLPS_000.58;Ide Yousuke no Mahjong Kazoku (Japan) (Rev 1);
SLPM_872.20;Wagamama Fairy Mirumo de Pon! Mirumo no Mahou Gakkou Monogatari (Japan);
SLPS_015.21;Uki Uki Tsuri Tengoku - Kawa Monogatari (Japan);
SLPM_869.84;SuperLite 3in1 Series - Arcade Classic-shuu (Japan);
SLPS_009.36;Jounetsu Nekketsu Athletes - Nakimushi Coach no Diary (Japan);
SLPS_034.07;Kids Station - Oja Majo DoReMi Dokkan! Maho-dou Eigo Festival (Japan);
SLPS_013.87;Dynamite Boxing (Japan);
SLPS_020.09;Novels - Game Center Arashi R (Japan);
SLPS_024.19;Pachitte Chonmage - Ouendan & C. C. Girls (Japan);
SLPM_803.35;Zeus - Carnage Heart Second (Japan) (Demo);
SLPM_802.86;DoDonPachi (Japan) (Demo);
"SLPS_013.11
SLPS_025.46";0 kara no Mahjong - Mahjong Youchien Tamago-gumi (Japan);
SLPS_016.16;Neko na Ka-N-Ke-I (Japan);
SLPS_005.58;Vermin Kids (Japan);
SLPM_803.42;Waku Waku Volley (Japan) (Demo);
SLPS_019.88;Murakoshi Seikai no Bakuchou SeaBass Fishing (Japan) (Disc 1);
SLPS_019.89;Murakoshi Seikai no Bakuchou SeaBass Fishing (Japan) (Disc 2);
SLPS_003.39;Johnny Bazooka (Japan);
SLPM_868.09;Startling Adventures - Kuusou 3x Daibouken (Japan);
SLPM_803.58;Super Hero Sakusen (Japan) (Demo);
SLPS_023.89;Sanyo Pachinko Paradise 2 - Umi Monogatari Special (Japan);
SLPS_002.05;Blockids (Japan);
"SLPS_002.13
SLPS_032.97";Game no Tatsujin 2 (Japan);
SLPS_012.53;Kattobi Tune (Japan);
SLPS_021.06;Monaco Grand Prix Racing Simulation 2 (Japan);
SLPS_010.63;X.Racing (Japan);
SLPS_029.85;Fighting Illusion - K-1 GP 2000 (Japan);
SLPS_030.54;Uranai 6, The - Suisei-san no Tottemo Kyuusei Senseijutsu (Japan);
SLPS_005.09;Winning Post 2 - Program '96 (Japan);
SLPM_863.44;Side by Side Special 2000 (Japan);
SLPS_010.07;J's Racin' (Japan);
SLPS_003.80;Ayrton Senna Kart Duel (Japan);
SLPS_003.11;Circuit Beat (Japan);
SLPS_011.54;Formula Grand Prix - Team Un'ei Simulation 2 - 1997-nenban (Japan);
SLPS_013.46;Gekisou!! Grand Racing - Total Drivin' (Japan);
SLPS_035.34;Oujisama Lv1.5 - Oujisama no Tamago (Japan);
"SLPS_015.51
SLPS_030.22";Hissatsu Pachi-Slot Station - Meoshi Ichiban (Japan);
SLPS_021.28;Click Manga - Ginga Eiyuu Densetsu 1 - Eien no Yoru no Naka de (Japan);
SLPS_023.53;Click Manga - Ginga Eiyuu Densetsu 2 - Iserlohn Kouryaku (Japan);
SLPM_800.88;Shutokou Battle R (Japan) (Demo);
PAPX_900.10;Crash Bandicoot (Japan) (Otameshi Disc);
PCPX_960.95;PlayStation Official Catalog CD-ROM (Japan);
PCPX_961.10;Haru no Buru Buru Taikenban (Japan);
PCPX_960.18;DemoDemo PlayStation Vol. 12 (Japan);
PCPX_960.21;DemoDemo PlayStation Vol. 14 (Japan);
PCPX_960.32;DemoDemo PlayStation Vol. 19 (Japan);
SLPS_025.43;Play de Oboeru Chuugaku Eitango Deruderu 1200 (Japan);
SLPS_031.66;Fever 4 - Sankyo Koushiki Pachinko Simulation (Japan);
SLPS_003.96;CyberSpeed (Japan);
SLPS_030.99;Play de Oboeru Series 6 - Play de Oboeru Kanji Kentei Deruderu 1100 (Japan) (Rev 1);
SLPM_860.03;Eikou no Fairway - Virtual Golf Simulation (Japan);
SLPS_017.79;Battle Konchuuden (Japan);
SLPS_005.56;Time Commando (Japan);
SLPS_015.24;Okappari-ou (Japan);
SLPS_004.29;Jockey Zero (Japan);
SLPS_007.95;MaxRacer (Japan);
SLPS_010.40;StarSweep (Japan);
SLPS_000.26;Rayman (Japan);
SLPS_006.97;Space Jam (Japan);
SLPS_010.62;Complete Soccer Onside (Japan);
SLPS_021.53;Star Wars - Episode I - The Phantom Menace (Japan);
SLPM_890.06;Play de Oboeru Series - Nihonshi Keyword Deruderu 1800 (Japan) (Shotenban);
SLPS_026.97;Play de Oboeru Series - Nihonshi Keyword Deruderu 1800 (Japan);
SLPS_031.36;Checkmate (Japan) (Renkaban);
SLPS_028.59;Bassing Beat 2 (Japan);
SLPS_012.27;Miracle Jim no Bassing Beat (Japan);
SLPS_010.26;Cu-On-Pa (Japan);
SLPM_800.72;Hyper PlayStation Re-mix No. 3 (Japan);
SLPM_800.90;Hyper PlayStation Re-mix No. 4 (Japan);
SLPS_016.65;Famires e Youkoso! (Japan);
SLPS_004.87;StarFighter 3000 (Japan);
SLPS_008.04;Disruptor (Japan);
SLPM_866.35;RC Revenge (Japan);
SLPS_013.42;Lake Masters 2 - Bass Fishing in Japan (Japan);
"SLPS_015.70
SLPS_911.39";Kamen Rider (Japan);
SLPS_018.49;Zen Nihon Pro Wres - Ouja no Tamashii (Japan);
SLPS_031.89;Gear Fighter Dendoh (Japan);
SLPS_033.92;Family Chess (Japan);
"SLPM_866.21
SLPS_914.51";Kero Kero King (Japan);
SLPS_022.45;Monster Collection - Kamen no Madoushi (Japan);
SLPS_000.43;Mahjong Ganryuu-jima (Japan);
"SLPM_861.18
SLPM_864.36";Bakumatsu Roman - Gekka no Kenshi (Japan);
"SLPM_867.18
SLPS_027.52";Blue Marlin, The (Japan);
SLPS_001.92;Return to Zork (Japan) (Disc 1);
SLPS_001.93;Return to Zork (Japan) (Disc 2);
SLPS_021.11;Planet Dob (Japan);
SLPS_000.88;Ground Stroke - Advanced Tennis Game (Japan);
SLPS_021.19;Acid (Japan);
SLPS_013.92;Murakoshi Seikai no Bakuchou Nihon Rettou (Japan);
SLPS_010.86;Jungle Park (Japan);
SLPS_028.98;Uranai 3, The - Mainichi no Houi Uranai (Japan);
"SLPS_000.29
SLPS_035.09";Idol Janshi Suchie-Pai Limited (Japan);
SLPS_033.97;Memorial Series - Sunsoft Vol. 5 (Japan);
SLPS_016.91;Rising Zan - The Samurai Gunman (Japan);
SLPS_030.88;Pachi-Slot Aruze Oukoku 4 (Japan) (Deluxe Pack);
SLPS_022.73;Guilty Gear (Japan) (Rev 1);
SLPM_871.96;Goemon - Shin Sedai Shuumei (Japan);
"PCPX_960.80
SCPS_451.13
SIPS_600.20";JetMoto (Japan, Asia);
SLPS_026.12;Trump Shiyou yo! (Japan) (Fukkokuban);
SLPS_000.21;Kikuni Masahiko Jirushi - Warau Fukei-san Pachi-Slot Hunter (Japan);
SLPS_026.75;FIFA 2000 - Europe League Soccer (Japan);
SLPS_002.06;Blockids (Japan) (DX Pack);
"SLPM_870.32
SLPM_873.47";Momotarou Dentetsu V (Japan) (Rev 2);
SLPS_000.82;Shichuu Suimei Pitagraph (Japan);
SLPS_005.99;Seireki 1999 - Pharaoh no Fukkatsu (Japan);
SLPS_000.24;Myst (Japan) (Rev 1);
SLPS_006.22;Kyuu-bakku (Japan);
SLPS_013.04;Bass Fisherman - Texas (Japan);
SLPS_006.85;Star Wars - Dark Forces (Japan);
SLPS_014.03;Colony Wars (Japan) (Disc 1);
SLPS_014.04;Colony Wars (Japan) (Disc 2);
SLPS_009.01;Rockman X4 (Japan) (Special Limited Pack);
SLPS_012.02;Shura no Mon (Japan);
SLPS_015.65;Kaze no Oka Kouen Nite (Japan);
SLPS_027.09;Jang Jang Koi Shimashow Separate 2 - Koi Koi Shimashow (Japan);
SLPM_863.82;Daikoukai Jidai IV - Porto Estado (Japan);
SLPS_014.07;Starlight Scramble - Ren'ai Kouhosei (Japan);
SLPS_007.86;Kurumi Miracle (Japan);
"SLPS_002.50
SLPS_910.21";Drift King Shutokou Battle - Tsuchiya Keiichi & Bandou Masaaki (Japan);
SLPS_005.73;Shutokou Battle Gaiden - Super Technic Challenge - Drift King e no Michi (Japan);
SLPS_016.96;Fighting Illusion - K-1 Grand Prix '98 (Japan);
SLPS_003.38;Virtual Hiryuu no Ken (Japan);
SLPS_023.04;Fighting Illusion V - K-1 Grand Prix '99 (Japan);
SLPS_019.44;X Games Pro Boarder (Japan);
SLPM_861.95;GI Jockey (Japan);
SLPS_002.58;Revolution X - Music Is the Weapon (Japan);
SLPS_017.39;Jouki Kikansha Unten Simulation - SL de Ikou! (Japan);
SLPS_024.78;Jouki Kikansha Unten Simulation - SL de Ikou! II (Japan);
SLPM_862.17;N Gauge Unten Kibun Game - Gatan Goton (Japan);
SLPM_866.84;Maestromusic, The - Merry Christmas (Japan);
"SLPM_861.09
SLPS_008.14";Shinsetsu Samurai Spirits - Bushidou Retsuden (Japan);
SLPS_018.85;Kosodate Quiz Motto My Angel (Japan);
SLPM_860.19;Super Live Stadium (Japan);
SLPM_866.03;Oha Suta Dance Dance Revolution (Japan);
"SCPS_452.08
SLPM_860.77";TwinBee RPG (Japan, Asia);
SLPM_872.36;Block Kuzushi (Japan);
SLPS_009.26;Gekitotsu! Yonku Battle 4WD (Japan);
SLPS_011.39;Tsuridou - Umizuri-hen (Japan);
SLPS_005.01;Deep, The - Ushinawareta Shinkai (Japan);
SLPS_006.24;GaiaSeed - Project Seed Trap (Japan);
SLPM_871.54;Shin Megami Tensei If... (Japan);
"SLPS_021.73
SLPS_028.13";Eikan wa Kimi ni 4 (Japan);
SLPM_861.47;Mystic Ark - Maboroshi Gekijou (Japan);
SLPS_000.89;Oni Taiji!!, The - Mezase! Nidaime Momotarou (Japan);
SLPS_031.40;Volfoss (Japan);
SLPS_021.87;Bardysh - Kromeford no Juunin (Japan);
SLPS_004.39;Posit (Japan);
SLPS_011.17;Exalegiuse (Japan);
SLPS_008.86;Nishijin Pachinko Tengoku Vol. 2 (Japan);
SLPS_009.88;Starwinder - The Ultimate Space Race (Japan);
SLPS_021.27;Pachi-Slot Kanzen Kouryaku - Aruze Koushiki Guide Volume 4 (Japan);
SLPS_014.59;B. L. U. E. - Legend of Water (Japan);
SLPS_021.85;Pokeler (Japan);
"SLPM_864.66
SLPM_870.96";Harukanaru Toki no Naka de (Japan);
SLPS_013.03;Tennis Arena (Japan);
SLPS_029.04;Hoshigami - Shizumiyuku Aoki Daichi (Japan);
SLPM_865.41;Love Game's - Wai Wai Tennis (Japan) (Major Wave);
SLPS_022.31;World Tour Conductor - Sekai Yume Kikou (Japan);
SLPM_860.38;Digical League (Japan);
SLPM_861.25;Great Hits (Japan);
SLPM_864.20;Jissen Pachi-Slot Hisshouhou! Single - Super Star Dust 2 (Japan);
SLPM_801.38;B Senjou no Alice - Alice on Borderlines (Japan) (Demo);
SLPM_803.54;Bass Landing (Japan) (Demo);
SLPM_863.49;Jissen Pachi-Slot Hisshouhou! Single - Sea Master X (Japan);
SLPS_030.30;Hissatsu Pachi-Slot Station 5 - Invaders 2000 (Japan);
SLPM_804.61;Cross Tantei Monogatari (Japan) (Demo);
SLPM_804.90;Koudelka (Japan) (Demo 2);
PAPX_900.99;Arc the Lad III (Japan) (Demo 2);
"SLPS_015.52
SLPS_032.08";Shanghai - Mateki Buyuu (Japan);
SLPS_000.39;Metamor Panic - Doki Doki Youma Busters!! (Japan);
SLPM_800.98;Gundam the Battle Master (Japan) (Demo 1);
SLPS_012.76;Misa no Mahou Monogatari (Japan) (Disc 1);
SLPS_012.77;Misa no Mahou Monogatari (Japan) (Disc 2);
SLPM_864.44;Jissen Pachi-Slot Hisshouhou! Single - The Kongdom (Japan);
"SLPS_004.45
SLPS_020.04";Tournament Leader (Japan);
SLPS_014.81;Digital Figure Iina (Japan);
SLPS_019.27;Pachi-Slot Master - Sammy SP (Japan);
SLPS_014.19;Formation Soccer '98 - Ganbare Nippon in France (Japan);
SLPS_029.83;Love Game's - Wai Wai Tennis 2 (Japan) (Value 1500);
SLPS_025.64;Pachi-Slot Teiou 4 - Oicho Kaba X, Magical Pops, LequiO-30 (Japan);
"SCPS_453.17
SLPM_861.11";Metal Gear Solid (Japan, Asia) (Disc 1) (Ichi) (Premium Package);
"SCPS_453.18
SLPM_861.12";Metal Gear Solid (Japan, Asia) (Disc 2) (Ni) (Premium Package);
SLPM_804.37;Over Drivin' IV (Japan) (Demo);
SLPM_802.98;Over Drivin' III - Hot Pursuit (Japan) (Demo);
SLPS_009.87;Lomax (Japan);
"SCPS_453.19
SLPM_861.13";Gensou Suikoden II (Japan, Asia) (Demo) (Premium Package);
SLPM_801.33;Tales of Destiny (Japan) (Preview Edition by Namco);
SLPM_801.42;Cu-On-Pa (Japan) (Demo);
"SLPS_004.66
SLPS_017.20";Tetris Plus (Japan);
SLPS_008.37;Carom Shot (Japan);
SLPM_867.52;Dance Dance Revolution 4th Mix (Japan);
SLPM_801.44;Artdink Preview (Japan);
"PCPX_960.85
PCPX_960.88";Gran Turismo (Japan) (Test Drive Disc);
PAPX_900.54;Gran Turismo 2 (Japan) (Demo);
SLPM_804.47;Spriggan - Lunar Verse (Japan) (Demo);
SLPS_004.49;Virtual Pro Wrestling (Japan);
"SLPM_872.42
SLPM_873.51";Harukanaru Toki no Naka de - Banjou Yuugi (Japan);
SLPS_012.64;Suchie-Pai Adventure - Doki Doki Nightmare (Japan) (Disc 1);
SLPS_012.65;Suchie-Pai Adventure - Doki Doki Nightmare (Japan) (Disc 2);
SLPS_018.10;Dekiru! Game Center (Japan);
SLPS_013.16;Brave Prove (Japan);
SLPS_007.43;Kain the Vampire (Japan);
SLPS_000.58;Ide Yousuke no Mahjong Kazoku (Japan);
SLPS_002.48;Hyper Crazy Climber (Japan);
"SLPS_017.49
SLPS_025.37";Lunatic Dawn III (Japan);
SLPS_024.28;Disc Derby - Meiba o Tsukurou!! (Japan);
SLPS_008.75;Quiz Nanairo Dreams - Nijiiro-chou no Kiseki (Japan);
"SLPS_003.13
SLPS_022.14";Mezase! Senkyuu-ou (Japan);
SLPS_030.41;Kart Race - Kimete wa Drift! (Japan);
SLPS_019.16;Airs, The (Japan);
"SLPS_005.68
SLPS_029.47";Virtual Gallop - Kishudou (Japan);
SLPS_002.78;Hyper Final Match Tennis (Japan);
"SCPS_454.66
SLPM_863.45";Kenkaku Ibunroku - Yomigaerishi Souku no Yaiba - Samurai Spirits Shinshou (Japan, Asia);
SLPS_009.09;Zap! Snowboarding Trix '98 (Japan);
SLPS_014.86;Carom Shot 2 (Japan);
SLPM_862.31;MeltyLancer - The 3rd Planet (Japan) (Disc 1);
SLPM_862.32;MeltyLancer - The 3rd Planet (Japan) (Disc 2);
SLPS_011.12;Neorude 2 (Japan);
SLPS_008.13;Daibouken Deluxe - Haruka naru Umi (Japan);
SLPM_870.19;Kiwame Daidougi (Japan) (Major Wave);
SLPS_005.67;Virtual Gallop - Kishudou (Japan) (Genteiban);
SLPM_804.29;Toyota Netz Racing (Japan);
SLPM_860.66;Haishin 2 (Japan);
SLPS_000.98;Ray Tracers (Japan);
SLPS_001.74;Tokyo Dungeon (Japan);
SLPS_001.67;Race Drivin' a Go! Go! (Japan);
SLPS_004.53;Frank Thomas Big Hurt Baseball (Japan);
SLPS_010.99;Lost World, The - Jurassic Park (Japan);
SLPS_017.73;Kunoichi Torimonochou (Japan);
SLPS_008.64;Deka Yonku - Tough the Truck (Japan);
SLPS_025.91;Oyaji no Jikan - Nee-chan Hanafuda de Shoubu ya! (Japan);
SLPS_023.23;Seikai no Monshou (Japan);
SLPS_008.53;Defeat Lightning (Japan);
SLPS_000.52;Kanazawa Shougi '95 (Japan);
SLPS_002.20;CRW - Counter Revolution War (Japan);
SLPS_014.50;Kuroi Hitomi no Noir - Cielgris Fantasm (Japan);
SLPS_015.38;Jikki Pachi-Slot Tettei Kouryaku - Speed-CR Kinkakuji 3 (Japan);
"SLPM_870.93
SLPS_015.74
SLPS_911.53";Touge Max 2 (Japan);
"SLPS_016.39
SLPS_030.25";Virtua Pachi-Slot - Olympia Special (Japan);
SLPS_020.98;Mahjong Gokuu Tenjiku 99 (Japan);
SLPS_025.04;Countdown Vampires (Japan) (Disc 1);
SLPS_025.05;Countdown Vampires (Japan) (Disc 2);
SLPM_867.96;SuperLite 1500 Series - Crossword 3 (Japan);
SLPM_870.04;Marionette Company 2 Chu! (Japan) (Major Wave);
SLPM_866.70;Pop'n Music - Disney Tunes (Japan);
SLPS_013.94;Perfect Golf 2 (Japan);
SLPS_031.92;Slotter Mania - Gekinetsu Oki-Slot! Siosai Special (Japan);
SLPS_008.12;Fade to Black (Japan) (En,Ja);
SLPS_034.09;Nice Price Series Vol. 09 - Paradise Casino (Japan);
SLPS_034.14;Slotter Mania 3 - Bakuryou Houshutsu! Uminchu & Fire Element (Japan);
SLPS_022.15;Miyake Yuji Produce - Kiseki no Maya Uranai (Japan);
SLPS_023.62;Uranai, The - Ren'ai Seiza Uranai (Japan);
SLPS_031.83;Sentimental Graffiti - Yakusoku (Japan);
SLPS_008.21;Hi-Hou-Ou - Mou Omae to wa Kuchi Kikan!! (Japan);
SLPM_865.42;Master of Monsters - Akatsuki no Kenjatachi (Japan) (Major Wave);
"SLPM_863.37
SLPS_015.95";Oda Nobunaga Den (Japan);
SLPS_021.30;Click Manga - Opera-za no Kaijin (Japan);
SLPS_033.67;Milky Season (Japan);
SLPS_031.21;Komotchi (Japan);
"SLPS_027.47
SLPS_031.13";Killer Bass (Japan);
SLPS_023.57;Parlor! Pro Jr. Vol. 2 - CR Lupin Sansei K (Japan);
SLPM_866.54;Refrain Love - Anata ni Aitai (Japan) (Major Wave);
SLPM_868.95;Hunter x Hunter - Ubawareta Aura Stone (Japan);
SLPS_020.64;Yagami Hiroki no Game-Taste - Munasawagi no Yokan (Japan);
SLPM_871.03;Digital Ehon Vol. 1 - Imadoki no Momotarou (Japan);
SLPM_871.05;Digital Ehon Vol. 3 - Imadoki no Saru Kani (Japan);
SLPS_010.73;Agent Armstrong - Himitsu Shirei Daisakusen (Japan);
SLPM_871.07;Digital Ehon Vol. 5 - Imadoki no Urashima-tarou (Japan);
SLPS_019.43;Fisher's Road (Japan);
"SLPS_021.05
SLPS_030.71";DX Shachou Game (Japan);
SLPM_863.93;Oyako Entertainment Series - TV Kamishibai Vol. 1 (Japan);
SCES_002.36;VIP Demo (Europe, Australia);
SLPS_015.58;Crown Knights, The - Jaja-uma! Quartet - Mega Dream Destruction+ (Japan);
SLPS_018.47;Pikupiku Sentaro - Puzzle de Gohan! (Japan);
SLPS_033.85;Super Price Series - Reversi (Japan);
SLPM_801.18;Armored Core (Japan) (Demo 2);
SLPS_008.78;FIFA Soccer 97 (Japan);
SLPM_868.56;SuperLite 1500 Series - Mahjong Senjutsu - Andou Mitsuru Pro no Akuukan Sappou (Japan);
SLPM_871.70;SuperLite 1500 Series - Kouyasai - A Sherd of Youthful Memories (Japan);
SLPM_871.48;Martialbeat 2 (Japan) (Disc 1) (Disc-B);
SLPM_871.49;Martialbeat 2 (Japan) (Disc 2) (Disc-F);
SLPS_030.55;Baseball - Pro-nami Kusayakyuu! (Japan);
SLPS_008.85;Stressless Lesson - Les Les (Japan);
SLPS_030.11;Logic Pro Adventure (Japan);
SLPM_861.85;Athena - Awakening from the Ordinary Life (Japan) (Disc 1);
SLPM_861.86;Athena - Awakening from the Ordinary Life (Japan) (Disc 2);
SLPM_861.87;Athena - Awakening from the Ordinary Life (Japan) (Disc 3);
SLPM_861.90;Uchi ni Pochi ga Yattekita in my Pocket (Japan);
SLPS_016.20;Goryuujin + Electro (Japan);
"SLPS_005.10
SLPS_005.11";TFX - Tactical Fighter eXperiment (Japan);
SLUS_001.16;CyberSpeed (USA) (Rev 1);
SCPS_190.06;PlayStation Comic - Buzzer Beater - Zenpen (Japan);
SLPM_860.18;Pro Logic Mahjong Haishin (Japan);
SLPS_005.65;Tecmo Super Bowl (Japan);
SLPS_014.39;Hanabi - Fantast (Japan);
SLPS_035.31;Otogi Story - Tenshi no Shippo (Japan);
SLPS_032.83;Kouklotheatro - Yuukyuu no Hitomi (Japan);
SLPM_863.64;SuperLite 1500 Series - Shinsei Toilet no Hanako-san (Japan);
"SCPS_451.04
SLPS_006.91";Doukyuusei 2 (Japan, Asia);
SLPS_021.12;Love^2 Torokko (Japan);
SLPS_016.89;Advan Racing (Japan);
SLPS_013.01;Conveni Special, The - 3-tsu no Sekai o Dokusen seyo (Japan);
SLPS_016.47;Love Game's - Wai Wai Tennis (Japan) (Service Price-ban);
SLPS_017.69;Ling Rise (Japan);
SLPM_869.80;Bakuten Shoot Beyblade - Bey Battle Tournament (Japan);
SLPS_013.74;Wakusei Koukitai - Little Cats (Japan);
"SLPS_016.41
SLPS_023.88";RoX - 6 = Six (Japan);
SLPS_033.96;Monsters, Inc. - Monsters Academy (Japan);
SLPS_005.60;LuLu - Un Conte Interactif de Romain Victor-Pujebet (Japan);
SLPS_009.25;Shinseiden Megaseed - Fukkatsu-hen (Japan);
"SLPM_865.57
SLPS_020.60";Cinema Eikaiwa Series Dai-5-dan - Zombie (Japan) (Disc 1);
"SLPM_865.58
SLPS_020.61";Cinema Eikaiwa Series Dai-5-dan - Zombie (Japan) (Disc 2);
"SLPM_865.59
SLPS_020.62";Cinema Eikaiwa Series Dai-5-dan - Zombie (Japan) (Disc 3);
"SLPM_865.60
SLPS_020.63";Cinema Eikaiwa Series Dai-5-dan - Zombie (Japan) (Disc 4);
SLPS_016.26;Himitsu Sentai Metamor V Deluxe (Japan) (Disc 1);
SLPS_016.27;Himitsu Sentai Metamor V Deluxe (Japan) (Disc 2);
SLPS_023.08;Yoshimoto Muchicco Dai-kessen - Minami no Umi no Gorongo-tou (Japan);
SIPS_600.05;AirAssault - The Red Mercury Missions (Japan);
SLPS_019.65;Test Drive Off-Road 2 (Japan);
SCPS_100.60;Rapid Racer (Japan);
SLPS_010.72;Ayrton Senna KartDuel 2 (Japan);
SLPS_005.98;Wing Over (Japan);
SLPS_027.36;Senkai Taisen - TV Animation Senkaiden Houshin Engi yori (Japan);
SLPS_001.27;Striker - World Cup Premiere Stage (Japan);
SLPS_005.69;Super Football Champ (Japan);
SLPS_003.72;Victory Spike (Japan);
"SLPM_861.89
SLPM_865.06
SLPM_867.87
SLPS_003.20
SLPS_005.17";Angelique Special (Japan);
SLPS_013.91;Downhill Snow (Japan);
SLPS_034.92;Harry Potter to Himitsu no Heya (Japan);
"SLPS_013.89
SLPS_026.87";World League Soccer (Japan);
"SLPS_012.68
SLPS_020.57
SLPS_914.17";Great Rugby Jikkyou '98 - World Cup e no Michi (Japan);
"SLPS_013.85
SLPS_023.63";Doukyuu - Billiard Master (Japan);
"SLPM_864.30
SLPM_865.07
SLPM_871.82
SLPS_007.30";Fushigi no Kuni no Angelique (Japan);
SLPS_029.97;Slot! Pro - Ooedo Sakura Fubuki 2 (Japan);
SLPS_013.26;Zoku Hatsukoi Monogatari - Shuugaku Ryokou (Japan) (Disc 1);
SLPS_013.27;Zoku Hatsukoi Monogatari - Shuugaku Ryokou (Japan) (Disc 2);
SLPS_013.28;Zoku Hatsukoi Monogatari - Shuugaku Ryokou (Japan) (Disc 3);
SLPS_013.29;Zoku Hatsukoi Monogatari - Shuugaku Ryokou (Japan) (Disc 4);
SLPM_802.34;Dynamite Boxing (Japan) (Demo);
SLPM_802.32;Mawatte Mucho! (Japan) (Demo);
SLPM_802.04;Kojin Kyouju - La Lecon Particuliere (Japan) (Demo);
SLPS_009.03;Ongaku Tkool - Kanadeeru 2 (Japan);
"SLPS_016.53
SLPS_028.02";Nihon Pro Mahjong Renmei Kounin - Honkaku Pro Mahjong - Shin Tetsuman (Japan);
SLPM_864.34;Jissen Pachi-Slot Hisshouhou! Single - Kung-Fu Lady (Japan);
SLPM_860.29;Tokimeki Memorial Selection - Fujisaki Shiori (Japan);
SCPS_190.07;PlayStation Comic - Buzzer Beater - Kouhen (Japan);
SLPS_007.52;Pachi-Slot Kanzen Kouryaku - Universal Koushiki Guide Volume 1 (Japan);
SCED_022.29;Euro Demo 49 (Italy);
SLES_025.35;ECW Hardcore Revolution (Europe);
SLUS_002.46;WWF In Your House (USA);
SLPS_018.11;Zen'yasai - Kouyasai Special Preview Disc (Japan) (Demo);
SLPS_007.04;Hashiriya - Ookamitachi no Densetsu (Japan);
SLPS_028.37;Tokyo Majin Gakuen Denki - Jin no Shou - Tokyo Majin Gakuen Kenpuuchou Emaki (Japan) (Bonus Disc);
SLPS_004.25;Sankyo Fever - Downtown Geki (Japan);
SLPS_002.75;Defcon 5 (Japan);
SLPM_865.85;Maestromusic, The (Japan) (Doukonban);
SLPS_000.92;King of Bowling (Japan);
SLPS_002.32;Vehicle Cavalier (Japan);
SLPS_028.92;Jellyfish - The Healing Friend (Japan);
SLPS_009.91;Battle Bugs (Japan);
SLPS_007.78;Elfin Paradise (Japan);
SLPS_001.95;PD Ultraman Invader (Japan);
SLPS_002.53;Shouryuu Sangoku Engi (Japan);
SLPS_002.97;Actua Soccer (Japan);
SLPS_005.90;Voice Paradice Excella (Japan) (Disc 1);
SLPS_005.91;Voice Paradice Excella (Japan) (Disc 2);
SLPS_007.93;Nihon Pro Mahjong Renmei Kounin - Doujou Yaburi (Japan);
SLPS_029.50;LiberoGrande 2 (Japan);
SLPM_869.34;Mermaid no Kisetsu (Japan) (Disc 1);
SLPM_869.35;Mermaid no Kisetsu (Japan) (Disc 2);
SLPM_869.36;Mermaid no Kisetsu (Japan) (Disc 3);
SLPS_014.92;Puzzle Bobble 4 (Japan);
SLPS_006.25;Extra Bright (Japan);
SLPS_027.32;Parlor Station (Japan) (Rerelease);
SLPS_029.87;Yuukyuu no Eden - The Eternal Eden (Japan) (Rev 1);
SLPM_801.72;RMJ - The Mystery Hospital - Second Attack Sample CD-ROM (Japan);
SLPS_034.00;Chocolate Kiss (Japan);
"SCPS_912.28
SCPS_913.16";Arc the Lad III (Japan) (Disc 1) (Rev 1);
"SCPS_912.29
SCPS_913.17";Arc the Lad III (Japan) (Disc 2) (Rev 1);
SLPS_026.74;Championship Bass (Japan);
SLPS_003.75;Mushi no Idokoro (Japan);
SLPM_872.10;Rikujou Boueitai Mao-chan (Japan);
SLPS_021.34;Pocket Family - Happy Family Plan (Japan);
SLPS_023.90;Aura Battler Dunbine - Seisenshi Densetsu (Japan) (Rev 1);
SLPS_022.63;Engacho! (Japan);
SLPS_030.79;Kaishin!! Derby Analyst (Japan);
SLPM_871.71;Dr. Rin ni Kiite Mite! Koi no Happy Four Seasons (Japan);
"SLPS_017.06
SLPS_022.98";1 on 1 (Japan);
SLPS_010.54;10101 - Will the Starship (Japan);
SLPS_015.98;Armed Fighter (Japan);
SLPS_001.72;Ninkuu (Japan);
SLPS_000.51;Entertainment Jansou - That's Pon! (Japan);
SLPS_021.42;Inagawa Junji - Kyoufu no Yashiki (Japan);
SLPM_870.25;Minna no Takaramono - Watashi no Licca-chan - Otetsudai o Shiyou (Japan);
SLPS_012.69;Crisis City (Japan);
SLPS_021.60;Daiobake Yashiki - Hamamura Jun no Jitsuwa Kaidan (Japan);
SLPM_870.24;Boku no Choro Q (Japan);
SLPS_022.84;Hissatsu Pachinko Station Now - Kore ga Ichiban!! Shin Pikaichi Tengoku (Japan);
SLPS_028.85;Exciting Pro Wres (Japan);
SLPS_000.99;Moero!! Pro Yakyuu '95 - Double Header (Japan);
SLPS_017.52;Tsuridou - Keiryuu Mizuumi-hen (Japan);
SLPS_025.58;Hissatsu Pachinko Station Now 3 - Youkai Engei (Japan);
SLPS_027.21;Hissatsu Pachinko Station Now 4 - Ore wa Nekketsu Bouken-ou da!! (Japan);
SLPS_029.99;Hissatsu Pachinko Station Now 6 - Shinsei!! Areddin 21 (Japan);
SLPS_031.07;Hissatsu Pachinko Station Now 7 - Magical Circus (Japan);
SLPS_031.29;Hissatsu Pachinko Station Now 8 - Jarinko Chie (Japan);
"SCPS_450.49
SLPS_008.22";Fighters' Impact (Japan, Asia);
SLPS_032.11;DigimonTamers - PocketCulumon (Japan);
SLPS_017.84;Lucifer Ring (Japan);
SLPS_009.58;Starborders (Japan);
SLPS_009.71;Lost Children - The City of Lost Children (Japan);
SLPS_011.28;Courier Crisis - The Saga of the Modern Fatalist (Japan);
SLPS_016.07;Game Soft o Tsukurou - Let's Be a Super Game Creator!! (Japan);
SLPS_017.59;Favorite Dear (Japan);
SLPS_021.40;Roommate - Inoue Ryoko (Japan);
"SLPS_018.24
SLPS_018.25";Kaitou Ranma Miyabi (Japan);
"SLPS_016.60
SLPS_914.85";Gakkou o Tsukurou!! 2 (Japan);
SLPS_011.85;Hissatsu Pachinko Station 2 (Japan);
SLPS_021.81;Tactical Armor Custom Gasaraki (Japan);
SLPS_023.45;Pac-Man World - 20th Anniversary (Japan);
SLPS_027.60;Fever 2 - Sankyo Koushiki Pachinko Simulation (Japan);
"SLPS_015.30
SLPS_025.25";Navit (Japan);
SLPS_021.32;Ore no Yotto - Ganbare! Nippon Challenge (Japan) (En,Ja);
SLES_005.64;Disruptor (France);
SLES_018.80;OverBlood 2 (Italy) (Disc 1);
SLES_118.80;OverBlood 2 (Italy) (Disc 2);
SLES_017.97;Civilization II (Italy);
SCED_007.89;Namco Demo (Europe);
SLES_005.07#;Soviet Strike (Europe) (EDC);
PAPX_900.56;PoPoRoGue (Japan) (Yokokuban);
SLPM_803.32;Ehrgeiz - God Bless the Ring (Japan) (Demo 1);
SLPM_804.06;Densha de Go! 2 (Japan) (Demo 2);
PAPX_900.55;Legaia Densetsu (Japan) (Demo 2);
SLPM_802.50;Lunar - Silver Star Story (Japan) (Demo);
PCPX_960.39;Play-Pre Vol. 4 (Japan);
SLPM_804.14;Love^2 Torokko (Japan) (Demo);
"PAPX_900.47
SLPM_802.73";Kagero - Kokumeikan Shinshou (Japan) (Demo);
SLPM_802.93;Pilot ni Narou! (Japan) (Demo);
"PAPX_900.65
SLPM_803.25";Tamamayu Monogatari - Dennou Bijutsukan (Japan);
SLPM_802.40;World Soccer Jikkyou Winning Eleven 3 - World Cup France '98 (Japan) (Demo);
SLPM_803.92;Mystic Ark - Maboroshi Gekijou (Japan) (Demo);
SLPM_802.96;Rally de Africa (Japan) (Demo);
"PAPX_900.50
SLPM_802.43";B. L. U. E. - Legend of Water (Japan) (Demo);
PAPX_900.57;PlayStation Comic - 2999-nen no Game Kids (Japan) (Demo 1);
SLPM_802.76;Jaleco Taikenban Special (Japan);
SLPS_000.38;Nichibutsu Mahjong - Joshikou Meijinsen (Japan);
SLPS_024.14;Medarot R (Japan);
SLPM_861.20;Itadaki Street - Gorgeous King (Japan) (Rev 1);
SLPS_004.94;Ninja Jajamaru-kun - Onigiri Ninpouchou (Japan);
SCES_030.32;Disney's The Little Mermaid II (Europe);
"SLES_032.67
SLES_032.67#";Disney's The Lion King - Simba's Mighty Adventure (Europe);
SLES_031.89#;Disney's 102 Dalmatians - Puppies to the Rescue (Europe) (Rev 1);
SCES_037.05;Disney's Party Time with Winnie the Pooh (Europe);
SLPM_885.11;Kids Station - Gomdori Pooh Hakseup Series - Gomdori Pooh Sinnaneun Yuagyosil (Korea);
SLES_100.65;D (Europe) (Disc 2);
SLES_008.13;Xenocracy - The Ultimate Solar War (Germany);
SLES_041.73;Nick Jr. Dora the Explorer - Barnyard Buddies (Europe);
SLED_027.42;Suikoden II (Europe) (Demo);
SLES_031.88;Chicken Run (Europe);
SLPM_860.78;Actua Ice Hockey (Japan);
SLPM_862.26;Glay - Complete Works (Japan) (Disc 1);
SLPM_862.27;Glay - Complete Works (Japan) (Disc 2);
SLPM_864.13;GI Jockey 2000 (Japan);
SLPM_864.78;Eve Zero (Japan) (Disc 1);
SLPM_864.79;Eve Zero (Japan) (Disc 2);
SLPM_864.80;Eve Zero (Japan) (Disc 3);
SLPS_028.68;International Soccer - Excite Stage 2000 (Japan);
SLPS_020.47;R (Japan);
SLPS_013.08;Pachi-Slot Kanzen Kaiseki - Wai Wai Pulsar 2 & 77 2 (Japan);
SLPM_871.32;Mini-Moni. Shakatto Tambourine! da Pyon! (Japan);
SLPS_033.74;Inuyasha (Japan);
SLPS_000.59;Taikyoku Shougi - Kiwame (Japan);
SLPS_000.74;Sparrow Garden - Namco Mahjong (Japan);
SCES_019.46;Legend of Legaia (Italy);
SLPM_865.44;Wai Wai Jansou (Japan);
SCES_024.90;Barbie - Super Sports (Italy);
SCES_040.90;Grande Fratello - Il Gioco (Italy);
SLES_017.90;Need for Speed - Road Challenge (Europe) (En,Es,It);
SLES_039.50;Yu-Gi-Oh! Forbidden Memories (Italy);
SLES_023.50;Amerzone - Il Testamento dell'Esploratore (Italy) (Disc 1);
SLES_123.50;Amerzone - Il Testamento dell'Esploratore (Italy) (Disc 2);
SCED_039.25;Vivi la Magia di Disney su PlayStation (Italy);
SLPS_003.25;Hive Wars, The (Japan) (Disc 1);
SLPS_003.26;Hive Wars, The (Japan) (Disc 2);
SLPS_027.40;Victory Boxing (Japan);
SLPS_018.43;Sonata (Japan) (Disc 1);
SLPS_018.44;Sonata (Japan) (Disc 2);
SLPS_031.78;Heiwa, The - Otenki Studio (Japan);
SLPS_010.89;Pachinko Hall - Shinsou Daikaiten (Japan);
SLPS_025.62;Parlor! Pro Jr. Vol. 5 - CR Fruit World X (Japan);
SLPS_030.65;Pro Mahjong Tsuwamono 2 (Japan) (BPV);
SLPS_019.32;Vampir - Kyuuketsuki Densetsu (Japan);
SLPM_867.51;Tony Hawk's Pro Skater 2 (Japan);
SLPM_870.20;Sheep (Japan);
SLPS_027.29;Backgammon 2000 (Japan);
SLPM_865.74;Beat Mania Append GottaMix 2 - Going Global (Japan);
SLPS_016.51;Todd McFarlane's Spawn - The Ultimate (Japan);
SLPS_007.59;Andretti Racing (Japan);
SLPS_031.32;Tentama (Japan);
SLPS_016.18;Silent Moebius - Case - Titanic (Japan);
SLPM_869.63;Game of Life, The - DX Jinsei Game IV (Japan);
SLPS_002.38;Honkaku Mahjong - Tetsuman Special (Japan);
PCPX_960.42;DemoDemo PlayStation Vol. 22 (Japan);
PCPX_960.05;DemoDemo PlayStation Vol. 2 (Japan);
SLPS_006.65;Top Gun - Fire at Will! (Japan);
"SLPM_862.43
SLPM_865.63";Cinema Eikaiwa Series Dai-6-dan - Ai no Hate ni (Japan) (Disc 3);
"SLPM_862.44
SLPM_865.64";Cinema Eikaiwa Series Dai-6-dan - Ai no Hate ni (Japan) (Disc 4);
"SLPM_862.42
SLPM_865.62";Cinema Eikaiwa Series Dai-6-dan - Ai no Hate ni (Japan) (Disc 2);
"SLPM_862.41
SLPM_865.61";Cinema Eikaiwa Series Dai-6-dan - Ai no Hate ni (Japan) (Disc 1);
SLPM_803.18;Sonata (Japan) (Profile Disc);
SCZS_941.02;Official Yarudora Fan Book - Kisetsu o Dakishimete (Japan);
"SLPS_023.48
SLPS_028.57
SLPS_914.16";20-seiki Striker Retsuden - The 20th Century's Real Strikers (Japan);
SLPM_861.63;Netz Magazine - Altezza (Japan);
"SLPM_865.51
SLPS_019.54";Cinema Eikaiwa Series Dai-3-dan - Arashigaoka (Japan) (Disc 1) (Joukan);
"SLPM_865.52
SLPS_019.55";Cinema Eikaiwa Series Dai-3-dan - Arashigaoka (Japan) (Disc 2) (Chuukan);
"SLPM_865.53
SLPS_019.56";Cinema Eikaiwa Series Dai-3-dan - Arashigaoka (Japan) (Disc 3) (Gekan);
SLPS_020.08;Virus - The Battle Field (Japan);
SLPS_002.25;DeathMask (Japan) (Disc 1);
SLPS_002.26;DeathMask (Japan) (Disc 2);
SLPS_002.27;DeathMask (Japan) (Disc 3);
SLPS_011.73;Magical Zunou Power!! Party Selection (Japan);
SLPS_029.40;Ao no 6-gou - Antarctica (Japan) (Disc 1);
SLPS_029.41;Ao no 6-gou - Antarctica (Japan) (Disc 2);
PTPX_970.02;Aging Disk (Japan);
SLPM_869.44;Wu-Tang - Shaolin Style (Japan);
SLPS_025.14;Boku wa Koukuu Kanseikan (Japan);
SLPS_016.59;Ayrton Senna Kart Duel Special (Japan);
"SLPS_031.30
SLPS_034.77";Pachi-Slot Teiou - Maker Suishou Manual Vol. 3 - I'm Angel - White 2 & Blue 2 (Japan);
SLPS_017.28;Lord Monarch - Shin Gaia Oukokuki (Japan);
SLPS_030.64;Mahjong Toriatama Kikou (Japan);
SLPS_022.59;Formula Nippon '99 - Racing Driver ni Narou! (Japan);
SLPS_035.11;Slotter Mania 7 - Gekiatsu! Siosai-musume Seizoroi DX + Apache A (Japan);
SLPS_026.11;Saibara Rieko no Mahjong Toriatama Kikou (Japan);
"SLPM_867.39
SLPM_871.63";Spider-Man (Japan);
SLPM_802.82;Neo Atlas - Famitsuu no Nazo (Japan) (Demo);
SLPM_866.82;Dave Mirra Freestyle BMX (Japan);
"SLPS_003.21
SLPS_910.36";Tetris X (Japan);
SLPM_863.22;Beatmania Append 5thMix - Time to Get Down (Japan);
SLPM_860.75;Jersey Devil no Daibouken (Japan);
SLPS_008.23;Neorude (Japan) (Disc 1) (Game Disc);
SLPS_008.24;Neorude (Japan) (Disc 2) (Special Disc);
SLPS_014.61;Spin Tail (Japan);
"SCPS_452.20
SLPS_013.17";Utchan Nanchan no Honoo no Challenger - Denryuu Iraira-bou Returns (Japan, Asia);
SLPS_033.57;DigimonTamers - Battle Evolution (Japan);
SLPM_870.73;Spider-Man 2 - Enter - Electro (Japan);
SLPS_034.83;Slotter Mania 6 - Bakuretsu Sairai! Wadatsumi (2 Types) & Blue Lagoon (Japan);
"SLPM_867.65
SLPM_870.81";X-Men - Mutant Academy (Japan);
SLPS_029.60;Slotter Mania Core - Tokonatsu no Atsusa! Oasis (Japan);
SLPS_034.38;Slotter Mania 4 - Gekiatsu Youkou! Siolar & King Castle & Kabuto (Japan);
SLPS_034.67;Slotter Mania Gaiden - Chouatsu Densetsu! Golden Rookie & Fire V & Ryuuou (Japan);
SLPS_035.20;Slotter Mania 8 - Miwaku no Takarabako! Jewel Magic 2 & Gold & Silver (Japan);
SLPS_033.28;Kon'ya mo Dorubako!! 2001 (Japan);
SLES_036.41;Disney La Super-Diver Casa de Goofy (Spain);
SLPS_028.78;Colin McRae - The Rally 02 (Japan);
SLPS_020.35;Stray Sheep - The Adventure of Poe & Merry (Japan);
SLPS_004.43;Yellow Brick Road (Japan);
SLPM_863.28;Baroque - Yuganda Mousou (Japan) (Genteiban);
SLPS_007.68;Naniwa no Akindo - Futte Nanbo no Saikoro Jinsei (Japan);
SLPS_001.57;Gunbird (Japan);
SLPS_034.55;Pachi-Slot Teiou - Dateline Pegasus (Japan);
"SLPS_001.65
SLPS_020.54";Robo Pit (Japan);
SLPS_000.30;Game no Tatsujin (Japan);
SLPS_004.33;International Moto-X (Japan);
SLPM_869.30;Kids Station - Mickey to Nakamatachi - Kazu Asobi Iro Iro (Japan) (Controller Set);
SCES_021.60;Star Ocean - The Second Story (France) (Disc 1);
SCES_121.60;Star Ocean - The Second Story (France) (Disc 2);
SLPM_866.57;Wai Wai Trump Taisen (Japan);
PCPX_960.07;DemoDemo PlayStation Vol. 4 (Japan);
PCPX_960.10;DemoDemo PlayStation Vol. 7 (Japan);
SLPS_009.08;Cat the Ripper - 13Ninme no Tanteishi (Japan);
SLPS_033.87;Super Price Series - Hanafuda (Japan);
SLPS_008.36;Impact Racing (Japan);
"SLPS_017.03
SLPS_911.82";Vigilante 8 (Japan);
SLED_019.28;Bloody Roar 2 - Bringer of the New Age (Europe) (Demo);
SLED_016.89;Wild 9 & MDK & Crime Killer (France) (Demo);
SLPS_003.57;Thunderhawk II (Japan);
SLPS_008.61;NHL 97 (Japan);
SLPS_025.10;Love Game's - Wai Wai Tennis 2 (Japan);
SLPM_865.02;Armorines - Project S.W.A.R.M. (Japan);
SLPS_013.55;Fox Junction (Japan);
SLPS_012.24;Miracle Jumpers (Japan);
SLPM_867.69;Beat Mania - The Sound of Tokyo (Japan);
SLPS_000.44;Hebereke Station Popoitto (Japan);
SLPS_016.74;Lucky Luke (Japan);
SLPS_024.26;Parlor! Pro Jr. Vol. 3 - CR Shin Pikaichi Tengoku T (Japan);
SLPM_865.96;Beatmania Best Hits (Japan);
SLPS_028.74;Kids Station - Kikansha Thomas to Nakamatachi (Japan);
SLPS_013.71;Pro Yakyuu Nettou Puzzle Stadium (Japan);
SLPM_868.94;Jet Copter X (Japan);
SLPS_001.10;Miracle World - Fushigi no Kuni no IQ Meiro (Japan);
SLPS_005.18;Burning Road (Japan);
SLPS_004.30;Tonzura-kun (Japan);
SLPM_865.97;Beatmania featuring Dreams Come True (Japan);
SLPM_861.48;Guuguuthropus (Japan);
SLPS_032.49;Kids Station - Digimon Park (Japan);
SLPS_002.94;NuPa - Numeric Paint Puzzle (Japan);
SLPM_861.75;Genghis Khan - Aoki Ookami to Shiroki Mejika IV (Japan);
SLPS_025.72;Fishing Freaks - BassRise Plus (Japan);
SCZS_941.01;Official Yarudora Fan Book - Double Cast - CD-ROM Special Data-shuu (Japan);
SCZS_941.05;PoPoLoCrois Monogatari Official Fan Book - PoPoRoGue no Daizukan - Chotto Ureshii CD-ROM Data-shuu (Japan);
SCZS_941.04;Official Yarudora Fan Book - Yukiwari no Hana - CD-ROM Special Data-shuu (Japan);
SCZS_941.06;Official Fan Book - Circadia - Special CD-ROM (Japan);
SLPS_027.44;Street Boarders 2 (Japan);
SLPS_006.20;ToPoLo (Japan);
SLPS_007.27;Final Doom (Japan);
SLPS_001.79;Agile Warrior - F-111X (Japan);
SLPM_866.92;Beatmania Append Club Mix (Japan);
"SLPS_006.60
SLPS_022.06";Deep Sea Adventure - Kaitei-kyuu Pantarassa no Nazo (Japan) (Disc 1);
"SLPS_006.61
SLPS_022.07";Deep Sea Adventure - Kaitei-kyuu Pantarassa no Nazo (Japan) (Disc 2);
SLPS_004.58;Simulation Zoo (Japan);
SLPM_864.83;Nobunaga no Yabou - Reppuuden with Power-Up Kit (Japan);
"SLPM_862.03
SLPS_006.56";Daikoukai Jidai II (Japan);
SLPS_005.03;Kyoufu Shinbun (Japan);
SLPS_016.69;Pitfall 3D - Beyond the Jungle (Japan);
SLPS_021.68;Lord of Fist (Japan);
SLPS_003.42;Expert (Japan);
SLPS_023.75;Break Volley (Japan);
SLPS_007.66;X2 - No Relief (Japan);
"SLPS_004.99
SLPS_024.64";Cooly Skunk (Japan);
SLPS_014.84;Hard Boiled - Neuro Tower o Hakai seyo (Japan);
SLPS_034.23;Pachi-Slot Teiou - Naniwa Sakura Fubuki (Japan);
SLPS_022.95;Virtua Pachi-Slot EX (Japan);
SLPM_870.85;Water Summer (Japan) (Shokai Genteiban);
SLPS_007.38;Saber Marionette J - Battle Sabers (Japan) (Shokai Genteiban);
SLPM_863.29;Harlem Beat - You're the One (Japan);
SLPS_019.64;Test Drive 5 (Japan);
SCPS_101.30;Tiny Bullets (Japan);
SLPS_001.01;Universal-ki Kanzen Kaiseki - Pachi-Slot Simulator (Japan);
SLPS_005.51;Ippatsu Gyakuten - Gamble King Densetsu (Japan);
SLPS_021.22;Paca Paca Passion (Japan);
SLPS_030.42;Block Kuzushi - Kowashite Help! (Japan);
"SLPS_017.74
SLPS_027.01";Next Tetris, The (Japan);
PCPX_960.14;DemoDemo PlayStation Vol. 10 (Japan);
SLPS_010.14;Tenkuu no Escaflowne (Japan) (Genteiban);
SLES_038.70;Mundial 2002 Challenge (Portugal);
SCES_038.51;Stuart Little 2 (Portugal);
SLPM_868.47;Koiyohou (Japan);
SLPS_000.46;Universal Virtua Pachi-Slot - Hisshou Kouryakuhou (Japan);
SLPM_803.16;Vigilante 8 (Japan) (Demo);
SLPS_009.37;MechWarrior 2 - Arcade Combat Edition (Japan);
SLPS_010.06;Pro Wres Sengokuden - Hyper Tag Match (Japan);
SLPS_001.58;Bakushou!! All Yoshimoto Quiz-ou Ketteisen DX (Japan);
SLPS_003.76;Little Big Adventure (Japan);
PCPX_960.93;Play-Pre Vol. 9 (Japan) (Disc 1);
PCPX_960.94;Play-Pre Vol. 9 (Japan) (Disc 2) (Official Catalog CD-ROM);
SLPM_801.87;Weekly the PlayStation Limited No. 1 (Japan);
SLPM_866.79;Maestromusic, The - Encore Disc (Japan);
SLPS_017.10;Bubblegun Kid (Japan);
SLPS_031.62;Buttsubushi (Japan);
SLPM_868.79;Apocalypse (Japan);
SLPS_025.78;Block Kuzushi 2 (Japan);
SLPS_025.90;Oyaji no Jikan - Nee-chan Tsuri Iku de! (Japan);
SCED_021.97;Wip3out (Europe) (Demo);
SLPS_015.37;Gubble (Japan);
SLPM_866.36;ATV - Quad Power Racing (Japan);
SLPM_863.30;Disney-Pixar A Bug's Life (Japan);
SLPS_023.68;Marvel vs. Capcom - Clash of Super Heroes - EX Edition (Japan);
SLPS_010.36;Deadly Skies (Japan);
SLPS_017.36;Famires, The (Japan);
"SLPS_017.64
SLPS_017.65
SLPS_032.04";Bass Landing (Japan);
SLPS_008.87;Triple Play 98 (Japan);
SLPM_870.77;X-Men - Mutant Academy 2 (Japan);
SLPS_002.36;Uchuu Goushouden - Bakuretsu Akindo (Japan);
SLPS_019.63;Hissatsu Pachinko Station Classic - Fukkatsu! Natsukashi no Meikitachi (Japan);
SLPS_019.31;Fishing Freaks - BassRise (Japan);
SLPS_035.40;Asonde AIUEO (Japan);
SLPS_035.41;Asonde Kazu Suuji (Japan);
SLPS_021.31;Click Manga - Dynamic Robot Taisen 1 - Shutsugeki! Kyoui no Robot Gundan!! (Japan);
SLPS_012.45;Nectaris (Japan);
SLPS_012.19;Beavis and Butt-Head - Virtual Aho Shoukougun (Japan);
SLPS_024.70;My Home Dream 2 - Niwatsuki Ikkodate de, Ikou! (Japan);
SLPS_028.30;Kenki Ippatsu! Shovel Master ni Narou! (Japan);
SLPS_024.58;Momotarou Dentetsu V (Japan) (Rev 1);
SLPS_005.21;Suikoden - Tenmei no Chikai (Japan);
SLPM_890.04;Play de Oboeru Chuugaku Eitango Deruderu 1200 (Japan) (Shotenban);
SLPS_005.77;Kouryuu Sangoku Engi (Japan);
SLPM_804.48;Syphon Filter (Japan) (Demo);
"SLPM_865.37
SLPS_914.59";Enen Angel (Japan);
SLPM_871.46;Martialbeat 2 (Japan) (Disc 1) (Disc-B) (Controller Doukon Set);
SLPM_871.47;Martialbeat 2 (Japan) (Disc 2) (Disc-F) (Controller Doukon Set);
SLPS_019.84;Dosukoi Densetsu (Japan);
SLPS_033.61;Inuyasha (Japan) (Shokai Seisanban);
SLPM_867.80;Taiho Shichau zo - You're Under Arrest (Japan) (Disc 1) (Shokai Genteiban);
SLPM_867.81;Taiho Shichau zo - You're Under Arrest (Japan) (Disc 2) (Shokai Genteiban);
"SLPS_031.58
SLPS_034.78";Pachi-Slot Teiou - Maker Suishou Manual Vol. 2 - Ice Story (Japan);
SLPS_007.69;Crow, The - City of Angels (Japan);
SLPS_014.52;Hatsukoi Valentine Special (Japan);
SLPS_021.86;Street Scooters (Japan);
SLPS_014.85;Shin Seiki Evangelion - Eva to Yukai na Nakamatachi (Japan);
SLPS_015.39;Parlor Station (Japan);
SLPS_020.92;Parlor! Pro Jr. Vol. 1 - CR Dera Maitta J-3 (Japan);
SLPS_021.26;Twins Story - Kimi ni Tsutaetakute... (Japan);
SLPS_007.90;Robotron X (Japan);
"SLPM_870.07
SLPS_015.54";G.T.A - Grand Theft Auto (Japan);
"SLPS_021.77
SLPS_914.20";Lake Masters Pro - Nihon Juudan Kuromasu Kikou (Japan);
SLPS_022.19;Super Bass Fishing (Japan);
SCPS_100.63;Jet Moto '98 (Japan);
SLPS_006.93;3D Baseball - The Majors (Japan);
"SLPS_007.41
SLPS_016.82";Monopoly (Japan);
SLPS_001.82;Lode Runner - The Legend Returns (Japan);
SLPS_022.17;Pachi-Slot Teiou 2 - Kagetsu, Two Pair, Beaver X (Japan);
SLPS_022.35;Virtua Pachi-Slot V - Yamasa, Kita Denshi, Olympia (Japan);
"SLPS_018.26
SLPS_028.53";Nihon Pro Mahjong Renmei Kounin - Tehodoki Mahjong Nyuumon-hen (Japan);
SLPS_010.34;Fantastic Four (Japan);
SLPS_014.24;Ah Nanjarin (Japan);
SLPS_000.96;Game no Tetsujin - The Shanghai (Japan);
SLPM_861.56;Beat Mania 3rd Mix Mini (Japan);
SLPS_001.80;Deroon Dero Dero (Japan);
SLPS_008.43;Allied General (Japan) (En,Ja);
SLPS_011.19;Morita Shougi (Japan);
SLPS_000.37;Pachio-kun - Pachinko Land Daibouken (Japan);
SLPS_011.53;Meisha Retsuden - Greatest 70's (Japan);
SLPS_010.29;I'Max Shougi II (Japan);
SLPS_010.69;Ankh - Tutankhamen no Nazo (Japan) (Disc 2);
SLPS_010.68;Ankh - Tutankhamen no Nazo (Japan) (Disc 1);
SLPM_861.72;Tanoshii Mahjong (Japan);
PCPX_960.12;Philosoma Ver. 0 - Movie CD-ROM (Japan);
SLPM_803.33;Ehrgeiz - God Bless the Ring (Japan) (Demo 2);
SLPM_801.62;Aitakute... - Your Smiles in My Heart - Oroshitate no Diary - Introduction Disc (Japan);
SCES_002.38;Demo One (Version 3) (Europe, Australia);
SLPS_014.56;Elf o Karu Monotachi II (Japan) (Disc 1);
SLPS_014.57;Elf o Karu Monotachi II (Japan) (Disc 2);
SLPS_014.58;Elf o Karu Monotachi II (Japan) (Disc 3);
PCPD_995.01;Play-Pre PlayStation Soukan Junbigou (Japan);
SLPM_870.34;Tom and Jerry in House Trap (Japan);
SLPS_023.71;Fever - Sankyo Koushiki Pachinko Simulation (Japan);
SLPS_028.96;Virtua Pachi-Slot 7 - Kita Denshi, Olympia (Japan);
SLPS_014.64;Star Wars - Masters of Teras Kasi (Japan);
SLPS_026.05;Kensetsu Kikai Simulator - Kenki Ippai! (Japan);
SLPS_001.40;Snowman, The (Japan);
SLPS_015.49;Efficus - Kono Omoi o Kimi ni... (Japan);
SLPM_865.23;Zutto Issho - With Me Everytime... (Japan) (Major Wave);
SLPM_864.03;Umapoly (Japan);
SLPS_024.83;Parlor! Pro 8 (Japan);
SLPS_025.19;Parlor! Pro Jr. Vol. 4 - Thunder Skeleton X (Japan);
SLPS_026.90;Parlor! Pro Jr. Vol. 6 - CR Tsumo Tsumo Tengoku Nan 2-kyoku (Japan);
SLPS_027.81;Parlor! Pro Jr. Collection (Japan);
SLPS_005.34;Zoop (Japan);
SLPS_024.93;Hissatsu Pachinko Station Petit 2 - Areddin tte Great! (Japan);
SLPM_860.22;Midnight Run - Road Fighter 2 (Japan) (En,Ja);
SLPS_028.30;Kenki Ippatsu! Shovel Master ni Narou! (Japan) (Rev 1);
SLPS_025.41;Heiwa Parlor! Pro - Lupin Sansei Special (Japan);
SLPS_025.47;Kon'ya mo Dorubako!! 2000 (Japan);
SLPS_035.52;Gotouchi Hello Kitty Sugoroku Monogatari (Japan);
SLPM_802.38;'98 Koushien (Japan) (Demo);
SLPM_806.10;Yutona Eiyuu Senki - TearRingSaga - Prelude (Japan) (Demo);
SLPM_800.66;RayStorm (Japan) (Demo);
SLPS_010.43;Parlor! Pro 2 (Japan);
SLPS_010.43;Parlor! Pro 2 (Japan) (Rev 1);
SLPS_019.71;Parlor! Pro 7 (Japan);
SLPS_027.46;Kita Denshi - Virtua Pachi-Slot 2 (Japan);
SLPS_011.05;Buckle Up! (Japan);
SLPS_010.48;Cyber Egg - Battle Champion (Japan);
SLPS_023.37;Magical Drop F - Daibouken mo Rakujanai! (Japan);
SLPM_803.61;Battle Bonby (Japan);
SLPM_801.21;Rockman X4, Rockman 8 - Metal Heroes, Rockman - Battle & Chase (Japan) (Demo);
SLPS_026.58;Warera Mitsurin Tankentai!! (Japan);
SLPS_010.17;Tigershark (Japan);
SLPS_011.11;Micro Machines (Japan);
SLPM_865.98;SuperLite 1500 Series - Burn Out (Japan);
SLPS_010.79;Side Pocket 3 (Japan);
SLPS_012.46;Druid - Yami e no Tsuisekisha (Japan);
SLPM_861.46;Pop'n Tanks! (Japan);
SLPM_871.45;Arcade Hits - Suiko Enbu - Outlaws of the Lost Dynasty (Japan);
SLPM_804.40;Meremanoid (Japan) (Demo);
SLPS_004.97;Building Crush! (Japan);
SLPS_007.47;Voice Fantasia - Ushinawareta Voice Power (Japan);
SLPS_026.83;Hissatsu Pachi-Slot Station 3 - Tetra Reel e no Chousen (Japan);
SLPS_015.78;Albaria no Otome - Uruwashi no Seikishitachi (Japan);
SLPS_015.76;Blaze & Blade Busters (Japan);
SLPS_033.30;Tokyo Majin Gakuen - Gehouchou (Japan) (Disc 1) (You) (Genteiban);
SLPS_033.31;Tokyo Majin Gakuen - Gehouchou (Japan) (Disc 2) (In) (Genteiban);
SLPS_033.32;Tokyo Majin Gakuen - Gehouchou (Japan) (Disc 3) (Ja) (Genteiban);
SLPM_803.24;Gungho Brigade (Japan) (Demo);
SLPM_802.89;ASCII Zanmai (Japan);
SLPM_803.05;Taiken Bandai! Vol. 1 (Japan);
PCPX_961.12;Tomoyasu Hotei - Stolen Song (Japan) (Taikenban 2);
SLPM_806.34;Yakitori Musume - Sugoude Hanjouki (Japan) (Demo);
SLPS_004.95;Gunship (Japan);
SLPS_009.57;St. Andrews Old Course - Eikou no St. Andrews (Japan);
SLPS_001.91;Double Dragon (Japan);
SLPS_014.80;U.P.P. (Japan);
SLPM_865.75;Nihon Sumou Kyoukai Kounin - Nihon Oozumou (Japan);
"SLPS_029.34
SLPS_914.28";Zen Nihon Pro Wres - Ouja no Tamashii (Japan) (Spike Library);
PCPX_960.41;AirAssault - The Red Mercury Missions (Japan) (Demo);
SLPM_804.51;Culdcept - Cepter's Guild Vol. 1 (Japan);
SLPM_804.77;Culdcept - Cepter's Guild Vol. 2 (Japan);
SLPM_801.47;Calcolo! Ochimono Shooting (Japan) (Demo);
SLPM_800.39;Jikuu Tantei DD - Maboroshi no Lorelei (Japan) (Demo);
SLPS_006.15;Gritz - The Pyramid Adventure (Japan);
SLPM_802.22;Command & Conquer Complete (Japan) (Demo);
SLPS_012.15;Dengeki Construction - Ochigee Yarou ze! (Japan);
SLPS_025.44;Play de Oboeru Eitango Deruderu 1700 - Center Shiken Level Taiou (Japan) (Rerelease);
SLPS_031.75;Salaryman Settai Mahjong (Japan);
"SLPS_022.93
SLPS_031.39";Raamen-bashi (Japan);
SLPS_031.23;Mahjong Uranai Fortuna - Tsuki no Megamitachi (Japan);
PCPX_961.35;PlayStation Comic - 2999-nen no Game Kids (Japan) (Demo 2);
SLPS_022.61;Tanaka Torahiko no Ultra-ryuu Shougi - Ibisha Anaguma-hen (Japan);
SLPM_800.56;Star Gladiator - Episode I - Final Crusade (Japan) (Demo);
SLPM_800.42;Twilight Syndrome (Japan) (Demo);
PCPX_960.17;Play-Pre Vol. 1 (Japan);
PCPX_960.54;Play-Pre Vol. 5 (Japan) (Disc 1);
PCPX_960.28;Play-Pre Vol. 3 (Japan);
PCPX_960.23;Play-Pre Vol. 2 (Japan);
PCPX_960.63;Play-Pre Vol. 6 (Japan) (Disc 1);
PCPX_960.55;Play-Pre Vol. 5 (Japan) (Disc 2) (CM Collection);
PCPX_960.64;Play-Pre Vol. 6 (Japan) (Disc 2) (CM Collection II);
PCPX_960.68;Koukaku Kidoutai - Ghost in the Shell (Japan) (Demo 1);
PCPX_960.84;Play-Pre Vol. 8 (Japan);
PCPX_961.03;Play-Pre Vol. 10 (Japan) (Disc 1);
PCPX_961.04;Play-Pre Vol. 10 (Japan) (Disc 2) (CM Collection III);
PCPX_961.08;Play-Pre Vol. 11 (Japan);
PCPX_961.14;Play-Pre Vol. 12 (Japan);
SLPM_800.62;Clock Tower 2 (Japan) (Demo 1);
SLPM_801.01;Bounty Sword First (Japan) (Demo);
SLPS_020.95;Abe '99 (Japan) (Disc 1);
SLPS_020.96;Abe '99 (Japan) (Disc 2);
SCPS_100.58;Souten no Shiroki Kami no Kura - Great Peak (Japan);
PCPX_961.18;Play-Pre Vol. 13 (Japan) (Disc 1);
PCPX_961.19;Play-Pre Vol. 13 (Japan) (Disc 2) (Yarudora Trial Version);
PCPX_961.26;Play-Pre Vol. 14 (Japan) (Disc 1);
"PAPX_900.40
PCPX_961.27";Play-Pre Vol. 14 (Japan) (Disc 2) (Legaia Densetsu Trial Version);
PCPX_961.33;Play-Pre Vol. 15 (Japan) (Disc 1);
PCPX_961.34;Play-Pre Vol. 15 (Japan) (Disc 2);
PCPX_961.42;Play-Pre Vol. 16 (Japan) (Disc 1);
PCPX_961.43;Play-Pre Vol. 16 (Japan) (Disc 2) (CM Collection IV);
PCPX_961.48;Play-Pre Vol. 17 (Japan) (Disc 1);
PCPX_961.57;Play-Pre Vol. 18 (Japan) (Disc 2) (What's Next);
PCPX_961.56;Play-Pre Vol. 18 (Japan) (Disc 1);
PCPX_961.67;Play-Pre Vol. 19 (Japan) (Disc 1);
PCPX_961.68;Play-Pre Vol. 19 (Japan) (Disc 2) (What's Next 1999 Aug);
SLPS_030.23;Riichi Mahjong - Ohitorisama demo Utemasu! (Japan);
SLPM_868.20;Salaryman Champ - Tatakau Salaryman (Japan);
SLPS_034.90;Maze Heroes - Meikyuu Densetsu (Japan);
SLPS_022.23;Kindaichi Shounen no Jikenbo 3 - Seiryuu Densetsu Satsujin Jiken (Japan) (Disc 1);
SLPS_022.24;Kindaichi Shounen no Jikenbo 3 - Seiryuu Densetsu Satsujin Jiken (Japan) (Disc 2);
SLPS_010.67;Dragonbeat - Legend of Pinball (Japan);
SLPS_026.26;TRL - The Rail Loaders (Japan);
SLPM_801.39;Mobile Suit Z-Gundam (Japan) (Demo);
SLPS_022.79;Murakoshi Seikai no Bakuchou Nihon Rettou (Japan) (TsuriCon Taiouban);
SLPS_034.91;Minnya de Ghost Hunter (Japan);
SLPS_033.56;Doko Demo Hamster - Bi! Click Tankentai (Japan);
"SLPM_867.17
SLPS_023.92";Super Blackbass X2 (Japan);
SLPS_006.63;Black Dawn (Japan);
SLPM_864.19;Space Invaders X (Japan);
SLPS_004.86;Shellshock - Jus' Keepin' da Peace (Japan);
SLPS_020.40;Moto Racer 2 (Japan);
SLPS_003.22;Lone Soldier (Japan);
SLPM_868.45;Wacky Races (Japan);
SLPS_009.30;GunBullet (Japan);
SLPS_033.83;Nice Price Series Vol. 05 - Chess & Reversi (Japan);
SLPM_867.30;Woody Woodpecker no Go! Go! Racing (Japan);
SCPS_100.94;Book of Watermarks, The (Japan) (Disc 1);
SCPS_100.95;Book of Watermarks, The (Japan) (Disc 2);
SLES_033.37;Tiger Woods USA Tour 2001 (Australia);
SCPS_100.02;Victory Zone (Japan);
SLPM_866.67;Dance Dance Revolution - Disney's Rave (Japan);
SLES_037.32;Nickelodeon Rocket Power - Sauvetage Extreme (France);
SLES_037.33;Scooby-Doo et la Cybertraque (France);
SLPS_028.07;Urawaza Mahjong - Korette Tenwatte Yatsukai (Japan);
SLPS_008.00;Street Fighter Collection (Japan) (Disc 1);
SLPS_008.01;Street Fighter Collection (Japan) (Disc 2);
SLES_032.90;Alexandra Ledermann 2 - Equitation Competition (France);
SLES_011.99;Men in Black - The Game (France);
SCES_020.10;Kurushi Final (France);
SLES_009.80;M6 Turbo Racing (France);
SLES_037.31;Power Rangers - La Force du Temps (France);
SLES_025.83;Crusaders of Might and Magic (France);
SLES_037.98;Bob le Bricoleur - Reparer C'est Gagne ! (France);
SLES_020.90;Chine - Intrigue dans la Cite Interdite (France);
SLES_037.44;Hugo - Frog Fighter (France);
SLPS_007.17;Tilk - Aoi Umi kara Kita Shoujo (Japan);
SLES_013.44;Command & Conquer - Alerte Rouge - Mission Tesla (France) (Disc 1) (Allies);
SLES_113.44;Command & Conquer - Alerte Rouge - Mission Tesla (France) (Disc 2) (Sovietiques);
SLPS_026.73;Doki Doki Pretty League - Lovely Star (Japan);
SLES_022.26;NHL 2000 (Europe) (Fr,Cs);
SLES_010.86;Forsaken (France);
SLES_023.59;NBA Live 2000 (France);
SLES_032.80;UEFA Champions League - Season 2000-2001 (France);
SLPS_027.17;Keitai Eddy (Japan);
SLPS_022.46;Gate Keepers (Japan) (Disc 1);
SLPS_022.47;Gate Keepers (Japan) (Disc 2);
SLPS_006.10;Street Racer Extra (Japan);
"SLPS_010.78
SLPS_910.91";Mini Yonku Bakusou Kyoudai Let's & Go!! WGP Hyper Heat (Japan);
SLPS_014.17;Hyper Securities 2 (Japan);
SLPS_026.34;Rhythm 'n' Face (Japan);
SLPS_027.41;Honkaku Yonin Uchi Pro Mahjong - Mahjong-ou (Japan);
SLPM_862.13;GI Jockey (Japan) (Shokai Genteiban);
SLPM_801.79;Tales of Destiny (Japan) (Preview Edition by Namco) (Famitsuu Version);
SLPS_029.39;Tatsunoko Fight (Japan);
SLUS_004.23;Street Fighter Collection (USA) (Disc 1) (Rev 1);
SLUS_005.84;Street Fighter Collection (USA) (Disc 2) (Rev 1);
SLPS_011.63;Moto Racer (Japan);
SLPM_863.10;Croc Adventure (Japan);
SLPS_013.22;Gunbare! Game Tengoku - The Game Paradise 2 (Japan);
SLPS_019.80;Yuusha-ou GaoGaiGar - Blockaded Numbers (Japan);
SLPS_003.31;Chessmaster, The (Japan);
SLPS_026.50;Sno Pokeler (Japan);
SLPS_015.73;Doki Doki Poyatchio!! (Japan);
SLPM_800.65;Sanmi Ittai (Japan);
SLPS_009.94;U.S. Navy Fighters (Japan);
SLPM_866.26;Sydney 2000 (Japan);
PAPX_900.07;Rap-la-MuuMuu from Jumping Flash! 2 (Japan);
SLPS_014.31;Another Memories (Japan);
SLPS_016.23;Umi no Oh! Yah! (Japan);
SLPS_014.83;ZigZagBall (Japan);
SLPS_008.03;Firo & Klawd (Japan);
SLPS_026.44;Money Idol Exchanger (Japan) (Rev 1);
SLPS_021.14;Pachi-Slot Teiou Mini - Dr. A7 (Japan);
SLPS_009.85;Free Talk Studio - Mari no Kimamana Oshaberi (Japan);
SLPS_002.43;Road Rash (Japan);
SLPS_005.43;Primal Rage (Japan);
SLPS_007.63;Marvel Super Heroes (Japan);
SLPS_009.72;Hexen - Beyond Heretic (Japan);
SLPS_006.98;Batman Forever - The Arcade Game (Japan);
SLPM_870.53;Capcom vs. SNK - Millennium Fight 2000 Pro (Japan);
SLPS_009.63;Money Idol Exchanger (Japan);
SLPS_001.68;Chaos Control (Japan);
SLPM_861.93;NHL Blades of Steel 2000 (Japan);
SLPS_007.19;Great Battle VI, The (Japan);
SLPM_863.32;Re-Volt (Japan);
"SLPS_012.06
SLPS_025.35";Naniwa Wangan Battle - Tarzan Yamada & AutoSelect Sawa Kyoudai (Japan);
SLPS_008.84;NASCAR Racing - Season 96 (Japan);
SLPS_012.95;NASCAR 98 (Japan);
SLPS_006.83;Azito (Japan);
SLPS_028.31;Kenki Ippatsu! Crane Master ni Narou! (Japan);
SLPS_019.95;70's Robot Anime - Geppy-X - The Super Boosted Armor (Japan) (Disc 1);
SLPS_019.96;70's Robot Anime - Geppy-X - The Super Boosted Armor (Japan) (Disc 2);
SLPS_019.97;70's Robot Anime - Geppy-X - The Super Boosted Armor (Japan) (Disc 3);
SLPS_019.98;70's Robot Anime - Geppy-X - The Super Boosted Armor (Japan) (Disc 4);
SLPM_871.78;Tokyo Mew Mew - Toujou Shin Mew Mew! Minna Issho ni Gohoushi Suru Nyan (Japan);
SLPS_000.90;Eisei Meijin (Japan) (Rev 1);
SLPS_017.97;DigimonWorld (Japan) (Rev 1);
SLPS_019.28;Yuukyuu no Eden - The Eternal Eden (Japan);
SLPS_001.28;Makeruna! Makendou 2 (Japan);
SLPS_012.42;Motteke Tamago with Ganbare! Kamonohashi (Japan);
SLPS_000.31;Kyuutenkai (Japan);
SLPS_005.71;HardBall 5 (Japan);
SLPM_868.55;DonPachi (Japan) (Cyclone's Best);
SLPM_868.97;Dance Dance Revolution 5th Mix (Japan);
SLPS_010.61;Herc's Adventures - Hercules no Daibouken (Japan);
SLPS_008.17;Community Pom (Japan);
SLPS_021.59;Meisha Retsuden - Greatest 70's (Japan) (Rev 1);
SLPS_026.49;Meka Pokeler (Japan);
SLPS_020.13;Osaka Naniwa Matenrou (Japan);
SLPS_006.28;Doraemon 2 - SOS! Otogi no Kuni (Japan);
SLPM_871.57;Lady Maid (Japan);
SLPM_871.98;Rikujou Boueitai Mao-chan (Japan) (DX Pack);
SLPS_032.92;Memories Off 2nd (Japan) (Disc 1);
SLPS_032.93;Memories Off 2nd (Japan) (Disc 2);
SLPS_009.80;Nobunaga no Yabou - Tenshouki with Power-Up Kit (Japan);
SLPM_872.54;Famires, The - Shijou Saikyou no Menu (Japan) (Major Wave);
SLPS_024.88;Morita Kazurou no Chess (Japan);
SLPS_025.09;Gyuwambler Jiko Chuushinha - Ippatsu Shoubu! (Japan);
SLPS_004.34;Honkaku 4-nin Uchi - Geinoujin Taikyoku Mahjong - The Wareme de Pon (Japan);
SLPM_868.24;Tokoro-san no Daifugou (Japan);
SLPM_863.42;Jissen Pachi-Slot Hisshouhou! Single - Kamen Rider & Gallop (Japan) (Disc 1) (Kamen Rider);
SLPM_863.43;Jissen Pachi-Slot Hisshouhou! Single - Kamen Rider & Gallop (Japan) (Disc 2) (Gallop);
SLPS_025.75;Pachitte Chonmage 2 - Kyoraku Kounin Tanukichi 2000 & Jungle P (Japan);
SLPS_034.22;Pachitte Chonmage 3 - Kyoraku Kounin Gladiator & Tama-chan (Japan);
SLPM_803.50;XI [sai] Super Play Collection - XI wa Futatabi Nagerareta - Special CD-ROM (Japan);
SLPS_010.25;Dare Devil Derby 3D (Japan);
SLPM_866.62;Hamunaptra - Ushinawareta Sabaku no Miyako (Japan);
SLPS_002.31;Asuka 120% Special - Burning Fest. Special (Japan) (Rev 1);
SLPS_013.99;Frogger (Japan);
SLPS_001.49;Puppet Zoo Pilomy (Japan) (En,Ja);
SLPS_015.75;Geometry Duel (Japan);
SLPS_025.74;Heiwa Parlor! Pro - Western Special (Japan);
SLPS_033.73;Heiwa Parlor! Pro - BunDori King SP (Japan);
SLPS_019.02;Gungho Brigade (Japan);
SLPS_027.97;Dioramos (Japan);
SLPS_020.74;Asuka 120% Final - Burning Fest. Final (Japan);
SLPS_019.42;Doki Doki On Air 2 (Japan);
SLPS_032.79;Minna no Shiiku Kyoushitsu - Kuwagata-hen (Japan);
SLPS_007.94;Jissen Pachi-Slot Hisshouhou! 5 (Japan);
SLPS_017.18;Tettei Kaiseki - Hisshou Pachi-Slot Doujou - Yamasa & Pioneer (Japan);
SLPS_021.75;Nishijin Pachinko Tengoku EX (Japan);
SLPS_031.10;Pachi-Slot Kanzen Kouryaku - Takasago Super Project (Japan);
SLPS_031.79;Slot! Pro 2 - Bakuretsu Oozumou Aka & Murasaki (Japan);
SLPS_032.42;Toyomaru Club Vol. 1 - CR Nanasy (Japan);
SLPS_032.54;Pachinko Teiou - CR Sore Ute Hama-chan 2 & CR Sore Yuke Matchan S (Japan);
SLPS_014.01;Yume Iroiro (Japan);
"SLPS_021.41
SLPS_029.19";Aquanaut no Kyuujitsu 2 (Japan);
"SLPS_022.72
SLPS_029.42";Ide Yousuke no Mahjong Kyoushitsu (Japan);
SLPS_003.74;Silhouette Stories (Japan);
SLPS_023.19;Shin Masou Kishin - Panzer Warfare (Japan);
SLPS_024.91;Monster Punish (Japan);
SLPS_017.57;Ninteiou - Zen Nihon Tsume Shougi Renmei Kaichou Okada Toshi no Tsume Shougi Kyoushitsu (Japan);
SLPM_860.16;Paro Wars (Japan);
SLPM_869.22;SuperLite 1500 Series - Castrol Honda VTR (Japan);
PCPX_961.49;Play-Pre Vol. 17 (Japan) (Disc 2) (Omega Boost Trial Version);
SLPS_004.32;Kuru Kuru Twinkle - Onegai Ohoshi-sama (Japan);
SLPS_030.00;Ms. Pac-Man Maze Madness (Japan);
SLPS_011.68;Touki Denshou - Angel Eyes (Japan);
SLPS_035.26;Doubutsu Chara Navi Uranai 2 - Kosei Shinrigaku + Ren'ai Uranai Puzzle (Japan);
"SLPS_016.01
SLPS_022.58";Rally de Africa (Japan);
SLPS_026.79;Rally de Europe (Japan);
SLPS_034.64;Pro Mahjong Tsuwamono 3 (Japan);
SLPS_032.18;Pro Mahjong Tsuwamono Series - Joryuu Janshi ni Chousen - Watashitachi ni Chousen Shite ne! (Japan);
"SLPS_020.52
SLPS_032.98";Game no Tatsujin (Japan) (Rev 1);
SLPM_862.64;Planet Laika (Japan);
SLPS_027.05;Maboroshi Tsukiyo - Tsukiyono Kitan (Japan) (Disc 1);
SLPS_027.06;Maboroshi Tsukiyo - Tsukiyono Kitan (Japan) (Disc 2);
"SCPS_453.54
SLPS_017.98";R4 - Ridge Racer Type 4 (Japan, Asia) (R4 + JogCon);
"SCPS_453.55
SLPS_017.99";Ridge Racer - High Spec Ver. & Namco Catalogue '98 (Japan, Asia) (R4 + JogCon);
SLPS_018.20;Palm Town (Japan);
SLPS_021.46;Dirt Champ Motocross No. 1 (Japan);
PAPX_900.35;Yarudora Series Vol. 1 - Double Cast (Japan) (Demo 2);
PAPX_900.36;Yarudora Series Vol. 2 - Kisetsu o Dakishimete (Japan) (Demo);
"SLPS_026.17
SLPS_032.69";Blaster Master (Japan);
SLPS_020.56;Geki-Oh - Shienryuu (Japan);
SLPS_013.18;Advanced V.G. 2 (Japan);
SLPS_018.03;Silent Moebius - Gen'ei no Datenshi (Japan);
SLPS_018.04;Patlabor - The Game - Taikenban Ver. 1.0 (Japan);
SLPM_801.41;Ancient Roman Extra (Japan) (Demo);
"SLPM_800.46
SLPM_800.53";Aubirdforce (Japan) (Demo);
SLPM_800.70;Real Bout Garou Densetsu (Japan) (Demo);
SLPM_800.96;Monster Farm (Japan) (Demo);
SLPS_003.67;Hanafuda Graffiti - Koi Koi Monogatari (Japan);
SLPS_011.59;AI Shougi 2 (Japan);
SLPS_017.91;Ecsaform (Japan) (Disc 1);
SLPS_017.92;Ecsaform (Japan) (Disc 2);
SLPS_006.44;GeGeGe no Kitarou (Japan);
SLPM_868.88;Momotarou Matsuri - Ishikawa Rokuemon no Maki (Japan);
SLPM_863.33;Jissen Pachi-Slot Hisshouhou! Single - Epsilon R (Japan);
SLPS_002.90;Idol Janshi Suchie-Pai II Limited (Japan) (Disc 1);
SLPS_002.91;Idol Janshi Suchie-Pai II Limited (Japan) (Disc 2) (Bonus Disc Part 1);
SLPS_002.92;Idol Janshi Suchie-Pai II Limited (Japan) (Disc 3) (Bonus Disc Part 2);
SLPS_018.09;Suizokukan Project - Fish Hunter e no Michi (Japan);
SLPS_021.98;Mezase! Skymark - Challenge Airline Pilot (Japan);
SLPS_018.18;Langrisser IV & V - Final Edition (Japan) (Disc 1) (Langrisser IV Disc);
SLPS_018.19;Langrisser IV & V - Final Edition (Japan) (Disc 2) (Langrisser V Disc);
SIPS_600.23;Formula 1 97 (Japan) (En,Ja,Fr,De,Es,It);
SLPS_027.82;Pachi Slot Teiou W - Arabesque R, Hot Rod Queen (Japan);
SLPS_034.82;Saikyou Ginsei Chess (Japan);
"SCPS_453.38
SLPS_016.36";Pop'n Pop (Japan, Asia);
SLPS_022.76;Digital Glider Airman (Japan);
SLPS_017.38;Marby Baby Story (Japan);
SLPS_014.10;TOCA Touring Car Championship (Japan);
SLPS_027.88;Chinmoku no Kantai - The Silent Service (Japan);
SLPS_001.20;Creature Shock (Japan) (Disc 1);
SLPS_001.21;Creature Shock (Japan) (Disc 2);
SLPS_003.00;Tekken 2 (Japan);
SLPM_800.15;Carnage Heart Extra (Japan);
SLPM_801.10;Virtual Hiryuu no Ken (Japan) (Demo);
SLPM_803.00;Parasite Eve - Special CD-ROM (Japan);
SLPM_805.86;Tales of Eternia (Japan) (Demo);
SLPS_023.50;Tomba! The Wild Adventures (Japan);
SLPS_005.14;BrainDead 13 (Japan) (Disc 1);
SLPS_005.15;BrainDead 13 (Japan) (Disc 2);
SLPS_016.92;Kyoro-chan no Prikura Daisakusen (Japan);
"SLPS_019.86
SLPS_029.20";0 kara no Shougi - Shougi Youchien Ayumi-gumi (Japan);
SLPM_864.65;Harukanaru Toki no Naka de (Japan) (Premium Box);
SLPM_865.13;Suzuki Bakuhatsu (Japan);
SLPM_801.57;Dengeki PlayStation D4 (Japan);
SLPS_018.89;Devicereign (Japan);
SLPM_802.57;Dengeki PlayStation D8 (Japan);
SLPM_802.66;Dengeki PlayStation D9 (Japan);
SLPS_008.96;Langrisser I & II (Japan) (Shokai Gentei Special Package);
SLPM_800.69;Alnam no Tsubasa - Shoujin no Sora no Kanata e (Japan) (Demo);
SLPS_011.08;Ancient Roman - Power of Dark Side (Japan) (Disc 1);
SLPS_011.09;Ancient Roman - Power of Dark Side (Japan) (Disc 2);
SLPM_803.27;Dengeki PlayStation D11 (Japan);
PAPX_900.60;Dengeki PlayStation D11 - Yarudora Series Vol. 3 - Sampaguita (Japan) (Taikenban);
SLPS_002.08;Advanced V.G. (Japan);
SLPM_803.43;Dengeki PlayStation D12 (Japan);
SLPM_803.62;Dengeki PlayStation D13 (Japan);
"PCPX_961.38
PCPX_961.40";Circadia (Japan) (Demo 1);
SLES_018.13;Hugo 2 (Portugal);
SLPM_803.88;Dengeki PlayStation D15 (Japan);
SLPM_804.25;Dengeki PlayStation D19 (Japan);
SLPS_015.32;Hana to Ryuu (Japan);
SLPS_023.87;Prisoner (Japan);
SLPS_016.19;Shichisei Toushin Guyferd - Crown Kaimetsu Sakusen (Japan);
SLPS_016.02;TsunTsun-gumi - Suuji de PuniPuni (Japan);
SLPS_034.66;Tenshi na Konamaiki (Japan);
SLPS_001.11;Night Head - The Labyrinth (Japan);
SLPS_026.89;Heiwa Parlor! Pro - Dolphin Ring Special (Japan);
SIPS_600.22;Rally Cross (Japan);
"SLPS_030.29
SLPS_034.75";Pachi-Slot Teiou - Beat the Dragon 2 (Japan);
SLPS_029.91;Pachi-Slot Teiou 7 - Maker Suishou Manual Vol. 1 - Beat the Dragon 2, Lupin Sansei, Hot Rod Queen (Japan);
SLPS_032.17;Pachi-Slot Teiou - Maker Suishou Manual Vol. 4 - Exhaust, Ooedo Sakura Fubuki 2 (Japan);
SLPS_029.05;Pachi-Slot Teiou - Yamasa Remix (Japan);
SLPS_028.88;Pachi-Slot Teiou 4 - Oicho Kaba X, Magical Pops, LequiO-30 (Japan) (Best of the Best);
SLPS_026.57;Pachi-Slot Teiou 6 - Kung-Fu Lady, BangBang, Prelude 2 (Japan);
SLPM_865.27;Shichida-shiki Unou de Asobenture Vol. 1 - Kotoba ABC - 0-2-sai Muke (Japan);
SLPM_865.28;Shichida-shiki Unou de Asobenture Vol. 2 - Katachi 123 - 0-2-sai Muke (Japan);
SLPM_865.30;Shichida-shiki Unou de Asobenture Vol. 4 - Katachi 123 - 2-4-sai Muke (Japan);
SLPM_869.96;Daikoukai Jidai IV - Porto Estado (Japan) (Koei the Best);
SLPM_863.00;Nobunaga no Yabou - Reppuuden (Japan);
SLPM_863.76;Nobunaga no Yabou - Shouseiroku (Japan) (Rev 1);
"SLPM_866.08
SLPM_872.75";Taikou Risshiden III (Japan) (Rev 1);
SLPM_866.42;Fushigi Deka (Japan);
SLPS_006.82;Triple Play 97 (Japan);
SLPS_005.41;Bakuretsu Hunter - Mahjong Special (Japan);
SLPM_865.15;Combi Mahjong Awase uchi with Maboroshi Tsukiyo Characters (Japan);
SLPM_870.62;Hana to Ryuu - Hanafuda, Mahjong (Japan) (Major Wave);
SLPM_870.83;Hanafuda Graffiti - Koi Koi Monogatari (Japan) (Major Wave);
SLPS_007.14;Olympia, Yamasa - Virtua Pachi-Slot II - Jissen! Bishoujo Kouryakuhou (Japan);
SLPM_869.27;Action Bass (Japan);
SLPS_026.33;Sanyo Pachinko Paradise 3 - Wan Wan Daikoushin (Japan);
SLPM_869.55;SuperLite 3in1 Series - Oekaki Puzzle-shuu (Japan);
SLPS_016.94;TsunTsun-gumi 2 - MojiMoji Pakkun (Japan);
SLPM_865.48;Winning Lure (Japan);
SLPS_001.24;Sento Monogatari - Sono I (Japan);
SLPS_005.28;Go II Professional - Taikyoku Igo (Japan);
SLPS_018.48;Pachi Slot Teiou - Big Wave, Pika Gorou, BB Junky 7 (Japan);
SLPS_027.54;Favorite Dear - Junpaku no Yogensha (Japan);
SLPS_032.66;Hamster Club-i (Japan);
"SCPS_100.99
SCPS_912.07";Ore no Ryouri (Japan);
SLPS_026.38;St. Luminous Jogakuin (Japan);
SLPS_009.43;Pachi-Slot Kanzen Kouryaku - Universal Koushiki Guide Volume 2 (Japan);
SLPS_002.02;Taiketsu Rumiizu! Meruhen Land (Japan);
"SLPS_002.14
SLPS_026.28";Kyuiin (Japan);
SLPS_007.23;FEDA 2 - White Surge the Platoon (Japan);
SLPS_032.48;Kids Station - Digimon Park (Japan) (Controller Set);
"SLPS_010.76
SLPS_022.08";Transformers - Beast Wars (Japan);
SLPS_025.82;Crazy Climber 2000 (Japan);
SLPS_023.83;Fish Eyes II (Japan);
SLES_038.39;Hugo - The Evil Mirror (Europe) (Es,It,Pt);
SLES_007.88;Magic - The Gathering - BattleMage (Germany);
SLPS_029.82;Zoids - Teikoku vs. Kyouwakoku - Meka Seitai no Idenshi (Japan);
SLPS_031.05;Heiwa Parlor! Pro - Fujiko ni O-Ma-Ka-Se Special (Japan);
"SLPM_861.52
SLPS_003.19";Nobunaga no Yabou - Tenshouki (Japan);
SLPS_001.67;Race Drivin' a Go! Go! (Japan) (Rev 1);
SLPM_804.18;Dengeki PlayStation D17 (Japan);
SLPM_804.38;Dengeki PlayStation D20 (Japan);
SLPS_002.57;X-COM - Michinaru Shinryakusha (Japan);
SLPS_007.35;Soviet Strike (Japan);
PCPX_961.59;Dengeki PlayStation D21 SCE Special (Japan);
SLPS_004.82;Pinball Fantasies Deluxe (Japan);
SLPM_804.12;Dengeki PlayStation D18 (Japan);
SLPM_804.71;Dengeki PlayStation D22 (Japan);
SLPM_804.81;Dengeki PlayStation D23 (Japan);
SLPS_025.07;Next Tetris DLX, The (Japan);
SLPS_000.78;Gakkou no Kowai Uwasa - Hanako-san ga Kita!! (Japan);
SLPM_867.77;Lunar Wing - Toki o Koeta Seisen (Japan);
SLPS_013.84;Kaette Kita Pachio-kun - Dream Collection (Japan);
SLPS_030.99;Play de Oboeru Series 6 - Play de Oboeru Kanji Kentei Deruderu 1100 (Japan);
SCPM_850.02;Philosoma Art Book Movie CD-ROM (Japan);
SLPM_805.38;Derby Stallion Magazine 2000 Vol. 1 (Japan);
SLPM_805.59;Derby Stallion Magazine 2000 Vol. 2 (Japan);
SLES_026.92;Crusaders of Might and Magic (Italy);
SLES_041.53_T;Bust-A-Move 2 - Arcade Edition (Italy) (2 Games);
SLES_141.53_T;Bust-A-Move 3 DX (Italy) (2 Games);
SLPS_019.18;Magical Drop Plus 1! (Japan);
SLPS_023.31;Robot x Robot (Japan);
SLPM_870.55;UnGro Walker (Japan);
SCES_026.86;Tombi! 2 (Italy);
SLES_024.07;Disney-Pixar Toy Story 2 - Woody e Buzz alla riscossa! (Italy);
SLES_032.71;Disney Il Re Leone - La Grande Avventura di Simba (Italy);
SLES_014.08;Colony Wars - Vengeance (Spain);
SLES_031.59;Louvre - A Maldicao (Portugal) (Disc 1);
SLES_131.59;Louvre - A Maldicao (Portugal) (Disc 2);
PCPX_960.27;DemoDemo PlayStation Vol. 18 (Japan);
SCES_035.43;Disney Atlantida - O Continente Perdido (Portugal);
SLPM_804.96;Dengeki PlayStation D24 (Japan);
SLPM_862.62;Arkanoid R 2000 (Japan);
SLES_027.62;Dracula - A Ressurreicao (Portugal) (Disc 1);
SLES_127.62;Dracula - A Ressurreicao (Portugal) (Disc 2);
SLPM_804.97;Dengeki PlayStation D25 (Japan);
SLPS_031.90;Sanyo Pachinko Paradise 5 - Uki Uki Tairyoubata (Japan);
SLPS_021.82;Tokyo Wakusei Planetokio (Japan) (Disc 1);
SLPS_021.83;Tokyo Wakusei Planetokio (Japan) (Disc 2);
SLPS_021.84;Tokyo Wakusei Planetokio (Japan) (Disc 3);
"SLPM_871.66
SLPM_871.67";Kids Station - Plarail - Tetsudou Monoshiri Hyakka (Japan);
SLPS_035.28;Toko Toko Trouble - Chikyuu Itadaki! (Japan);
SLPM_805.05;Dengeki PlayStation D26 (Japan);
SLPS_023.05;Hikari no Shima - Seven Lithographs in Shining Island (Japan);
SLPS_024.17;Neorude - Kizamareta Monshou (Japan);
SLPS_011.96;Star Bowling DX, The (Japan) (Disc 1);
SLPS_011.97;Star Bowling DX, The (Japan) (Disc 2);
SLPS_011.98;Star Bowling DX, The (Japan) (Disc 3);
SLPS_011.99;Star Bowling DX, The (Japan) (Disc 4);
SLPM_801.75;Abe a GoGo (Japan) (Demo);
SLPM_804.89;Koudelka (Japan) (Demo 1);
PAPX_900.91;Legend of Dragoon, The (Japan) (Demo 1);
SLPM_805.26;Dengeki PlayStation D28 (Japan);
SLPM_803.19;Marl Oukoku no Ningyou-hime - The Adventure of Puppet Princess (Japan) (Demo);
"PAPX_900.96
SLPM_804.76";Tomba! The Wild Adventures (Japan) (Demo);
SLPM_806.09;X-Men - Mutant Academy & Spider-Man (Japan) (Demo);
"SLPS_001.36
SLPS_011.74";Othello World II - Yume to Michi e no Chousen (Japan);
SLPM_868.57;Youkai Hana Asobi (Japan);
SLPM_805.45;Dengeki PlayStation D29 (Japan);
SLPM_805.47;Dengeki PlayStation D30 (Japan);
SLPM_805.55;Dengeki PlayStation D31 (Japan);
SLPS_006.14;Nishijin Pachinko Tengoku Vol. 1 (Japan);
SLPS_011.34;Jang Jang Koi Shimashow - Lovely Pop 2 in 1 (Japan);
SLPM_805.57;Dengeki PlayStation D32 (Japan);
SLPS_013.90;Star Monja (Japan);
SLPM_805.62;Dengeki PlayStation D33 (Japan);
SLPS_033.53;Hyakujuu Sentai GaoRanger (Japan);
SLPS_019.87;Pro Mahjong Tsuwamono 2 (Japan);
SLPM_805.69;Dengeki PlayStation D34 (Japan);
SLPS_008.02;Jigoku Sensei Nube (Japan);
SLPS_022.83;Hissatsu Pachinko Station Petit - Nanasy tte Nani (Japan);
SLPS_032.68;Nishijin Pachinko Tettei Kouryaku - CR Hanaman Sokuhou & CR Obake Land (Japan);
SLPM_805.74;Dengeki PlayStation D35 (Japan);
SLPS_016.43;Ridegear Guybrave II (Japan) (Disc 1);
SLPS_016.44;Ridegear Guybrave II (Japan) (Disc 2);
SLPS_029.88;Sanyo Pachinko Paradise 4 - Sushiya da Gen-san!! (Japan);
SLPS_028.80;Logic Mahjong Souryuu - Yonin Uchi, Sannin Uchi (Japan);
SLPM_805.78;Dengeki PlayStation D36 (Japan);
SCUS_943.96;SuperCross Circuit (USA) (Demo);
SCUS_944.39;Spyro the Dragon (USA) (Demo) (SCUS-94439);
SCUS_945.82;NBA ShootOut 2001 (USA) (Demo);
SCUS_945.92;Wild Arms 2 (USA) (Demo);
SCUS_946.25;Cool Boarders 2001 (USA) (Demo);
SLUS_900.13;Shipwreckers! (USA) (Demo);
SLUS_900.43;O.D.T. (USA) (Demo);
SLPS_018.61;Mori no Oukoku (Japan);
SLPS_024.32;Haishin 2 (Japan) (DigiCube Best Selection);
SLPM_801.77;Derby Stallion Magazine Furoku CD-ROM Vol. 1 (Japan);
SCUS_944.95;Hot Shots Golf 2 (USA) (Demo);
SCUS_945.72;Speed Punks (USA) (Demo);
SCUS_949.55;Interactive CD Sampler Pack Volume One (USA);
SLPS_002.44;Gex (Japan);
SLPM_802.33;Sotsugyou M - Seito Kaichou no Karei naru Inbou (Japan) (Demo);
SLPS_005.47;Worms (Japan);
"SLPS_001.12
SLPS_016.68";Hissatsu Pachinko Station (Japan);
SLPS_023.93;Yamagata Digital Museum (Japan) (Disc 1) (Spring);
SLPS_023.94;Yamagata Digital Museum (Japan) (Disc 2) (Summer);
SLPS_023.95;Yamagata Digital Museum (Japan) (Disc 3) (Autumn);
SLPS_023.96;Yamagata Digital Museum (Japan) (Disc 4) (Winter);
SLPS_003.87;ClockWerx (Japan);
SCPS_100.85;Spyro the Dragon (Japan);
SLPM_864.47;Kyaiin no Tanoshi Mail - PS. I Love You (Japan);
SCUS_945.98;Grind Session (USA) (Demo);
SLUS_900.47;Eidos Demo CD Volume 3 (USA);
SLUS_900.55;Lunar - Silver Star Story Complete (USA) (Demo);
SLPM_864.41;SuperLite 1500 Series - The Game Maker (Japan);
SLPM_866.91;Conveni 2, The - Zenkoku Chain Tenkai da! (Japan) (Major Wave);
SLPS_013.79;World Pro Tennis '98 (Japan);
SLPM_803.77;Netz Magazine - Vitz (Japan);
SLPM_861.39;Pro Mahjong, The - Menkyo Kaiden (Japan);
SLPS_020.94;Ganso Family Mahjong 2 (Japan);
SLPS_015.06;Nijiiro Twinkle - Guru Guru Daisakusen (Japan);
SLPS_024.87;Morita Kazurou no Gomoku Narabe to Renju (Japan);
SCED_011.41;Essential PlayStation 10 (Europe);
SCED_034.52;Euro Demo 75 (Europe, Australia);
SCED_034.56;Euro Demo 79 (Europe);
SCUS_943.80;Contender (USA) (Demo);
SCUS_946.50;PlayStation Demo Disc Version 1.4 (USA);
SLPS_024.21;City Bravo! Business-hen (Japan);
SLUS_900.35;Metal Gear Solid (USA) (Demo);
SLUS_900.60;Tail Concerto (USA) (Demo);
SLUS_900.71;Monster Rancher 2 (USA) (Demo);
SLUS_900.85;Tyco R-C - Assault with a Battery (USA) (Demo);
SCUS_946.48;MLB 2002 (USA) (Demo);
SLPS_013.13;Fighting Eyes (Japan);
LSP_99019101;Every Child Can Succeed 1 (USA);
LSP_99019201;Every Child Can Succeed 2 (USA);
LSP_99019301;Every Child Can Succeed 3 (USA);
LSP_99019401;Every Child Can Succeed 4 (USA);
LSP_99019501;Every Child Can Succeed 5 (USA);
LSP_99019701;Every Child Can Succeed 7 (USA);
LSP_17011001;Write Away 1 (USA);
LSP_17011101;Write Away 2 (USA);
LSP_17011201;Write Away 3 (USA);
LSP_17011301;Write Away 4 (USA);
LSP_99011401;Write Away 5 (USA);
LSP_99011501;Write Away 6 (USA);
LSP_99011601;Write Away 7 (USA);
LSP_99011801;Write Away 9 (USA);
LSP_99011901;Write Away 10 (USA);
SLPS_032.14;Fantastic Fortune (Japan);
SLPM_869.19;SuperLite Gold Series - Minna no Othello (Japan);
SLPM_869.21;SuperLite Gold Series - Minna no Igo (Japan);
SLPS_008.69;Chou Kousoku Gran Doll (Japan) (Disc 1) (Premium Edition);
SLPS_008.70;Chou Kousoku Gran Doll (Japan) (Disc 2) (Tokusei Premium Disc) (Premium Edition);
SLES_017.48;Asterix (Europe) (En,Fr,Es,It);
SLPS_027.20;Paca Paca Passion 2 (Japan);
SLPS_911.49;Bomberman World (Japan) (Rev 1);
SLPS_008.26;Uchuu no Rendezvous - Rama (Japan) (Disc 1);
SLPS_008.27;Uchuu no Rendezvous - Rama (Japan) (Disc 2);
SLPM_860.63;Noon (Japan);
SLPM_861.99;Eisei Meijin III - Game Creator Yoshimura Nobuhiro no Zunou (Japan);
SLPS_010.15;Tenkuu no Escaflowne (Japan);
SLPS_033.94;Slot! Pro 4 - Tairyou Special (Japan);
SLUS_900.04;Oddworld - Abe's Oddysee (USA) (Demo);
SCED_040.77;Euro Demo (Future) 98 (Europe);
SLPS_013.45;Pikiinya! Excellent (Japan);
SLPM_801.81;19-ji 03-pun - Ueno-hatsu Yakou Ressha (Japan) (Demo);
PEPX_940.09;Analog Controller Service Disc (Revised) (Europe);
SLPS_030.04;Simple 1500 Series Vol. 39 - The Mahjong 2 (Japan) (Rev 1);
SLPM_870.54;Breed Master (Japan);
"SLUS_805.18
SLUS_900.06";Nuclear Strike (USA) (Demo);
SLPM_871.95;Mini-Moni. Step Pyon Pyon Pyon (Japan);
SCES_029.86;Team Buddies (Europe) (En,Es,It);
SCES_037.17;Disney Peter Pan - Aventuras na Terra do Nunca (Portugal);
SLPM_800.64;Time Bokan Series - Bokan to Ippatsu! Doronbow (Japan) (Demo);
PAPX_900.28;Bust A Move (Japan) (Demo);
SLPM_802.31;Thoroughbred Breeder - Sekai Seiha-hen (Japan) (Demo 2);
SLPM_801.55;Bloody Roar - Hyper Beast Duel (Japan) (Demo);
PCPX_961.05;Tomoyasu Hotei - Stolen Song (Japan) (Taikenban 1);
PCPX_960.67;Street Games '97 (Japan) (Demo);
SCUS_944.60;Spyro 2 - Ripto's Rage! (USA) (Demo);
SLPS_025.03;Panzer Front (Japan);
SLES_033.77;Ducati World (Europe) (Fr,De,It);
"PBPX_950.06
SCUS_942.62";Interactive CD Sampler Disc Volume 7 (USA) (Rev 1);
SCUS_942.66;Toys R Us Demo Disc (USA);
SCUS_945.74;NCAA GameBreaker 2001 (USA) (Demo);
SCUS_945.78;NHL FaceOff 2001 (USA) (Demo);
SLUS_900.67;Thrasher - Skate and Destroy (USA) (Demo);
SLPS_025.80;Brave Saga 2 (Japan) (Disc 1);
SLPS_025.81;Brave Saga 2 (Japan) (Disc 2);
SLUS_900.31;Shadow Madness (USA) (Demo);
SLUS_900.02;Burning Road (USA) (Demo);
SCUS_945.95;PlayStation Demo Disc - Spring 2000 (USA, Canada) (SCUS-94595);
SLPM_805.72;Carton-kun (Japan) (Demo);
SLPS_029.35;Carton-kun (Japan);
SLPS_031.09;Shinri Game 9, The (Japan);
SCED_022.57;Double Impact - Double Life (Europe) (Games) (Demo);
SCUS_943.84;Jet Moto 3 (USA) (Demo);
SLUS_900.57;Pac-Man World (USA) (Demo) (Rev 1);
SLUS_900.74;Eidos Demo CD Volume 6 (USA);
SCUS_944.83;PlayStation Demo Disc - Shock Your System! (USA) (SCUS-94483);
SLPS_031.74;Shinri Game 10, The (Japan);
SCUS_942.95;Interactive CD Sampler Disc Vol. 9 (USA) (SCUS-94295);
SCUS_943.73;Running Wild (USA) (Demo);
SCUS_944.63;Interactive CD Sampler Disc Vol. 11 (USA);
SCUS_946.63;PlayStation Kiosk Demo Disc Version 1.17 (USA);
SLPM_806.35;V-Jump Soukan 9-shuunen Kinen Special Disc!! (Japan);
SCUS_943.72;NHL FaceOff 99 (USA) (Demo);
SCUS_946.60;NBA ShootOut 2002 (USA) (Demo);
PAPX_900.34;Spring Special (Japan);
SLPS_002.35;Blood Factory (Japan);
SLPM_865.96;Beatmania Best Hits (Japan) (Rev 1);
SLPS_009.35;Chou Kousoku Gran Doll (Japan);
SLPM_860.90;Real Bout Garou Densetsu Special - Dominated Mind (Japan) (Shokai Genteiban);
SLPM_860.91;SNK Fan Collection - Garou Densetsu (Japan);
SLPS_012.52;Prism Land Story (Japan);
SLPS_031.63;Puzznic (Japan);
SLPS_009.11;Tripuzz (Japan);
SLPS_034.20;Paca Paca Passion Special (Japan);
"SLPM_874.08
SLPS_003.60";Super Pang Collection (Japan);
SLPM_871.21;Plue no Daibouken from Groove Adventure Rave (Japan);
SLPS_033.36;Mr. Driller G (Japan);
SLPM_867.53;Tokimeki Memorial 2 - Taisen Puzzledama (Japan);
SLPS_018.23;Snobow Kids Plus (Japan);
SLPM_806.18;Dengeki PlayStation D45 (Japan);
SLPS_031.11;Panzer Front bis. (Japan);
SLPM_868.31;Dance Dance Revolution - Extra Mix (Japan);
SCUS_943.88;Cool Boarders 4 (USA) (Demo);
"SLUS_900.37
SLUS_900.37_A
SLUS_900.37_B
SLUS_900.37A";Psygnosis '98 Interactive Demos (USA) (Demo);
SLPS_021.15;Slayers Royal 2 (Japan);
SCED_038.83;Disney's Peter Pan - Adventures in Never Land (Europe) (Demo);
SLPS_009.93;All-Star Mahjong - Karei naru Shoubushi kara no Chousen (Japan);
LSP_150500_0.1;Online Connection CD - For the PlayStation Game Console (USA) (Demo);
SCUS_949.54;PlayStation Developer's Demo Disc (USA) (SCUS-94954);
SLED_012.43;Pitfall 3D - Beyond the Jungle (Europe) (Demo);
SCED_018.55;Euro Demo 35 (France);
SCED_009.86;Winter Releases - '97 Demo 01 (Europe);
SCUS_946.67;PlayStation Kiosk Demo Disc Version 1.18 (USA);
SCED_011.18;Euro Demo 25 (France);
SCED_018.54;Euro Demo 34 (France);
SLUS_900.82;Titan A.E. (USA) (Demo);
SLED_000.91;Colony Wars (Europe) (Fr,De) (Demo);
SLED_005.15;Robotron X (Europe) (Demo);
SCED_007.80;Euro Demo 17 (France);
SCED_011.15;Euro Demo 22 (France);
SCED_011.39;Essential PlayStation 8 (Europe);
SCED_033.40;PS One Kids Autumn 2000 (France) (En,Fr,De,Es,It);
SLED_004.73;Street Fighter EX + Alpha (Europe) (Demo);
SLED_007.97;Excalibur 2555 A.D. (Europe) (Demo);
SLED_013.39;Beast Wars - Transformers (Europe) (En,Fr,De,Es,It) (Demo);
SLED_007.34;Cite des Enfants Perdus, La (France) (Demo);
SLED_012.50;Vigilante 8 (Europe) (Demo);
SLED_015.52;Moto Racer 2 (France) (Demo);
SLED_015.74;O.D.T. (France) (Demo);
SLED_025.39;Music 2000 (Europe) (Demo);
SLPM_866.58;Culdcept - Expansion Plus (Japan);
SCED_007.73;Euro Demo 10 (France);
SCED_007.81;Euro Demo 18 (France);
SLPS_006.95;WWF In Your House (Japan);
SLED_018.95;Station 6 (Europe);
SCED_039.09;McDonald's - Demo 01 (Europe);
SCED_039.11;McDonald's - Demo 03 (Europe);
SCED_034.55;Euro Demo 78 (Europe);
SLED_016.08;Oddworld - Abe's Exoddus + Duke Nukem - Time to Kill + B-Movie (Europe) (Demo);
SCED_026.55;Euro Demo 51 (France);
SCED_037.90;Euro Demo 87 (Europe);
LSP_909015;Unknown Variable 1 - Masque Manor (USA);
LSP_909022;Unknown Variable 2 - Raven's Ridge (USA);
LSP_99012101;16 Tales 1 (USA);
SLPM_804.21;'99 Koushien (Japan) (Demo);
SLPM_805.60;Elder Gate (Japan) (Demo);
SLPM_804.45;Remote Control Dandy (Japan) (Demo 2);
SLPM_805.58;D-1 Grand Prix (Japan) (Taikenban);
SLPS_017.22;Sougaku Toshi Osaka (Japan) (Disc 1) (Method);
SLPS_017.23;Sougaku Toshi Osaka (Japan) (Disc 2) (Object);
SLES_009.51;NBA Live 98 (France);
SLES_035.93;Qui Veut Gagner des Millions - Junior (France);
SLES_029.76;Roger Lemerre - La Selection des Champions (France);
"SLUS_900.93
SLUS_900.94";Driver 2 (USA) (Demo);
"SLUS_008.93CE
SLUS_008.93GH";Disney-Pixar Toy Story 2 - Buzz Lightyear to the Rescue! (USA) (Rev 1);
SCUS_942.85;NFL GameDay 99 (USA) (Demo);
SLED_017.82;Station 5 (Europe, Australia);
LSP_990123_0.1;16 Tales 3 (USA);
SCUS_947.99;PSone - Wherever, Whenever, Forever. (USA);
SLES_035.83;Who Wants to Be a Millionaire - Irish Edition (Ireland);
SCED_025.21;Pizza Hut Demo 02 (Europe);
PCPX_961.78;e-Jump (Japan) (Disc 1);
PCPX_961.79;e-Jump (Japan) (Disc 2);
SLES_015.81;Small Soldiers (France);
SLED_012.72;Blast Radius (Europe) (Demo);
SCED_007.76;Euro Demo 13 (France);
SLED_023.00;Sled Storm (Europe) (Demo);
SLED_010.65;Rascal (France) (Demo);
SLUS_900.59;Thousand Arms (USA) (Demo);
SCED_009.88;Video IDU Test v1.1 (Europe);
SLPS_017.26;Doraemon - Nobita to Fukkatsu no Hoshi (Japan);
LSP_990124_0.1;16 Tales 4 (USA);
LSP_99019601;Every Child Can Succeed 6 (USA);
LSP_990131_0.1;Head to Toe 1 (USA);
LSP_99013201;Head to Toe 2 (USA);
LSP_99013301;Head to Toe 3 (USA);
LSP_99013401;Head to Toe 4 (USA);
SLPS_027.59;Elan Plus (Japan);
LSP_99016101;Science Is Elementary 1 (USA);
LSP_99016201;Science Is Elementary 2 (USA);
LSP_99016301;Science Is Elementary 3 (USA);
LSP_99011701;Write Away 8 (USA);
LSP_99014101;Story Lane Theater 1 (USA);
LSP_99014201;Story Lane Theater 2 (USA);
LSP_99014301;Story Lane Theater 3 (USA);
LSP_99014401;Story Lane Theater 4 (USA);
LSP_99014501;Story Lane Theater 5 (USA);
SCED_007.78;Euro Demo 15 (France);
SLPS_031.67;Zera-chan Puzzle - Pitatto Pair (Japan);
SLED_024.35;40 Winks (Europe) (Demo);
SLED_015.53;Station 1 (Europe);
"SLPS_013.44
SLPS_029.86";Kakinoki Shougi II (Japan);
SLPM_862.54;Aitakute... - Your Smiles in My Heart (Japan) (Disc 1);
SLPM_862.55;Aitakute... - Your Smiles in My Heart (Japan) (Disc 2);
SLPM_862.56;Aitakute... - Your Smiles in My Heart (Japan) (Disc 3);
SLPM_862.57;Aitakute... - Your Smiles in My Heart (Japan) (Disc 4);
SLPS_007.74;Game Nihonshi - Kakumeiji Oda Nobunaga (Japan);
SLPS_014.54;Doki Doki On Air (Japan);
SCED_004.94;Tekken 2 & Fade to Black & F1 & V-CD (Europe, Australia);
SLPS_004.55;Iron Man & X-O Manowar in Heavy Metal (Japan);
SLPS_016.77;Hakai-ou - King of Crusher (Japan);
SLPM_868.32;SuperLite 1500 Series - Kaiteiban Mark Yazaki no Seiyou Senseijutsu (Japan);
SLPS_002.56;World Cup Golf - In Hyatt Dorado Beach (Japan);
SLPS_002.76;Shusse Mahjong Daisettai (Japan);
SLPS_021.07;Germs - Nerawareta Machi (Japan);
SLPS_034.85;Slot! Pro 7 - Hana Densetsu (Japan);
SCUS_943.93;Syphon Filter 2 (USA) (Demo);
SCED_036.37;Disney Atlantide - L'Empire Perdu (France) (Demo);
SLPS_009.83;Uki Uki Tsuri Tengoku - Ningyo Densetsu no Nazo (Japan);
SLED_021.25;Bugs Bunny - Lost in Time (Europe) (En,Fr,De,Es,It,Nl) (Demo);
SCED_038.11;Disney-Pixar Monsters, Inc. - Scare Island (Europe) (Demo);
SCED_022.30;Euro Demo 49 (Spain);
SLED_004.91;Formula One (Europe) (En,Fr,De,Es,It) (Demo);
SLES_003.55;Resident Evil (Germany) (Demo);
SLES_003.35;Resident Evil (Europe, Australia) (Demo);
SLPS_011.31;Taikyoku Igo - Heisei Kiin (Japan);
SCED_013.72;Dead or Alive (UK) (Demo);
"SLPS_005.08
SLPS_006.06";Tower, The - Bonus Edition (Japan);
SCED_028.18;MediEvil 2 (Europe) (Es,It,Pt) (Demo);
SLPS_007.48;Sim Town (Japan);
SLED_013.40;Net Yaroze (Europe) (Demo);
SLPS_014.67;MTB Dirt Cross (Japan);
SCED_015.27;MediEvil Collector's Edition (UK) (Demo);
SCED_033.58;Dschungelbuch, Das - Groove Party (Germany) (Demo);
SLUS_808.84;Star Wars - Episode I - The Phantom Menace (USA) (Trade Demo);
SLPS_023.52;White Diamond (Japan);
SLED_014.03;Circuit Breakers (Europe) (En,Fr,De,Es,It) (Demo-Add-On Disc);
SLED_031.10;Driver 2 - Back on the Streets (UK) (Demo);
SLED_028.69;Galerians (UK) (Demo);
SLED_030.54;Hogs of War (Europe) (Demo);
SCED_032.02;Monde des Bleus 2, Le (France) (Demo);
SLED_030.48;Tony Hawk's Pro Skater 2 (Europe) (Demo);
SLED_020.54;Tony Hawk's Skateboarding (Europe) (Demo);
SLES_014.63;Apocalypse (Italy);
SLES_024.74;Asterix & Obelix contro Cesare (Italy);
SLES_036.74;Bob Aggiustatutto (Italy);
SLES_026.14;Calcio Manager 2000 (Italy);
SCES_012.05;Cardinal Syn (Italy);
SLPS_003.65;Tekkyuu - True Pinball (Japan);
SLES_029.84;Alla Ricerca della Valle Incantata - Ritorno alla Grande Vallata (Italy);
SCES_026.23;Colony Wars - Red Sun (Italy);
SLES_014.28;Constructor (Italy);
SLES_032.24;Dino Crisis 2 (Italy);
SCES_024.61;Disney-Pixar Bottega dei Giochi - A Bug's Life Megaminimondo (Italy);
SLES_019.85;Jeff Wayne's The War of the Worlds (Italy);
SCES_011.87;Klonoa - Door to Phantomile (Italy);
SLES_008.32;Machine Hunter (Italy);
SLPS_000.12;Space Griffon VF-9 (Japan) (Rev 1);
SLPS_026.65;Natsuiro Kenjutsu Komachi (Japan) (Disc 1) (Shokai Gentei Seisanban);
SLPS_026.66;Natsuiro Kenjutsu Komachi (Japan) (Disc 2) (Special Disc) (Shokai Gentei Seisanban);
SLED_030.94;Codemasters Q3 2000 Demo (Europe);
SLED_004.99;Marvel Super Heroes (Europe) (Demo);
SLED_005.70;Pandemonium! (Europe) (Demo);
SCED_025.40;Two Product Psygnosis Demo (Europe);
SLPS_023.99;Uranai 2, The - Mainichi no Tarot Uranai (Japan);
SLED_010.54;BMG Demos (France);
SLED_013.65;Last Report, The (Europe) (En,De) (Demo);
SCES_021.02;Shadow Madness (Italy) (Disc 1);
SCES_121.02;Shadow Madness (Italy) (Disc 2);
SLES_007.56;Ninja - Shadow of Darkness (Europe) (Es,It);
SLES_029.91;Silent Bomber (Italy);
SLES_036.51;Time Bokan - Yattaman (Italy);
SCES_006.03;Z (Italy);
SLES_032.82#;UEFA Champions League - Season 2000-2001 (Italy);
SLES_032.43;TechnoMage - Ritorno all'Eternita (Italy);
SLES_023.96;PGA European Tour Golf (Europe) (Fr,Es,It);
SLES_028.60;Sydney 2000 (Italy);
SCED_015.71;MediEvil Special (France) (Demo);
SLED_031.00;RC Revenge (Europe) (En,Fr,De,Es) (Demo);
SLES_034.37;Digimon World (Italy);
SLPS_017.40;Sakuma-shiki Jinsei Game (Japan);
SLED_016.23;Tomb Raider Trilogy - Demo Disc (Europe);
SLED_024.16;Disney-Pixar Toy Story 2 - Buzz Lightyear to the Rescue! (Europe) (Demo);
SLES_037.96;Pro Evolution Soccer (Europe) (Es,It);
SCED_039.14;E3 Demo 2002 (Europe);
SCED_039.23;Experience the Magic of Disney on PlayStation (Europe);
SLUS_900.11;Nightmare Creatures (USA) (Demo);
SLED_023.14;Fighting Force 2 (Europe) (Demo);
SCED_014.91;LiberoGrande (Europe) (Demo);
SLED_015.61;Live Wire! (Europe) (Demo);
SLED_021.86;Silent Hill (Australia) (Demo);
SCES_002.37;VIP Demo (Germany);
SLPS_021.64;Sanyo Pachinko Paradise (Japan);
SLPS_007.75;Voice Idol Collection - Pool Bar Story (Japan) (Disc 1);
SLPS_007.76;Voice Idol Collection - Pool Bar Story (Japan) (Disc 2);
SLED_019.31;Viva Football (Europe) (En,Fr,De,Es,It,Pt) (Demo);
SLED_013.08;Alundra (Europe) (Demo);
SLED_020.97;Play Power 4 (Spain) (En,Es) (Demo);
SLPS_004.40;Tsuri Baka Nisshi (Japan);
SLED_012.55;Command & Conquer - Red Alert & Bloody Roar (Europe);
SLED_006.39;Riot (Europe) (Demo);
SLED_005.71;Tomb Raider (Europe) (Demo);
SCES_001.21;Demo One (Germany) (SCES-00121);
SCED_014.41;Winter Releases '98 (Europe);
SLPS_015.42;Goiken Muyou II (Japan) (En,Ja);
SLED_015.60;All Star Tennis '99 (Europe) (Demo);
SLED_005.14;Tunnel B1 + X2 - No Relief + Break Point + Cheesy (Europe);
SLPS_019.35;Tomica Town o Tsukurou! (Japan);
SLPS_032.45;Pachi-Slot Teiou - Maker Suishou Manual Vol. 5 - Race Queen 2, Tomcat (Japan);
SLPM_870.39;Nijiiro Dodgeball - Otometachi no Seishun (Japan);
SLUS_804.73;NBA 2Ball (USA) (Demo);
SLPM_800.89;Tech PlayStation 97-5 (Japan);
SLPS_001.39;Shougi Joryuu Meijin'isen (Japan);
SLPS_006.11;Super Puzzle Fighter II X (Japan);
SLPM_801.00;Tech PlayStation 97-6 (Japan);
SLPM_802.99;Arc-en-Ciel, L' - Light my Fire (Japan);
SLPS_006.74;Mouja (Japan);
PBPX_950.13;Keitai Henshuu (Japan);
SLPM_802.77;Famitsu Wave Soukangou Vol. 2 (Japan);
SLPM_802.90;Famitsu Wave Soukangou Vol. 3 (Japan);
SLPM_803.12;Famitsu Wave 11-gatsugou Vol. 4 (Japan);
SLPM_803.39;Famitsu Wave 12-gatsugou Vol. 5 (Japan);
SLPM_803.52;Famitsu Wave 1-gatsugou Vol. 6 (Japan);
SLPM_803.66;Famitsu Wave 2-gatsugou Vol. 7 (Japan);
SLPM_803.83;Famitsu Wave 3-gatsugou Vol. 8 (Japan);
SLPM_804.11;Famitsu Wave 5-gatsugou Vol. 10 (Japan);
SLPM_804.23;Famitsu Wave 6-gatsugou Vol. 11 (Japan);
SLPM_804.98;Famitsu Wave 11-gatsugou Vol. 16 (Japan);
SLPM_805.02;Famitsu Wave 12-gatsugou Vol. 17 (Japan);
SLPM_805.18;Famitsu Wave 1-gatsugou Vol. 18 (Japan);
SLPM_805.30;Famitsu Wave 2-gatsugou Vol. 19 (Japan);
SLPM_805.43;Famitsu Wave 3-gatsugou Vol. 20 (Japan);
SLPM_804.34;Famitsu Wave 7-gatsugou Vol. 12 (Japan);
SLPM_804.50;Famitsu Wave 8-gatsugou Vol. 13 (Japan);
SLPM_802.69;Final Fantasy VIII (Japan) (Square's Preview Extra) (Demo);
SLUS_002.28;Big Bass World Championship (USA) (Rev 1);
SLES_012.04;Colin McRae Rally (Italy);
SLPM_805.36;Comic Bom Bom - Special Movie Disc (Japan);
SLPS_033.29;Pachi-Slot Teiou - Maker Suishou Manual Vol. 6 - Takarabune (Japan);
SLPM_871.16;Tall Unlimited (Japan) (Major Wave);
SCES_030.71_ANZ;This Is Soccer 2 (Australia);
SCES_022.69;This Is Soccer (Australia);
SLES_029.96;Driver 2 - Back on the Streets (Italy) (Disc 1);
SLES_129.96;Driver 2 - Back on the Streets (Italy) (Disc 2);
SLPM_801.08;Tech PlayStation 97-7 (Japan);
SLPS_026.43;Theme Park World (Japan);
SCUS_943.74;Cool Boarders 3 (USA) (Demo);
SCED_040.80;Euro Demo (Future) 101 (Europe);
SCED_015.70;Australian Summer Special (Australia);
SLPM_804.65;Famitsu Wave 9-gatsugou Vol. 14 (Japan);
SLPM_871.19;Mat Hoffman's Pro BMX (Japan);
SLPS_003.35;Dezaemon Plus (Japan);
SLPS_015.03;Dezaemon Kids! (Japan);
SLPS_015.04;Dezaemon Plus Select 100 (Japan) (Rev 1);
SLPS_007.22;Masters Fighter, The (Japan);
SLPS_006.13;Satomi no Nazo (Japan);
SLPS_002.54;Wolf Fang - Kuuga 2001 (Japan);
SLPS_030.21;Tall - Twins Tower (Japan);
SLPM_801.17;Tech PlayStation 97-8 (Japan);
SLPS_019.62;All Star Tennis '99 (Japan);
SLPS_018.27;Soreike Flyfishing - Let's Go Flyfishing (Japan);
SLPM_802.64;Hyper PlayStation Re-mix 1998 No. 8 (Japan);
SLPS_034.79;KoroKoro Post nin (Japan);
SLPM_801.28;Tech PlayStation 97-9 (Japan);
SLPM_871.11;Romance wa Tsurugi no Kagayaki II - Gin no Niji o Sagashite (Japan) (Disc 1) (Shokai Genteiban);
SLPM_871.12;Romance wa Tsurugi no Kagayaki II - Gin no Niji o Sagashite (Japan) (Disc 2) (Shokai Genteiban);
SLPM_801.40;Tech PlayStation 97-10 (Japan);
SLPM_873.46;Dai-2-kai! Quiz Darake no Jinsei Game (Japan);
SLPS_026.64;Pokeler DX - Pink (Japan);
SLES_006.16;Lifeforce Tenka (Italy);
SLES_037.38;Dragon Ball Z - Ultimate Battle 22 (Italy);
SLPS_015.22;Ano Ko Doko no Ko (Japan);
SLPM_802.28;Hyper PlayStation Re-mix 1998 No. 4 (Japan);
SCED_005.72;Essential PlayStation 2 (Europe);
SCES_002.31;Hi-Octane + Ridge Racer + Mortal Kombat 3 + Evolva (France);
SLED_017.75;Metal Gear Solid (Europe) (Demo 2);
SLED_032.77;MTV Sports - Pure Ride (UK) (Demo);
SCED_004.67;Tekken 2 + Fade to Black + V-CD (France);
SLED_015.57;Unholy War, The (Europe) (Demo);
SLES_002.88;Alien Trilogy (France) (Demo);
SLED_016.10;Apocalypse (Europe) (Demo);
SCES_000.64;Demo One (Germany) (SCES-00064);
SCED_011.43;Essential PlayStation 12 (Europe);
SCED_006.36;Essential PlayStation 3 (Europe);
SCED_026.53;Euro Demo 49 (France);
SCED_026.54;Euro Demo 50 (France);
SCED_026.56;Euro Demo 52 (France);
SCES_002.77;Lone Soldier + Actua Soccer + Total NBA '96 + Mickey's Wild Adventure + Thunderhawk 2 + Assault Rigs (France);
SLED_013.67;World League Soccer '98 (France) (En,Fr,De,Es,It) (Demo);
SCUS_949.66;Interactive CD Sampler Pack Volume Three (Version 3.5) (USA) (Rev 3);
"PBPX_950.04
SCUS_942.42
SCUS_942.52";Interactive CD Sampler Disc 6 (USA) (Rev 1);
SLES_016.44;Actua Soccer 3 (France);
SLES_004.39;Andretti Racing (France);
SCES_020.12;Kurushi Final (Italy);
SCED_019.91;Beat-Em-Up Special (Europe);
SCED_040.35;Euro Demo Future 93 (Europe);
SCED_026.57;Euro Demo 53 (France);
SCED_040.74;Euro Demo (Future) 95 (Europe);
SCED_040.75;Euro Demo (Future) 96 (Europe);
SLED_011.12;Gex 3D - Enter the Gecko (Europe) (Demo);
SLES_012.01;Men in Black - The Game (Italy);
SLED_015.13;International Superstar Soccer Pro '98 (France) (Demo);
SCED_037.87;Euro Demo 84 (Europe);
SCED_037.89;Euro Demo 86 (Europe);
SCED_037.93;Euro Demo 90 (Europe);
SCED_003.63;Euro Demo 11 (Europe);
SLES_001.81;Euro Demo 03 (Europe);
SCES_001.83;Euro Demo 05 (Europe);
SCED_010.49;PlayStation Sampler (Europe);
SLES_015.76;Shane Warne Cricket (Australia);
SLED_024.39;Compilation 03 (Australia);
SLES_016.16;KKND Krossfire (France);
SCED_029.04;Gran Turismo 2 (France) (Un CD Bonus);
SLPS_016.25;Nakajima Miyuki - Namiromu (Japan);
SLPM_872.37;SuperLite 1500 Series - Farland Saga - Toki no Michishirube (Japan);
SLPS_017.67;Umezawa Yukari no Taikyoku Igo - Heisei Kiin II (Japan);
"SLPS_030.12
SLPS_914.14";Little Princess - Marl Oukoku no Ningyou-hime 2 (Japan) (Disc 1) (+1 Tasu Ichi);
SLPM_802.92;Hyper PlayStation Re-mix 1998 No. 10 (Japan);
SLPS_024.86;Morita Kazurou no Hanafuda (Japan);
SLPM_803.94;Famitsu Wave 4-gatsugou Vol. 9 (Japan);
SLPM_803.06;Square Maniacs '98 (Japan);
SLES_016.71;Nickelodeon Rugrats - Alla Ricerca di Reptar (Italy);
SLES_029.12;Nickelodeon Rugrats - Studio Tour (Italy);
SCED_013.86;Dual Shock Demo (Australia);
SCED_040.56;Euro Demo (Future) 94 (Europe);
SCED_040.76;Euro Demo (Future) 97 (Europe);
SCED_040.78;Euro Demo 99 (Europe);
SLED_020.22;Next Demo 4 (Italy) (En,It);
SLED_020.76;Next Demo 5 (Italy) (En,It);
SLED_021.56;Next Demo 7 (Italy) (En,It);
SLED_017.50;Next Station 1 (Italy) (En,It);
SLED_018.73;Next Station 2 (Italy) (En,It);
SLED_019.53;Next Station 3 (Italy) (En,It);
SCED_037.88;Euro Demo 85 (Europe);
SCED_037.94;Euro Demo 91 (Europe);
SCED_003.65;Euro Demo 13 (Europe);
SCED_003.67;Euro Demo 15 (Europe);
SCES_001.82;Euro Demo 04 (Europe);
SCES_001.84;Euro Demo 06 (Europe);
SCED_013.85;Registered Users Demo 04 (Europe);
SLED_017.56;Rival Schools + Resident Evil 2 + Bloody Roar + Street Fighter EX Plus Alpha + Mr Domino + Victory Boxing 2 (France);
SLED_020.77;Station 9 (Europe);
SLES_034.47;Darkstone (Australia);
SLPS_031.70;Shin Megami Tensei (Japan);
SLPS_013.23;Legend of Heroes I & II, The - Eiyuu Densetsu (Japan);
SLPS_035.71;Black-Matrix 00 (Japan) (Disc 1) (Shokai Genteiban);
SLPS_035.72;Black-Matrix 00 (Japan) (Disc 2) (Shokai Genteiban);
SLES_018.64;Premier Manager Novanta Nove (Italy);
SLED_021.57;Next Demo 9 (Italy) (En,It);
SLED_020.41;Next Demo 6 (Italy) (En,It);
SCED_024.19;M6 PlayStation - Best of '99 Vol. 2 (France);
SCES_012.23;Sub (France);
SLES_001.46;Defcon 5 (Italy);
SLES_000.29;Last Report, The (Europe) (Es,It);
SCES_012.89;Zero Divide 2 - The Secret Wish (Italy);
SLED_019.01;Monaco Grand Prix Racing Simulation 2 (France) (En,Fr,Es,It) (Demo);
SLED_010.05;Moto Racer (France) (Demo);
SLED_010.36;Tomb Raider II - Starring Lara Croft (France) (En,Fr,De) (Demo);
SLES_033.22;ISS Pro Evolution 2 (Europe) (Es,It);
SLES_036.48;Italian Job, The (Italy);
SLED_016.55;Oddworld - Abe's Exoddus + Duke Nukem - Time to Kill + Duke Nukem - 3D (France) (En,Fr);
SCES_037.56;Jim Henson's The Hoobs (France);
"SLPS_026.31
SLPS_029.36
SLPS_914.22";Senryaku Shidan - Tora! Tora! Tora! Rikusen-hen (Japan);
SLUS_000.42;Gex (USA) (Rev 1);
SLPS_023.10;Quiz Chara-Oke Don! Toei Tokusatsu Hero Part 2 (Japan);
SLES_009.78#;WarGames - Defcon 1 (Europe) (En,Fr,De,Es,It);
SLED_019.54;Gex - Deep Cover Gecko (Europe) (Demo);
SLPM_871.42;Simple 1500 Series Vol. 101 - The Sentou (Japan);
SLES_029.31;Gauntlet Legends (France);
SLES_033.72;Egypt II - La Prophetie d'Heliopolis (France);
SLES_001.66;Chronicles of the Sword (France) (Disc 1);
SLES_101.66;Chronicles of the Sword (France) (Disc 2);
SLES_032.27;Army Men - Air Attack 2 (France);
"SCPS_450.82
SLPS_008.77
SLPS_023.82";Robo-Pit 2 (Japan, Asia);
SLUS_806.06;Dead or Alive (USA) (En,Ja) (Trade Demo);
SLUS_805.83;Duke Nukem - Time to Kill (USA) (Trade Demo);
SLUS_810.45;ECW Hardcore Revolution (USA) (Trade Demo);
SLUS_806.90;G. Darius + Devil Dice + Brunswick Circuit Pro Bowling (USA) (Trade Demo);
SLUS_806.24;Gauntlet Legends (USA) (Trade Demo);
SLUS_811.15;Harvest Moon - Back to Nature (USA) (Trade Demo);
SLUS_805.15;Jurassic Park - The Lost World (USA) (Trade Demo);
SLUS_807.65;Monkey Hero (USA) (Trade Demo);
SLUS_805.68;Monster Rancher (USA) (Trade Demo);
SLUS_806.50;Nickelodeon Rugrats - Search for Reptar (USA) (Trade Demo);
SLUS_808.04;No One Can Stop Mr. Domino (USA) (Trade Demo);
SLUS_806.43;Rogue Trip - Vacation 2012 (USA) (Trade Demo);
SLUS_807.07;Silent Hill (USA) (Trade Demo);
SLUS_811.43;Ultimate Fighting Championship (USA) (Trade Demo);
SLUS_812.23;X-Men - Mutant Academy (USA) (Trade Demo);
SLED_022.46;Demo Codemasters (France) (SLED-02246);
SLED_011.09;Discworld II (France) (Demo);
SLED_010.27;Duke Nukem (France) (Demo);
SCED_011.38;Joypad Demo 01 (France) (En,Fr);
SLED_011.96;Newman Haas Racing (Europe) (En,Fr,De,It) (Demo);
SLED_011.70;One (France) (Demo);
SLED_012.95;Pro Foot Contest '98 + Grand Theft Auto + Courier Crisis (France) (En,Fr,De,It);
SCED_039.24;Retrouve la Magie Disney sur PlayStation (France);
SLED_014.15;S.C.A.R.S. (Europe) (Demo);
SCED_013.84;Tekken 3 (France) (Demo);
SLED_021.26;Total Play (France) (SLED-02126);
SLED_009.11;VR Sports Powerboat Racing (Europe) (Demo);
SLED_025.94;Play Fun 04-00 (Germany);
SLED_025.93;Play Fun 3-00 (Germany);
SLED_023.12;PlayStation Zone CD Vol. 12 (Germany);
SLES_006.42;Herc's Adventures (Italy);
SLES_027.69#;Hogs of War - Nati per Soffritto (Italy);
SLES_021.73;Wu-Tang - Taste the Pain (Italy);
SLED_017.25;Demo Codemasters (France) (SLED-01725);
SCES_037.06;Disney's Winnie L'Ourson - C' Est La Recre ! (France);
SCED_007.77;Euro Demo 14 (France);
SCED_007.79;Euro Demo 16 (France);
SLED_011.93;Extreme Snow Break (Europe) (Demo);
SLED_010.69;MDK (France) (En,Fr) (PlayMag Demo);
SLED_010.15;Pandemonium 2 (France) (Demo);
SLED_017.09;Tomb Raider III - Les Aventures de Lara Croft (France) (Demo);
SLED_020.40;PlayStation Power (Spain) (Activision);
SLES_026.91;Crusaders of Might and Magic (Spain);
SLES_014.25;Global Domination (Spain);
SLES_031.87;Oro y Gloria - La Ruta hacia El Dorado (Spain);
SLES_036.07;Manager de Liga 2002 (Spain);
SCES_024.33;Space Debris (Spain);
SLES_032.72;Disney's El Rey Leon - Las Aventuras del Poderoso Simba (Spain);
SCED_031.03;PlayStation Speziale Italia (Italy);
SLPM_805.82;Dengeki PlayStation D37 (Japan);
SLPM_805.89;Dengeki PlayStation D38 (Japan);
SLPS_027.08;Jang Jang Koi Shimashow Separate 1 - Jang Jang Shimashow (Japan);
SLES_022.42;Tomb Raider - The Last Revelation (Spain);
SLES_027.23;F1 2000 (Europe) (En,Es,Sv,Da,Fi);
SLES_006.17;Lifeforce Tenka (Spain);
SCED_025.42;Kids Demo 01 (Europe) (En,Fr,De,Es,It);
SLED_013.66;WarGames - Defcon 1 (Europe, Australia) (Demo);
SLED_022.31;R-C Stunt Copter (France) (Demo);
SLES_032.83#;UEFA Champions League - Season 2000-2001 (Spain);
SLPM_803.99;Dengeki PlayStation D16 (Japan);
SLPM_804.00;Hyper PlayStation Re-mix 1999 No. 4 (Japan);
SCES_030.47;Legend of Dragoon, The (Spain) (Disc 1);
SLES_017.34;Metal Gear Solid (Spain) (Disc 1);
SLES_117.34;Metal Gear Solid (Spain) (Disc 2);
SLES_019.78;Driver (Spain);
SCED_037.80;Syphon Filter 3 - Sentencia Final (Spain) (Demo);
SLES_036.06;Football Manager Campionato 2002 (Italy);
SLES_018.01;Guardian's Crusade (Italy);
SLES_001.50;Euro Demo 02 (Europe);
SLPM_865.29;Shichida-shiki Unou de Asobenture Vol. 3 - Kotoba ABC - 2-4sai Muke (Japan);
SLPS_004.57;Taikyoku Igo - Shinzui Gosennin (Japan);
SCES_012.34;Spice World (Spain);
SLPS_008.99;Panzer Bandit (Japan);
SLES_032.18;Mat Hoffman's Pro BMX (France);
SLED_019.33;PlayStation Power (Spain) (GT Interactive);
SCES_024.85;Muppet RaceMania (Italy);
SLED_015.09;Future Cop - L.A.P.D. (Europe) (En,Fr) (Demo);
SLED_014.14;Ninja - Shadow of Darkness (Europe) (Demo);
SLES_023.23;Knockout Kings 2000 (France);
SLES_005.08;Soviet Strike (France);
SLED_005.13;Tomb Raider & Blam! Machinehead (France);
SLES_039.75;Harry Potter and the Chamber of Secrets (Scandinavia) (En,Sv,No);
SLES_001.92;Chronicles of the Sword (Italy) (Disc 1);
SLES_101.92;Chronicles of the Sword (Italy) (Disc 2);
SLES_034.90#;Egypt II - La Profezia di Heliopolis (Italy);
SLED_022.62;Final Fantasy VIII (Spain) (Demo);
SLES_031.38;007 - The World Is Not Enough (Sweden);
SLES_035.62;Byggare Bob - Kan Vi Fixa Det (Sweden);
SCES_038.78_P;Disneys Lilo & Stitch - Trubbel i Paradiset (Sweden);
SLES_039.76;Harry Potter ja Salaisuuksien Kammio (Finland) (En,Fi);
SLES_027.20;Lussan Nathhorst Presenterar Riding Star (Sweden);
SCES_030.30#;Walt Disneys Djungelboken - Groove Party (Sweden);
SLPS_031.08;Pachi-Slot Teiou - Battle Knight, Atlantis Doom (Japan);
SLES_023.21;FIFA 2000 (Israel);
SLED_010.34;G-Police (France) (Demo);
SLED_020.45;Star Wars - Episode I - La Menace Fantome (France) (Demo);
SLED_024.18;Tomb Raider - The Last Revelation (France) (Demo);
SLES_017.44;UEFA Champions League - Saison 1998-99 (France);
SLES_032.30;Army Men - Air Attack 2 (Spain);
SLES_029.79;Manager de Liga 2001 (Spain);
"SCES_037.16
SCES_037.16_P";Disneys Peter Pan - Aeventyr i landet Ingenstans (Sweden);
SLED_022.52;Legacy of Kain - Soul Reaver (Europe) (Demo);
SCES_013.57;Pet in TV (France);
SLPS_028.54;Ningyo no Rakuin (Japan);
SLPM_869.61;Housoukyoku, The - SatelliTV (Japan);
SCED_040.79;Euro Demo (Future) 100 (Europe);
SCED_025.20;Pizza Hut Demo 01 (Europe);
SLED_013.51;Heart of Darkness (France) (Demo);
SCES_020.72;Tiny Tank (France);
"SLPM_871.33
SLPS_029.43";DX Monopoly (Japan);
SLES_024.46;Suikoden II (Italy);
SLED_010.85;Crime Killer (Europe) (Demo);
DTL_S3030;Net Yarou ze Kidou Disc - Version 1.0 (Japan);
SLES_028.04;Alone in the Dark - The New Nightmare (Spain) (Disc 1);
SLES_128.04;Alone in the Dark - The New Nightmare (Spain) (Disc 2);
SLES_034.91;Egipto II - La Profecia de Heliopolis (Spain);
SLES_002.54;Firo & Klawd (Spain);
SLES_009.25;ReBoot (Spain);
SLPS_028.89;Brave Sword (Japan);
SCES_012.06;Cardinal Syn (Spain);
SLES_008.15;Xenocracy - The Ultimate Solar War (Spain);
SLES_024.97;Vandal Hearts II (Italy);
SCED_032.00;This Is Soccer 2 (Australia) (Demo);
SCES_010.72;Treasures of the Deep (Italy);
SLES_027.68#;Marranos en Guerra (Spain);
SLES_004.88;Time Commando (Australia);
SLED_028.79/ANZ;Tony Hawk's Pro Skater 2 (Australia) (Demo);
SLES_033.45;F1 World Grand Prix - Saison 2000 (France);
SCED_025.70;M6 PlayStation - Special Kids (France);
SCED_040.81;Euro Demo (Future) 102 (Europe);
SCED_040.83;Euro Demo (Future) 104 (Europe);
SCED_040.84;Euro Demo (Future) 105 (Europe);
SLPM_870.48;Night Raid (Japan);
SLPM_803.37;Hyper PlayStation Re-mix 1998 No. 12 (Japan);
SCED_032.39;OPSM Best PS One Games Ever (Europe, Australia);
SLES_006.44;Star Wars - Rebel Assault II - The Hidden Empire (Spain) (Disc 1);
SLES_106.44;Star Wars - Rebel Assault II - The Hidden Empire (Spain) (Disc 2);
SCES_037.10;Disneyn Peter Pan - Seikkailu Mika-Mika-Maassa (Finland);
SCES_021.84;Disneyn Tarzan (Finland);
SLES_035.84;Haluatko Miljonaariksi (Finland);
SCES_038.52_P;Stuart Little 2 (Finland);
SCES_030.28;Walt Disney Ksiega Dzungli - Groove Party (Poland);
SLES_037.51;Scrabble (France);
SLES_035.90;Qui Veut Gagner des Millions - Seconde Edition (France);
SLES_014.54;NBA Live 99 (France);
SLES_019.34;Guy Roux Manager '99 (France);
SLES_027.72;Joue avec les Teletubbies (France);
SCED_034.61;Euro Demo 55 (France);
SCES_025.68;Dragon Valor (Spain) (Disc 1);
SCES_125.68;Dragon Valor (Spain) (Disc 2);
SCUS_944.89;Ape Escape (USA) (Demo) (SCUS-94489);
SCED_038.96;Euro Demo Germany 10-02 (Germany);
SLPM_804.24;Hyper PlayStation Re-mix 1999 No. 6 (Japan);
SLPM_806.12;Dengeki PlayStation D43 (Japan);
SCPM_850.06;Doko Demo Issho (Japan) (Calpis Water Version);
SLES_012.73;Legend of Foresia - La Contree Interdite (France);
PCPX_960.03;DemoDemo PlayStation Soukangou Vol. 1 (Japan);
SLPM_801.74;Deco Pre 97-98 - Data East Taikenban Special (Japan);
PCPX_960.06;DemoDemo PlayStation Vol. 3 (Japan);
PCPX_960.08;DemoDemo PlayStation Vol. 5 (Japan);
SLPS_025.97;Nemuru Mayu (Japan);
SLED_013.88;Colin McRae Rally (Italy) (Demo);
SLUS_900.92;Destruction Derby Raw (USA) (Demo);
SLUS_900.87;Dino Crisis 2 (USA) (En,Ja) (Demo);
SLUS_900.65;Eidos Demo Disc Volume 5 (USA);
SLUS_900.76;Eidos Demo Disc Volume 7 (USA);
SLUS_900.98;Scooby-Doo and the Cyber Chase (USA) (Demo);
SLUS_900.21;X-360 - Surrounding Your World with Sound (USA) (Demo);
SLES_036.04;Roger Lemerre - La Selection des Champions 2002 (France);
SCES_006.01;Z (France);
"SLPS_019.58
SLPS_034.26";Future GPX Cyber Formula - Aratanaru Chousensha (Japan) (Disc 1);
"SLPS_019.59
SLPS_034.27";Future GPX Cyber Formula - Aratanaru Chousensha (Japan) (Disc 2);
SCES_006.04;Z (Spain);
SLPM_864.49;Kisha de Go! (Japan);
SLES_012.15;Vigilante 8 (Italy);
SCUS_942.89;Crash Bandicoot - Warped (USA) (Demo);
SCUS_946.16;Crash Bash (USA) (Demo);
SCUS_944.59;CTR - Crash Team Racing (USA) (Demo);
SCUS_946.15;Spyro - Year of the Dragon (USA) (Demo);
SCUS_941.90;Toys R Us - Test Drive Promotion (USA);
SLES_001.91;Chronicles of the Sword (Spain) (Disc 1);
SLES_101.91;Chronicles of the Sword (Spain) (Disc 2);
SLES_012.69;Copa del Mundo - Francia '98 (Spain);
SLES_022.50;Dune (Spain);
SLES_004.65;Heart of Darkness (Spain) (Disc 1);
SLES_104.65;Heart of Darkness (Spain) (Disc 2);
SCES_019.47;Legend of Legaia (Spain);
SCES_024.86;Muppet RaceMania (Spain);
SCES_020.75;Tiny Tank (Spain);
SLES_035.29;Noddy - Una Aventura Magica (Spain);
SLES_032.44;TechnoMage - El Retorno de la Eternidad (Spain);
SCES_004.68;Broken Sword - The Shadow of the Templars (Italy);
SCES_011.88;Klonoa - Door to Phantomile (Spain);
SLPS_019.15;Marvel Super Heroes vs. Street Fighter - EX Edition (Japan);
SLPS_011.72;Soukyuu Gurentai - Oubu Shutsugeki (Japan);
PCPX_960.09;DemoDemo PlayStation Vol. 6 (Japan);
PCPX_960.11;DemoDemo PlayStation Vol. 8 (Japan);
PCPX_960.13;DemoDemo PlayStation Vol. 9 (Japan);
PCPX_960.16;DemoDemo PlayStation Vol. 11 (Japan);
PCPX_960.19;DemoDemo PlayStation Vol. 13 (Japan);
PCPX_960.22;DemoDemo PlayStation Vol. 15 (Japan);
PCPX_960.25;DemoDemo PlayStation Vol. 16 (Japan);
PCPX_960.26;DemoDemo PlayStation Vol. 17 (Japan);
PCPX_960.36;DemoDemo PlayStation Vol. 20 (Japan);
SLED_015.11;radicalgames@psygnosis v.3 (Europe) (En,Fr,De,Es,It,Fi);
SLPS_030.20;Super Hero Sakusen - Diedal no Yabou (Japan);
SLES_001.47;Defcon 5 (Spain);
SLES_019.86;Jeff Wayne's The War of the Worlds (Spain);
SLPS_030.95;Aqua Paradise (Japan);
SLPS_003.33;Bonogurashi - Kore de Kanpeki Disu (Japan);
SCED_038.95;Euro Demo Germany 09-02 (Germany);
SCED_038.92;Euro Demo Germany 06-02 (Germany);
SCED_038.93;Euro Demo Germany 07-02 (Germany);
SCED_038.94;Euro Demo Germany 08-02 (Germany);
SLED_036.79;Italian Job, The (UK) (Demo);
SLES_016.82#;Tomb Raider III - Les Aventures de Lara Croft (France) (Rev 1);
SLES_015.90;Hugo (France);
SCED_016.37;Spyro the Dragon Speciale (France);
SCES_015.22#;Disney-Pixar A Bug's Life - Megaminimondo (Italy) (Rev 1);
SLPM_860.69;Shougi Saikyou 2 (Japan);
SLES_023.54;Urban Chaos (France);
SLPS_008.11;Luciferd (Japan);
SLES_001.28;Krazy Ivan (France);
SLPS_017.46;Tsumu (Japan);
SCUS_944.70;Ape Escape (USA) (Demo) (SCUS-94470);
DTL_S2190;PlayStation Programmer Tool - Runtime Library Version 3.3 (Japan) (En,Ja);
SLPS_029.96;Parlor! Pro Special - CR Harenchi Gakuen & CR Toukon (Japan);
SLED_016.09;T'ai Fu - Wrath of the Tiger (Europe) (Demo);
SCED_006.10;Adventures of Lomax + Porsche Challenge + Pandemonium + Tomb Raider + 2 Xtreme + Reloaded (France);
SLED_009.56;Explosive Racing (France) (Demo);
SCED_012.79;Gran Turismo (France) (Demo);
SCED_040.19;PSone Xmas Special (France);
SCED_028.33;Pizza Hut Demo 01 (France);
KRT_SPS01;Karat PS PS2-you Pro Action Replay CDX2 Sampler (Japan) (Unl);
SLPS_028.32;Lagnacure Legend (Japan);
SLES_011.92;Blast Radius (France);
SLES_018.09;Hugo 2 (Spain);
SLES_020.49;Nickelodeon Rugrats - La Busqueda de Reptar (Spain);
SLES_025.81;UEFA Champions League - Season 1999-2000 (Spain);
SLES_017.47;UEFA Champions League - Temporada 1998-99 (Spain);
SLES_027.08;UEFA Euro 2000 (Spain);
SLPS_011.52;Sakamoto Ryouma - Ishin Kaikoku (Japan);
SLPS_031.49;Pachi-Slot Teiou 5 - Kongdom, Super Star Dust 2, Flying Momonga (Japan) (Best of the Best);
SLES_035.18;Duke Nukem - Time to Kill (France) (Rerelease);
SLES_020.63;Discworld Noir (France);
SLES_009.87;Duke Nukem (France) (Rev 1);
SCPS_453.85;Tomb Raider III - Adventures of Lara Croft (Asia) (Disc 1) (Japanese Version);
SCPS_453.86;Tomb Raider III - Adventures of Lara Croft (Asia) (Disc 2) (International Version);
SCUS_942.65;Cardinal Syn (USA) (Demo);
SCUS_942.53;Hot Shots Golf (USA) (Demo);
SCUS_946.72;MLB 2003 (USA) (Demo);
SLUS_900.89;MTV Sports - Pure Ride (USA) (Demo);
SCUS_943.91;NCAA Final Four 2000 (USA) (Demo);
SCUS_943.75;NCAA GameBreaker 99 (USA) (Demo);
SCUS_945.76;NFL GameDay 2001 (USA) (Demo);
SCUS_943.85;NFL GameDay 2000 (USA) (Demo);
SCUS_943.83;NFL Xtreme 2 (USA) (Demo);
SCUS_943.87;NHL FaceOff 2000 (USA) (Demo);
SCUS_944.97;PlayStation Demo Disc Winter 1999 - Shock Your System! (USA);
SCUS_947.05;PlayStation Kiosk Demo Disc 2004-2005 (USA);
SCUS_946.75;PlayStation Kiosk Demo Disc Version 1.19 (USA);
SCUS_946.78;PlayStation Kiosk Demo Disc Version 1.20 (USA);
SCUS_946.96;PS One Winter 03 Kiosk Version 1.21 (USA);
SLUS_900.95;Rayman 2 - The Great Escape (USA) (Demo);
SLUS_900.44;Rogue Trip - Vacation 2012 (USA) (Demo);
SCUS_943.62;Syphon Filter (USA) (Demo);
SCUS_946.61;Syphon Filter 3 (USA) (Demo);
SCES_024.59;Disney-Pixar A Bug's Life - Atelier de Jeux (France);
SLPM_801.06;Hyper PlayStation Re-mix No. 6 (Japan);
SLPM_801.52;Hyper PlayStation Re-mix No. 11 (Japan);
SLPM_867.67;Captain Love (Japan) (Major Wave);
SLES_006.85;Perfect Weapon (France);
SLES_016.68;Hugo (Spain);
"SLPS_019.26
SLPS_025.68";Chiisana Kyojin Microman (Japan);
SLPM_867.82;Taiho Shichau zo - You're Under Arrest (Japan) (Disc 1);
SLPM_867.83;Taiho Shichau zo - You're Under Arrest (Japan) (Disc 2);
SLPS_018.78;Yamifuku Natsu - Teito Monogatari Futatabi (Japan);
SLPS_022.60;Zipangu-jima - Unmei wa Saikoro ga Kimeru! (Japan);
SLPM_801.67;Hyper PlayStation Re-mix No. 12 (Japan);
SLES_000.76;Ninja - Shadow of Darkness (Europe) (Beta) (1998-08-26);
SLPM_801.99;Hyper PlayStation Re-mix 1998 No. 2 (Japan);
SLES_035.80;Junior Sports Football (France);
SLES_031.55;NHL 2001 (Europe) (Fr,Cs);
SCED_022.04;Sony Double Impact (Europe) (Games);
SLED_025.76;South Park - Chef's Luv Shack (Europe) (Demo);
SLES_020.15#;Player Manager - Epoca 98-99 (Portugal);
SLES_101.04;Wing Commander III - Heart of the Tiger (France) (Disc 2);
SLES_201.04;Wing Commander III - Heart of the Tiger (France) (Disc 3);
SLES_301.04;Wing Commander III - Heart of the Tiger (France) (Disc 4);
SLPM_802.37;Hyper PlayStation Re-mix 1998 No. 6 (Japan);
SLPM_802.79;Hyper PlayStation Re-mix 1998 No. 9 (Japan);
SLES_008.51;Hard Boiled (France);
SLES_021.31;Telefoot Manager (France);
SLES_001.04;Wing Commander III - Heart of the Tiger (France) (Disc 1);
SLPM_803.57;Hyper PlayStation Re-mix 1999 No. 1 (Japan);
SLPM_863.96;Yu-Gi-Oh! Shin Duel Monsters - Fuuin Sareshi Kioku (Japan) (Genteiban);
SLPS_012.08;Kumitate Battle Kuttu Ketto (Japan);
SLPS_010.30;Kuro no Ken - Blade of the Darkness (Japan);
SLPS_017.55;Shin Sedai Robot Senki - Brave Saga (Japan);
SLES_015.92;Hugo (Scandinavia) (Da,Fi);
SCED_038.97;Euro Demo Germany 11-02 (Germany);
SLED_032.12;Incredible Crisis (Europe) (En,Fr,De,Es,It) (Demo);
SCES_019.98;Tiny Toon Adventures - Buster and the Beanstalk (Scandinavia) (No,Da);
SLES_026.05#;Colin McRae Rally 2.0 (Europe) (En,Fr,De,Es,It) (Rev 1);
SLES_033.15;Disney-Pixar Buzz Lightyear - Guardianes del Espacio (Spain);
SLES_035.64;Byggemand Bob - Kan Vi Klare Det (Denmark);
SCES_039.44;Disneys Skatteplaneten (Denmark);
SCES_021.81;Disneys Tarzan (Denmark);
SCES_038.55;Stuart Little 2 (Denmark);
SCES_015.24;Disney-Pixar Graes-Rodderne (Denmark);
SCES_037.60_P;Disney-Pixar Monsters, Inc. - Skraemmeoen (Denmark);
SCES_035.34;Disneys Atlantis - Det Forsvundne Rige (Denmark);
SCES_030.11_P;Disneys Kejserens Nye Flip (Denmark);
SCES_038.79;Disneys Lilo & Stitch - Ballade pa Hawaii! (Denmark);
SCES_037.47;Disneys Plys' Spil-og-Leg-Sted (Denmark);
SLES_034.82;Hvem Vil Vaere Millionaer (Denmark);
SLES_033.00;LEGO Oen 2 - Kim Cool's Haevn (Denmark);
SCES_030.21;Walt Disneys Junglebogen - Groove Party (Denmark);
SCED_040.09/PR;Free Spin Demo Disc! (Europe);
SLES_038.13;Monte Carlo Games Compendium (Europe) (Disc 1);
SLES_138.13;Monte Carlo Games Compendium (Europe) (Disc 2);
SLPS_013.07;Lost Sword - Ushinawareta Seiken (Japan);
SLPS_023.60;Prismaticallization (Japan);
SLES_039.62#;Pro Racer (Europe);
SLED_006.92;Monster Trucks (Europe) (Demo);
SLED_024.11;Eidos (France);
SLUS_007.21;Global Domination (USA) (Beta) (1998-12-18);
SLED_021.19;Croc 2 (Europe) (Demo);
SCED_039.12;McDonald's - Demo 04 (Europe);
SLES_016.18;Shanghai - True Valor (Europe);
SCED_013.87;Football Special (Europe);
SLPS_012.67;Arcade Gears - ImageFight & XMultiply (Japan);
SLPS_004.98;Harmful Park (Japan);
SLPS_035.62;Jaleco Collection Vol. 1 (Japan);
SLES_008.30;Machine Hunter (France);
SLED_004.98;Wipeout 2097 (Europe) (Demo);
SCES_022.88;Syphon Filter 2 (Italy) (Disc 1);
SCES_122.88;Syphon Filter 2 (Italy) (Disc 2);
SCES_022.86;Syphon Filter 2 (France) (Disc 1);
SCES_122.86;Syphon Filter 2 (France) (Disc 2);
SLED_009.12;MDK (Europe) (Demo);
SLES_033.03;Ile LEGO 2, L' - La Revanche de Cassbrik (France);
SLES_001.07;Euro Demo 01 (Europe);
SLPS_024.96;Azito 3 (Japan);
SLPS_031.35;Memorial Series - Sunsoft Vol. 1 (Japan);
SLPS_031.81;Memorial Series - Sunsoft Vol. 2 (Japan);
SLPS_006.79;Pururun! with Shape Up Girls (Japan);
SLPS_005.27;Choujin Gakuen - Gowcaizer (Japan);
SLPS_029.95;Mahjong de Asobo (Japan);
SLPS_025.83;Monkey Magic (Japan);
SLPS_022.87;Marl Oukoku no Ningyou-hime - The Adventure of Puppet Princess (Japan) (Omake Disc);
SLPM_804.53;Ace Combat 3 - Electrosphere - Direct Audio with AppenDisc (Japan);
SLPS_033.23;Kids Station - Doraemon - Himitsu no Yojigen Pocket (Japan) (Controller Set);
SLPS_013.54;Kojin Kyouju - La Lecon Particuliere (Japan);
SLPM_871.99;Hikaru no Go - Insei Choujou Kessen (Japan);
SCED_031.67;Best Sports Games Ever 2000 (Europe, Australia);
SCED_028.51;OPSM Best Ever Ever Games Demo (Europe);
SLPM_806.03;Dengeki PlayStation D39 (Japan);
SCPS_101.38;Bealphareth (Japan);
SLPM_806.11;Dengeki PlayStation D42 (Japan);
SLPS_013.59;Mawatte Mucho! (Japan);
SLES_007.87;Magic - The Gathering - BattleMage (France);
SLED_022.58;Final Fantasy VIII (Europe) (Demo 2);
SLPS_019.72;Kagayaku Kisetsu e (Japan) (Disc 1) (Shokai Genteiban);
SLPS_019.73;Kagayaku Kisetsu e (Japan) (Disc 2) (Special Disc) (Shokai Genteiban);
SLPS_031.95;SD Gundam - GGeneration-F.I.F (Japan);
SLES_021.63;Hugo 2 (Finland);
SLES_035.65;Puuha Pete - Korjataanko (Finland);
SLES_037.50;Panzer Front bis. (Europe) (En,Fr,De) (Proto) (2002-01-20);
SLPM_801.70;DamDam Stompland (Japan) (Demo);
PAPX_900.59;Hyper PlayStation Re-mix 1998 No. 11 (Japan) (Disc 2);
SLPM_803.17;Hyper PlayStation Re-mix 1998 No. 11 (Japan) (Disc 1);
SCUS_943.64;MLB 2000 (USA) (Demo);
SLUS_900.39;Pro Pinball - Timeshock! (USA) (Demo);
SLUS_900.88;Star Wars - Demolition (USA) (Demo);
SLUS_900.30;Unholy War, The (USA) (Demo);
SCUS_944.72;Slim Jim (USA);
SLPS_035.43;Kids Station - Hello Kitty to Album Nikki o Tsukurimasho! (Japan) (Controller Set);
SLPM_803.95;Memory Card Data Book Vol. 3 (Japan);
SLPS_029.49;Parlor! Pro Collection (Japan);
SLPS_035.38;Marl Jong!! (Japan);
SLPM_803.97;Million Classic (Japan) (Disc 1) (Honpen Game Sen'you) (Nescafe-ban);
SLPM_803.98;Million Classic (Japan) (Disc 2) (Taisen Game Sen'you) (Nescafe-ban);
SCUS_944.81;Pizza Hut Disc 2 (USA);
"PAPX_901.09
PCPX_962.02";Crash Bandicoot Carnival (Japan) (Demo);
PCPX_961.83;Crash Bandicoot Racing (Japan) (Demo);
SLES_017.99;Guardian's Crusade (France);
SLPS_009.86;Honkaku Igo (Japan);
SLPS_015.71;Uki Uki Tsuri Tengoku - Ningyo Densetsu no Nazo (Japan) (Dual Shock Edition);
SLPS_005.38;Fist (Japan);
SCES_017.69;Destrega (France);
SLPM_872.52;Dog Master, The (Japan);
SLPM_802.48;Hyper PlayStation Re-mix 1998 No. 7 (Japan) (Disc 1);
PCPX_961.15;Hyper PlayStation Re-mix 1998 No. 7 (Japan) (Disc 2) (Yarudora Series Vol. 1 - Double Cast);
SLPM_804.78;Deco Pre 2 '99 (Japan);
SLPM_801.69;Disc Station Bessatsu - I Miss You. Tanaka Katsumi (Japan);
SLES_035.63;Byggmester Bob - Kan Det Fikses (Norway);
SCES_038.80;Disneys Lilo & Stitch - Hula Baluba! (Norway);
SCES_038.53;Stuart Little 2 (Norway);
SCES_030.27#;Walt Disneys Jungelboken - Groove Party (Norway);
SLPM_803.69;Hyper PlayStation Re-mix 1999 No. 2 (Japan);
SLES_031.90#;Disney's 102 Dalmatiner - Valpar till undsaettning (Scandinavia) (Sv,No,Da);
SCES_008.97;Disneys Action Spil med Herkules (Denmark);
SCES_030.01/P;Disneys Aladdin - Nasiras Haevn (Denmark);
SCES_031.14;Grind Session (Scandinavia) (Sv,No,Da,Fi);
SLES_018.10;Hugo 2 (Denmark);
SLPM_805.27;Tokimeki Memorial 2 Emotional Voice System Append Disc (Japan) (Disc 1) (Minadzuki - Kotobuki - Sakura);
SLPM_805.44;Tokimeki Memorial 2 Emotional Voice System Append Disc (Japan) (Disc 2) (Akai - Ichimonji - Yae);
SLPM_805.50;Tokimeki Memorial 2 Emotional Voice System Append Disc (Japan) (Disc 3) (Shirayuki - Ijuin - Nozaki);
SLPM_804.70;Hyper PlayStation Re-mix 1999 No. 9 (Japan) (Disc 1);
PCPX_961.70;Hyper PlayStation Re-mix 1999 No. 9 (Japan) (Disc 2) (Sony Computer Entertainment Special);
SLPS_001.99;NBA Jam - Tournament Edition (Japan);
SLPM_804.16;Hyper PlayStation Re-mix 1999 No. 5 (Japan);
SLPM_861.19;Jikkyou American Baseball 2 (Japan);
SLPS_028.91;Dotsubo-chan (Japan);
SLPS_019.05;Eberouge 2 (Japan);
SCES_022.89;Syphon Filter 2 - Conspiracion Mortal (Spain) (Disc 1);
SCES_122.89;Syphon Filter 2 - Conspiracion Mortal (Spain) (Disc 2);
SLPS_032.86;Favorite Dear - Enkan no Monogatari (Japan);
SLES_008.71;Clock Tower (France);
SCES_030.13_P;Disneyn Keisarin Uudet Kuviot (Finland);
SCES_017.37;Disney-Pixar Oetoekaen elaemaeae (Finland);
SLES_031.44;FIFA 2001 (Israel);
SLPM_804.56;Hyper PlayStation Re-mix 1999 No. 8 (Japan);
"SLPS_029.98
SLPS_033.13";Gakkou o Tsukurou!! Kouchou Sensei Monogatari (Japan);
SLPM_805.14;Hyper PlayStation Re-mix 2000 No. 1 (Japan);
SLPS_003.12;Space Adventure Cobra - The Shooting (Japan);
SCES_025.65;Dragon Valor (France) (Disc 1);
SCES_125.65;Dragon Valor (France) (Disc 2);
SCED_039.20;PS One Demo Disc 2002 (Europe) (En,Fr,De,Es,It);
SLPM_803.87;70's Robot Anime - Geppy-X (Japan) (Demo);
SLPM_801.11;Armored Core (Japan) (Demo 1);
SLPM_801.19;Armored Core (Japan) (Demo 3);
SCED_023.27;Best Games Ever, The (Europe, Australia);
SCED_026.76;Registered Users Demo 08 (Europe);
SCES_034.26;C-12 - Final Resistance (Russia);
SLPM_869.08;DX Hyakunin Isshu (Japan);
SLPM_805.25;Hyper PlayStation Re-mix 2000 No. 2 (Japan);
SLPM_871.65;SuperLite 1500 Series - Battle Qix (Japan);
SLED_021.55;Play Fun 8-99 (Germany);
SLPM_866.23;SuperLite 1500 Series - Fishing Club - Bouhatei no Tsuri-hen (Japan);
SLPM_871.94;SuperLite 1500 Series - Prismaticallization (Japan);
SCES_038.54;Stuart Little 2 (Sweden);
SLPM_804.52;Assault Suits Valken 2 (Japan) (Demo);
SLPM_804.13;Athena - Awakening from the Ordinary Life (Japan) (Demo);
SCES_037.68;Disney-Pixar Monsters, Inc. - Skraemmaroen (Sweden);
PAPX_900.51;Neon Genesis Evangelion - Original Screen Saver (Japan);
SLPS_023.36;Light Fantasy Gaiden - Nya Nyan ga Nyan (Japan);
SLES_008.33;Machine Hunter (Spain);
SLPM_870.90;SuperLite 1500 Series - Bomboat (Japan);
SLPS_030.63;Kowloon-jou (Japan);
SLPS_013.75;Paranoia Scape (Japan);
SLPS_002.71;Zork I - The Great Underground Empire (Japan);
SLPS_007.99;Kakugo no Susume (Japan);
SLPS_007.25;Area 51 (Japan) (Special Pack);
SLPS_016.24;Granew-tou! Daibouken (Japan);
SLPS_017.97;DigimonWorld (Japan);
SLPS_003.62;Kojima Takeo - Mahjong Teiou (Japan);
SLPS_017.13;Golgo 13 Vol. 2 - Mienai Guntai (Japan) (En,Ja);
SLPM_806.15;Dengeki PlayStation D44 (Japan);
SLPM_866.95;Pao Leeming Kanshuu - Fuusui Nyuumon (Japan);
SLPS_009.28;Arcade Gears - Pu-Li-Ru-La (Japan);
SLPS_017.05;Boys Be... 2nd Season (Japan);
SLPS_003.10;Captain Tsubasa J - Get in the Tomorrow (Japan);
SLPS_027.50;Chiisana Oukoku Erutoria (Japan);
SLPS_034.97;Oja Majo DoReMi Dokkan! Nijiiro ParaDice (Japan);
SLPM_800.85;Sangoku Musou (Japan) (Demo);
SLPS_024.10;Perfect Fishing - Isozuri (Japan);
SLPS_002.60;Bishoujo Senshi Sailor Moon SuperS - Shin Shuyaku Soudatsusen (Japan) (Shokai Genteiban);
SLPS_003.95;Hyper 3D Pinball (Japan);
SLPS_024.11;AI Mahjong 2000 (Japan);
SLPS_026.53;Monster Farm Battle Card (Japan);
"SCPS_100.34
SCPS_911.56";Sentou Kokka Kai - Improved (Japan);
SLPS_017.47;Hanafuda Real 3D (Japan);
"SCPS_452.69
SLPM_860.61";Poitter's Point 2 - Sodom no Inbou (Japan, Asia);
SLPS_006.04;First Queen IV - Varcia Senki (Japan);
SLPS_012.59;Tokyo 23-ku Seifuku Wars (Japan);
SLPS_033.02;Kids Station - Barbapapa (Japan);
SLES_033.08;LEGO Island 2 - The Brickster's Revenge (Sweden);
"SCES_030.19
SCES_030.19/P";Disneys Kejsarens Nya Stil (Sweden);
"SLES_000.24#
SLES_000.24/CP";Tomb Raider (Europe) (EDC);
SLPS_034.99;Kogepan - Pan mo Game o Yarurashii... (Japan);
SLPS_035.64;Aozora to Nakamatachi - Yume no Bouken Plus (Japan);
SLPS_010.12;Tetsudou-ou 2 - Sekai Seifuku no Yabou!! (Japan);
SLPM_866.81;Ocha no Ma Battle (Japan);
SLPM_866.96;Wai Wai 3-nin Uchi Mahjong (Japan);
SLPS_025.60;Cardcaptor Sakura - Clow Card Magic (Japan) (Genteiban);
SLPM_866.78;Drug Store, The (Japan);
SCUS_946.32;Spyro 2 - Ripto's Rage! & Crash Team Racing (USA) (Demo);
SLPS_024.94;Hissatsu Pachi-Slot Station SP - Yamasa Best Choice (Japan);
SLPM_802.27;Choro Q Marine - Q-Boat (Japan) (Demo);
SLPM_802.67;Carom Shot 2 (Japan) (Demo);
SLPM_802.68;From Software 1998 Summer Preview Movies (Japan);
SLPS_005.54;Super Robot Shooting (Japan);
SLPM_801.54;Street Fighter Collection (Japan) (Demo);
SLPS_004.21;Gekka no Kishi - Ouryuusen (Japan);
SLPS_024.59;Otona no Asobi (Japan);
SLPM_802.11;Derby Stallion Magazine Furoku CD-ROM Vol. 3 (Japan);
SLES_023.96#2;PGA European Tour Golf (Europe) (Fr,Es,It) (Alt);
SLPS_019.76;Shougi Saikyou - Pro ni Manabu (Japan);
SLPS_033.19;Kids Station - Crayon Shin-chan - Ora to Omoide Tsukuru zo! (Japan) (Controller Set);
SLPM_862.63;Densha de Go! (Japan) (PlayStation the Best);
SLPS_031.97;Kids Station - Soreike! Anpanman 2 - Anpanman to Daibouken! (Japan);
"SLPS_026.85
SLPS_912.35";Menkyo o Torou (Japan);
SLPM_805.52;Affect Taikenban Vol. 1 (Japan);
SLPM_803.71;Armored Core - Master of Arena (Japan) (Demo);
SCES_030.03;Disneyn Aladdin - Nasiran Kosto (Finland);
SLPM_804.26;Segare Ijiri (Japan) (Demo);
SLES_001.74#;Buggy (Europe) (En,Fr,De,Es,It,Pt) (EDC);
SLPS_032.47;Kids Station - Motto! Oja Majo DoReMi - Maho-dou Smile Party (Japan);
SLES_007.61#2;Viva Football (Europe) (En,Fr,De,Es,It,Pt) (Rev 2);
SCPS_451.83;Vandal Hearts (Asia);
SCPS_451.65;Goal Storm '97 (Asia);
SLES_035.70;Blue's Clues - Blue's Big Musical (Australia);
SLPS_033.66;Memorial Series - Sunsoft Vol. 3 (Japan);
SLUS_005.98;Gex - Enter the Gecko (USA) (Beta) (1998-01-29);
SLPM_805.39;Cool Boarders 4 (Japan) (Demo);
SLPM_803.80;Colin McRae - The Rally (Japan) (Demo);
SLPM_800.95;Running High (Japan) (Demo);
SCES_038.77;Disney Lilo & Stitch - Sarilhos no Paraiso (Portugal);
SCES_010.70;Treasures of the Deep (France);
SLPM_803.78;Derby Stallion Magazine Furoku CD-ROM Soushuu-hen (Japan);
SLPM_802.88;Derby Stallion Magazine Furoku CD-ROM Vol. 10 (Japan);
SLPM_803.15;Derby Stallion Magazine Furoku CD-ROM Vol. 11 (Japan);
SLPM_801.98;Derby Stallion Magazine Furoku CD-ROM Vol. 2 (Japan);
SLPM_802.21;Derby Stallion Magazine Furoku CD-ROM Vol. 4 (Japan);
SLPM_803.07;Derby Stallion Magazine Furoku CD-ROM Vol. 5 (Japan);
SLPM_802.35;Derby Stallion Magazine Furoku CD-ROM Vol. 6 (Japan);
SLPM_802.49;Derby Stallion Magazine Furoku CD-ROM Vol. 7 (Japan);
SLPS_005.59;AirGrave (Japan);
SLPS_010.27;Iblard - Laputa no Kaeru Machi (Japan);
SLES_032.61;Disneys Tigerdyrets honningjagt (Denmark);
"SLPM_861.64
SLPM_865.10";Angelique - Tenkuu no Requiem (Japan) (Premium Box);
"SLPM_865.08
SLPS_007.45";Angelique Special 2 (Japan) (Premium Box);
"SLPM_865.09
SLPS_013.36";Angelique Duet (Japan) (Premium Box);
SLPM_804.72;Simple 1500 Series - The Demo (Japan);
SLPM_804.35;Tondemo Crisis! (Japan) (Demo);
SLPM_868.36;Shanghai - Shouryuu Sairin (Japan);
SLES_018.12;Hugo 2 (Norway);
SLES_035.12;Hugo - Black Diamond Fever (Scandinavia) (Sv,No,Da);
SCUS_946.68;Best Buy Greatest Hits Demo Disc - Volume One (USA);
SLPM_801.73;Croc! Pau-Pau Island (Japan) (Demo);
PCPX_961.64;Gekisou Tomarunner (Japan) (Demo);
PCPX_961.95;PoPoLoCrois Monogatari II (Japan) (Demo);
PCPX_960.38;DemoDemo PlayStation Vol. 21 (Japan);
SLPS_022.39;Mobile Police Patlabor - Game Edition (Japan);
SLPS_016.21;Triple Play 99 (Japan);
SLPS_034.39;Slot! Pro 5 - Naniwa Sakura Fubuki & Shimauta (Japan);
SLPM_801.34;Hyper PlayStation Re-mix No. 9 (Japan);
SLPM_866.04;Nobunaga no Yabou - Bushou Fuuunroku (Japan);
SLPM_800.94;Angel Blade - Neo Tokyo Guardians (Japan) (Demo);
SLPM_801.12;Dragon Ball - Final Bout (Japan) (Demo);
SLPM_800.93;Gamera 2000 (Japan) (Demo);
SLPM_801.50;Moonlight Syndrome (Japan) (Demo);
SLPM_801.65;Ore! Tomba (Japan) (Demo);
SLPM_801.24;Panzer Bandit (Japan) (Demo);
SLPM_801.02;Riot Stars (Japan) (Sample);
SLPM_801.04;Runabout (Japan) (Demo);
SLPM_801.56;Shinshuku Taisen - It's a Nony! (Japan) (Demo);
SLPM_800.37;Drift King Shutokou Battle - Tsuchiya Keiichi & Bandou Masaaki (Japan) (Demo);
SLPM_801.36;StarSweep (Japan) (Demo 1);
SLPM_800.21;Tokyo Shadow (Japan) (Demo);
PCPX_960.81;Zero Divide 2 - The Secret Wish (Japan) (Demo);
SLED_018.96;Rollcage (Europe) (Demo);
SLPM_803.03;Gunbare! Game Tengoku - The Game Paradise 2 (Japan) (Demo);
SLPS_008.06;Mizuki Shigeru no Youkai Butouden (Japan);
SLPS_009.27;Arcade Gears - Wonder 3 (Japan);
SLPM_868.34;Afraid Gear Another (Japan);
SLPS_021.72;Umi no Nushi-tsuri - Takarajima ni Mukatte (Japan);
PCPX_960.49;PaRappa the Rapper (Japan) (Demo);
SLPS_007.34;Mad Stalker - FullMetalForce (Japan);
SLPS_005.48;DonPachi (Japan);
"SCPS_100.39
SCPS_911.42";Linda^3 Again (Japan) (Rev 1);
SLPS_004.88;Zoku Gussun Oyoyo (Japan);
SLPS_006.92;Nage Libre - Rasen no Soukoku (Japan);
SLPS_012.85;Mouri Motonari - Chikai no Sanshi (Japan);
SLPM_860.88;Astronoka (Japan) (Disc 1);
SLPS_032.65;Pachi-Slot Teiou - Bunny Girl SP (Japan);
SLES_001.38;World Cup Golf - Professional Edition (France);
SCUS_943.78;Twisted Metal III (USA) (Demo);
SCUS_943.89;Twisted Metal 4 (USA) (Demo);
SLUS_900.50;Silent Hill (USA) (Demo);
SCUS_943.77;Rally Cross 2 (USA) (Demo);
SCUS_945.94;PlayStation Demo Disc - Spring 2000 (USA) (SCUS-94594);
SCUS_941.96;I.Q - Intelligent Qube (USA) (Demo);
SLUS_900.91;Codemasters Demo CD (USA);
SLUS_900.57;Pac-Man World (USA) (Demo);
SLES_024.43;Suikoden II (France);
SLPS_030.13;Little Princess - Marl Oukoku no Ningyou-hime 2 (Japan) (Disc 2) (+1 Tasu Ichi);
SLPS_020.43;Startling Odyssey 1 - Blue Evolution (Japan);
SCES_037.08;Disneys Peter Pan - Eventyr pa Onskeoen (Denmark);
SLPM_865.43;Egg (Japan) (Major Wave);
SLPM_871.37;Arcade Hits - Sonic Wings Special (Japan);
SLPS_911.12;Moon - Remix RPG Adventure (Japan) (Rev 1);
SCPS_100.86;Lord of Monsters (Japan);
SCPS_100.72;Wonder Trek (Japan);
SLES_001.26;Krazy Ivan (Spain);
SLPS_030.45;Tales of Eternia (Japan) (Disc 1) (Premium Box);
SLPS_030.46;Tales of Eternia (Japan) (Disc 2) (Premium Box);
SLPS_030.47;Tales of Eternia (Japan) (Disc 3) (Premium Box);
SLED_005.16;Lomax (Europe) (En,Fr,De,Es,It) (Demo);
SLUS_013.78;Spider-Man 2 - Enter - Electro (USA);
SCUS_942.24;Interactive CD Sampler Disk Volume 5 (USA) (SCUS-94224);
SCUS_949.56;Interactive CD Sampler Pack Volume One (USA) (SCUS-94956);
SLUS_900.27;Asciiware Training CD (USA);
SCES_037.69;Disney-Pixar Monsters, Inc. - Monstros e Companhia - Ilha Assustadora (Portugal);
SLPM_860.89;Itadaki Street - Gorgeous King (Japan) (Disc 2) (Demo);
SLED_021.24;V-Rally - Championship Edition 2 (Europe) (Demo);
SLES_031.89;Disney's 102 Dalmatians - Puppies to the Rescue (Europe);
SLED_013.80;Colin McRae Rally (Europe) (Demo);
SCED_041.33;Euro Demo (Future) 107 (Europe);
SLPM_800.83;Macross Digital Mission VF-X (Japan) (Demo);
SLPM_801.85;Maria - Kimitachi ga Umareta Wake (Japan) (Demo);
PCPX_961.32;MiruMiru PlayStation Vol. 28 (Japan);
PCPX_961.39;MiruMiru PlayStation Vol. 29 (Japan);
PAPX_900.08;MLB Pennant Race (Japan) (Demo);
SLPS_031.87;Cleopatra Fortune (Japan);
SLPS_025.49;Umihara Kawase Shun - Second Edition (Japan);
"SLES_016.84
SLES_016.84#";Tomb Raider III - Adventures of Lara Croft (Italy) (Rev 1);
SLPS_026.09;Dangan (Japan);
SLPS_026.35;Medarot R - Parts Collection (Japan);
SLPS_004.24;ZXE-D - Legend of Plasmatlite (Japan);
SLPS_018.39;TsunTsun-gumi 3 - Kanji Vader (Japan);
SLPM_803.90;Himiko-den - Renge (Japan) (Demo);
SLPM_801.43;Cool Boarders 2 - Killing Session (Japan) (Demo);
SLPS_030.58;Eithea (Japan) (Disc 1) (Deluxe Pack);
SLPS_030.59;Eithea (Japan) (Disc 2) (Deluxe Pack);
SLPM_805.12;Kenkaku Ibunroku - Yomigaerishi Souku no Yaiba - Samurai Spirits Shinshou (Japan) (Demo);
SLPM_805.56;Square Memory Card Data Collection (Japan);
SLPM_804.88;Zipangu-jima - Unmei wa Saikoro ga Kimeru! (Japan) (Demo 2);
SLPM_869.83;SuperLite 3in1 Series - Card Game-shuu (Japan);
"SLPM_800.16
SLPM_800.24
SLPM_800.25
SLPM_800.26";TIZ - Tokyo Insect Zoo (Japan) (Demo);
SLPS_009.46;Ayakashi Ninden Kunoichiban (Japan) (Disc 1);
SLPS_009.47;Ayakashi Ninden Kunoichiban (Japan) (Disc 2);
SLPS_013.58;Ginga Eiyuu Densetsu (Japan);
SLPS_019.83;Blackjack vs. Matsuda Jun (Japan);
SLPM_802.61;Derby Stallion Magazine Furoku CD-ROM Vol. 8 (Japan);
SLPS_012.28;Tenshi Doumei (Japan);
SLPM_871.44;Simple 1500 Series Vol. 102 - The Densha Untenshu - Densha de Go! Nagoya Tetsudou-hen (Japan);
SCPS_101.37;Koukyaku Kikou Shidan - Bein Panzer (Japan);
SCED_040.82;Euro Demo (Future) 103 (Europe);
SLPS_004.14;Shingata Kururin Pa! (Japan);
SLPS_031.28;Nihon Pro Mahjong Renmei Kounin - Doujou Yaburi 2 (Japan);
SLPS_015.84;End Sector (Japan);
SLPM_866.01;Najavu no Daibouken - My Favorite Namjatown (Japan);
SLPS_013.61;Hit Back (Japan);
SLPM_802.17;Hyper PlayStation Re-mix 1998 No. 3 (Japan);
SLPS_019.39;Nurse Story (Japan);
SLPM_871.75;Dog Master, The (Japan) (Shokai Genteiban);
SLPM_866.29;Power Shovel ni Norou!! (Japan);
SLPS_028.48;Kids Station - Soreike! Anpanman (Japan);
SLPS_028.73;Kids Station - Bokura to Asobou! Ultraman TV (Japan);
SLES_016.85;Tomb Raider III - Adventures of Lara Croft (Spain);
SLPS_033.78;Family Igo - Super Strong (Japan);
SLPS_035.51;Slot! Pro 8 - Shimamusume 30 & Hana Densetsu 25 (Japan);
SLPS_033.91;Pachi-Slot Teiou - Maker Suishou Manual Vol. 7 - Trick Monster 2 (Japan);
SLPS_035.00;Final Fantasy (Japan) (Premium Package);
SLPS_035.01;Final Fantasy II (Japan) (Premium Package);
SLED_006.90;Lifeforce Tenka (Europe) (Demo);
SLPS_026.72;Taisen Ren'ai Simulation - Trifers Mahou Gakuen (Japan);
SLPS_035.49;Game de Hajimeru TOEIC Test - Mazu wa Nyuumon-hen 1500 (Japan);
SLPS_033.65;Hissatsu Pachinko Station Now 9 - Dirty Pair (Japan);
SLPS_028.56;Hissatsu Pachinko Station Now 5 - GeGeGe no Kitarou (Japan);
SLPS_017.12;Golgo 13 Vol. 1 - Carlyle no Yabou (Japan) (En,Ja);
SLES_024.02;Manager de Liga (Spain) (Beta) (2000-02-22);
SLPS_034.03;Kids Station - Kamen Rider Heroes (Japan);
SLES_029.94;Driver 2 - Back on the Streets (France) (Disc 1);
SLES_129.94;Driver 2 - Back on the Streets (France) (Disc 2);
SLPS_033.82;Memorial Series - Sunsoft Vol. 4 (Japan);
SCES_021.79;Tetris Magiska Utmaning (Sweden);
SLES_034.84#;Vil du bli millionaer (Norway);
SLPS_015.53;Kaisoku Tenshi - The Rapid Angel (Japan);
SLPS_027.99;Hissatsu Pachi-Slot Station 4 - New Pulsar R & Hot Rod Queen (Japan);
SLES_016.49;Tomb Raider III - Adventures of Lara Croft (Europe) (Rev 1);
SLPM_872.11;SuperLite 1500 Series - Maerchen Adventure - Cotton 100% (Japan);
SLPM_804.31;Herohero-kun to Ralph no Daibouken (Japan);
SLPM_860.06;Pachinko Dream (Japan);
SLPS_027.28;Breath of Fire IV (USA) (Beta) (2000-05-01);
SLPS_004.65;Honoo no 15 Shumoku - Atlanta Olympics (Japan);
SLPS_006.64;Dragon Knight 4 (Japan);
SLPM_806.17;One Piece Mansion (Japan) (Demo);
SLPM_806.22;Tokyo Majin Gakuen - Gehouchou (Japan) (Demo);
SLPS_027.85;Persona 2 - Batsu - Eternal Punishment (Japan) (Disc 1) (Deluxe Pack);
SLPS_027.86;Persona 2 - Batsu - Eternal Punishment (Japan) (Disc 2) (Sumaru TV Special Preview Disc) (Deluxe Pack);
SLPM_804.74;Touge Max G (Japan) (Demo);
SLPS_009.23;Last Report, The (Japan);
SLPS_015.67;Captain Commando (Japan);
SLPM_867.29;Exciting Bass 3 (Japan);
SLPM_862.72;Rakugaki Showtime (Japan);
SLUS_009.78;007 - The World Is Not Enough (USA) (Beta) (2000-08-26);
SLPS_003.83;Time Gal & Ninja Hayate (Japan) (En,Ja) (Disc 1) (Time Gal);
SLPS_003.84;Time Gal & Ninja Hayate (Japan) (En,Ja) (Disc 2) (Ninja Hayate);
SLPS_034.36;Dynamite Soccer 2002 (Japan);
SCED_041.34;Euro Demo (Future) 108 (Europe);
SLPS_018.53;Adventure of Little Ralph, The (Japan) (Rev 1);
SLPS_025.30;Dai-3-ji Super Robot Taisen (Japan);
SLPS_013.21;Saikyou no Igo (Japan);
SLES_029.97#;Driver 2 - Back on the Streets (Spain) (Disc 1) (Rev 1);
SLES_129.97#;Driver 2 - Back on the Streets (Spain) (Disc 2) (Rev 1);
SLPS_022.70;Dream Generation - Koi ka Shigoto ka!... (Japan);
SLPS_021.16;Community Pom - Omoide o Dakishimete (Japan);
SLES_039.52;Delta Force Urban Warfare (France);
SLPS_018.58;Gionbana 2 - Kanazawa Bunko-hen (Japan);
SLPS_017.63;Famires, The - Shijou Saikyou no Menu (Japan);
SLPS_910.54;DX Nippon Tokkyuu Ryokou Game - Let's Travel in Japan (Japan) (Rev 1);
SLED_031.15;Dave Mirra Freestyle BMX (Europe) (Demo);
SLPS_003.41;Irem Arcade Classics (Japan);
SLPS_023.32;Kaeru no Ehon - Nakushita Kioku o Motomete (Japan);
SLPM_803.20;Tokyo Game Show '98 Autumn - Sunsoft Shinsaku Title Taikenban (Japan);
SLPS_026.91;Wizardry - Dimguil (Japan) (Rev 1);
SCPS_101.29;Dotchi Mecha! (Japan);
SLED_007.96;International Superstar Soccer Pro (Europe) (Demo);
SLPM_869.79;Kids Station - Kuma no Pooh-san - Mori no Tomodachi (Japan) (Controller Set);
SLPS_013.34;Himitsu Kessha Q (Japan);
SLPM_804.42;Planet Dob (Japan) (Demo);
SLPM_805.08;Marvel vs. Capcom - Clash of Super Heroes - EX Edition (Japan) (Demo);
SCPM_850.01;Jumping Flash! Aloha Danshaku Funky Daisakusen no Maki (Japan) (Taikenban);
SLPM_801.66;Densha de Go! (Japan) (Demo);
SLPM_804.30;Acid (Japan) (Demo);
SLED_004.47;Formula Karts - Special Edition (Europe) (Demo);
"SLES_012.04
SLES_012.04#
SLES_012.04#2";Colin McRae Rally (Italy) (Rev 1);
SLPM_804.80;Hyper PlayStation Re-mix 1999 No. 10 (Japan);
SLPM_804.95;Hyper PlayStation Re-mix 1999 No. 11 (Japan);
SLPM_805.04;Hyper PlayStation Re-mix 1999 No. 12 (Japan);
SLES_002.21;Play It (Europe);
SLPM_801.13;Hyper PlayStation Re-mix No. 7 (Japan) (Disc 1);
SLPM_801.14;Hyper PlayStation Re-mix No. 7 (Japan) (Disc 2);
SLPM_801.46;Hyper PlayStation Re-mix No. 10 (Japan);
"PAPX_900.48
SLPM_802.39";Hanabi - Fantast (Japan) (Demo);
SLPM_801.22;Hyper PlayStation Re-mix No. 8 (Japan);
SLPM_803.02;Guilty Gear (Japan) (Taikenban);
SLPS_012.05;Groove Jigoku V - SweepStation Version (Japan);
SLPS_004.41;Fuuun Gokuu Ninden (Japan);
SLPM_868.81;Tokimeki Memorial 2 Substories - Memories Ringing On (Japan) (Disc 1);
SLPM_868.82;Tokimeki Memorial 2 Substories - Memories Ringing On (Japan) (Disc 2);
SLPS_027.49;Tobaku Mokushiroku Kaiji (Japan);
SLPS_013.39;Jikki Pachi-Slot Tettei Kouryaku - Yamasa Collection (Japan);
SLPM_804.60;Kaeru no Ehon - Nakushita Kioku o Motomete (Japan) (Demo);
SLPM_871.15;SuperLite 1500 Series - Densetsu-juu no Ana - Monster Complete World Ver. 2 (Japan);
SLPM_869.81;SuperLite 3in1 Series - Tsuri-shuu (Japan);
"SLPS_024.20
SLPS_029.57";Lunatic Dawn - Odyssey (Japan);
SLPS_025.88;Morita Kazurou no Mahjong (Japan);
SLPS_019.78;Saikyou no Shougi (Japan);
SLPS_028.70;Heiwa Parlor! Pro - Inakappe Taishou Special (Japan);
SLPM_871.51;Mobile Tomodachi (Japan);
SLPM_803.10;Destrega (Japan) (Demo);
SLPM_803.64;Fuujin Ryouiki Eretzvaju (Japan) (Demo);
SLPM_872.81;SuperLite 1500 Series - Carnage Heart EZ (Easy Zapping) (Japan);
SLPM_872.39;SuperLite 1500 Series - Carnage Heart (Japan);
SLPS_034.89;Family Shougi 2 (Japan);
SLPM_885.01;MGG - Manic Game Girl (Korea);
SLPM_840.10;GRV 2000 (Japan);
SCES_003.11;MediEvil (Europe) (Beta) (1998-07-31) (v0.41D);
SLED_024.12;MTV Sports - Snowboarding (Europe) (Demo);
SLPS_001.42;Senryaku Shougi (Japan);
SLED_018.17;Driver (Europe) (Demo);
SLPS_034.88;Family Igo 2 (Japan);
SLPM_870.35;Simple 1500 Series Vol. 89 - The Power Shovel ni Norou!! (Japan);
SCES_018.33;Anna Kournikova's Smash Court Tennis (Europe);
SLES_024.23;Front Mission 3 (Europe) (Beta) (2000-06-16);
SLPM_871.89;SuperLite 1500 Series - Wizard's Harmony (Japan);
SLPS_018.99;Oasis Road (Japan);
SLPM_802.19;Clock Tower - Ghost Head (Japan) (Demo);
SLPM_805.87;Dioramos (Japan) (Demo);
SLPM_803.26;Kamen Rider (Japan) (Demo);
SLPM_805.01;Dirt Champ Motocross No. 1 (Japan) (Demo);
SLPM_803.93;X Games Pro Boarder (Japan) (Demo);
SLPM_803.36;Eurasia Express Satsujin Jiken (Japan) (Demo);
SLPM_805.68;Meitantei Conan - 3-nin no Meisuiri (Japan) (Demo);
SLPM_803.60;Soukou Kihei Votoms - Lightning Slash (Japan) (Demo);
SLPM_801.51;StarSweep (Japan) (Demo 2);
SLPM_804.15;Taiken Bandai Vol. 2 (Japan);
SLPM_802.18;Ultraman - Fighting Evolution (Japan) (Demo);
SLPS_034.93;Ninpuu Sentai Hurricanger (Japan);
SLPS_002.68;Logic Puzzle Rainbow Town (Japan);
SLED_014.96;Wild 9 (Europe) (Demo);
SLPS_014.51;Ginga Ojousama Densetsu Yuna - Final Edition (Japan);
SLPS_009.92;SeaBass Fishing 2 (Japan);
SLPM_864.67;Taikyoku Igo - Shinzui Gosennin - Nigou (Japan);
SLED_011.94;Chill (Europe) (Demo);
SLPM_872.44;Wai Wai Kusa Yakyuu (Japan);
SLPS_003.68;Wedding Peach - Doki Doki Oironaoshi (Japan);
SLPS_006.41;Lode Runner Extra (Japan);
SLPS_022.74;Yuuyami Doori Tankentai (Japan);
SLPS_004.36;Toaplan Shooting Battle 1 (Japan);
SLPS_022.77;Morita Kazurou no Shougi Doujou (Japan);
SCED_022.56;Mental Wealth - ECTS '99 Demo Disc (UK) (En,Fr,De,Es,It);
SLPS_017.53;Densha Daisuki - Plarail ga Ippai (Japan);
SCPS_100.87;Gekisou Tomarunner (Japan);
SLED_005.94;Disruptor (Europe) (Demo);
SCED_008.77;Blockbuster Playstation Challenge (Europe);
SLED_015.48;V2000 (Europe) (En,Fr,De,Es,It) (Demo);
SLED_019.42;Tank Racer (Europe) (Demo);
SLED_022.51;Atari Demo Disk (Europe);
SLED_023.85;Championship Motocross featuring Ricky Carmichael (Europe) (Demo);
SLED_028.09;Codemasters Demo Disk (Europe);
SLPS_034.87;Family 1500 Series - Mahjong (Japan);
SLPS_024.07;Click Manga - Dynamic Robot Taisen 2 - Kyoufu! Akuma Zoku Fukkatsu (Japan);
SLPS_017.11;Curiosity Kills the Cat Koukishin wa Neko o Korosu ka (Japan);
SLPS_032.39;Colorful Logic 3 (Japan);
SCES_021.83;Disneys Tarzan (Norway);
SLPS_022.26;Mr. Prospector - Horiate-kun (Japan);
SLPS_003.63;Arthur to Astaroth no Nazo Makaimura - Incredible Toons (Japan);
SLPS_021.43;Milano no Arbeit Collection (Japan);
SLPS_018.76;Omise de Tenshu (Japan);
SLPM_870.68;AI Shougi Selection (Japan);
SLPM_871.73;Arcade Hits - Magical Drop (Japan);
SLPS_029.65;Kimi ni Steady (Japan);
SLPS_019.60;Soukou Kihei Votoms - Lightning Slash (Japan) (Limited Edition);
SLPS_002.23;WWF WrestleMania - The Arcade Game (Japan);
SLPS_033.48;Family Diamond (Japan);
SLPS_034.48;Kids Station - Hello Kitty no Ouchi e Oide yo! (Japan);
SLPM_865.25;Battle Athletess - Daiundoukai Alternative (Japan) (Major Wave);
SLPS_018.52;Gakuen Sentai Solblast (Japan);
SLPS_034.54;Kowai Shashin - Shinrei Shashin Kitan (Japan);
SLPS_034.05;Kids Station - Soreike! Anpanman 3 - Sugoroku Anpanman (Japan);
SLPS_035.44;Kids Station - Hello Kitty to Album Nikki o Tsukurimasho! (Japan);
SLPM_870.40;Shin Megami Tensei - Devil Children - Kuro no Sho, Aka no Sho (Japan);
SLPM_866.43;Zipangu-jima - Unmei wa Saikoro ga Kimeru! (Japan) (Major Wave);
SLPS_028.75;Kids Station - Oja Majo DoReMi - Maho-dou Dance Carnival! (Japan);
SCED_032.01;This Is Football 2 (Netherlands) (Demo);
SLES_007.61#;Viva Football (Europe) (En,Fr,De,Es,It,Pt) (Rev 1);
SLPM_868.05;Magical Drop F - Daibouken mo Rakujanai! (Japan) (Major Wave);
SLPS_007.42;Ultima Underworld - The Stygian Abyss (Japan);
SCPS_100.59;Legend of Legaia (USA) (Beta) (1998-11-16);
SLPS_014.12;Eberouge Special - Koi to Mahou no Gakuen Seikatsu (Japan);
SLPM_800.78;Ray-Ray CD-ROM (Japan);
SLPS_029.03;SD Gundam - GGeneration-F (Japan) (Disc 4) (Premium Disc) (Limited Edition);
SCES_032.36;This Is Football 2 (Belgium);
SLPS_020.25;Chibi Chara Game - Ginga Eiyuu Densetsu (Japan) (Disc 1) (Go! Go! Casino) (Shokai Tokuten Yan Genteiban);
SLPS_020.26;Chibi Chara Game - Ginga Eiyuu Densetsu (Japan) (Disc 2) (Let's Surogoku) (Shokai Tokuten Yan Genteiban);
SLPS_033.18;Kids Station - Bishoujo Senshi Sailor Moon World - Chibiusa to Tanoshii Mainichi (Japan);
SLPS_031.31;Derby Jockey 2001 (Japan);
"SLPS_001.09
SLPS_008.40";AI Shougi (Japan);
SLPM_805.07;Soumatou (Japan) (Demo);
SLPS_025.45;Kimero!! Hero Gakuen - Eiyuu ni Kotae Nashi (Japan);
SLPS_018.21;Kita Denshi - Virtua Pachi-Slot (Japan);
SLPM_803.46;Densha de Go! 2 (Japan) (Demo 1);
SLPS_033.17;Kids Station - Bishoujo Senshi Sailor Moon World - Chibiusa to Tanoshii Mainichi (Japan) (Controller Set);
SLPS_014.72;Shake Kids (Japan);
SLPM_805.20;Memory Card Data Book Vol. 4 (Japan);
SLPS_019.03;Farland Saga - Toki no Michishirube (Japan);
SLPM_804.33;Adventure of Little Ralph, The (Japan) (Demo);
SLPS_022.78;Morita Kazurou no Reversi (Japan);
SLPM_806.32;Capcom vs. SNK - Millennium Fight 2000 Pro (Japan) (Demo);
SLPM_803.41;Fighting Illusion - K-1 Grand Prix '98 (Japan) (Demo);
SLPM_804.67;Front Mission 3 (Japan) (Demo);
SLPM_800.61;Goo-Cho de Park - Theme Park Monogatari (Japan) (Demo);
SLPM_805.37;Strider Hiryuu 1 & 2 (Japan) (Demo);
SLPS_033.01;Kids Station - Barbapapa (Japan) (Controller Set);
SCUS_943.86;NCAA GameBreaker 2000 (USA) (Demo);
SLPS_008.74;Ooumi Nobunaga Den - Geten II (Japan);
SLPM_863.12;Sangokushi VI with Power-Up Kit (Japan);
SLPS_005.53;Super Robot Shooting (Japan) (Genteiban);
SLPS_016.78;Tenka Touitsu (Japan) (Rev 1);
SLPM_871.69;Kids Station - Ugoku Tomica Zukan (Japan);
SLPS_017.78;Puzzle Mania (Japan);
SLPM_803.34;Derby Stallion Magazine Furoku CD-ROM Vol. 12 (Japan);
SLPM_802.80;Derby Stallion Magazine Furoku CD-ROM Vol. 9 (Japan);
SLPS_017.89;Tower Dream 2 (Japan);
SLPS_024.90;Chou Jiryoku Senshi Microman - Generation 2000 (Japan);
SLPS_915.17;Summon Night 2 (Japan) (Disc 1) (Rev 1);
SLPS_024.06;Dai-2-ji Super Robot Taisen (Japan);
SLPS_017.54;Mahoutsukai ni Naru Houhou (Japan);
SLES_028.62;Sydney 2000 (Australia);
SLPS_001.15;Kuma no Pooh-tarou - Sora wa Pink da! Zen'in Shuugou!! (Japan);
SCED_032.04;This Is Football 2 (Italy) (Demo);
SLPS_011.77;Kimagure My Baby - Musume no Sugoroku Seichouki (Japan);
SLPM_802.53;Murakoshi Seikai no Bakuchou Nihon Rettou (Japan) (Demo);
SLPM_804.86;Fun! Fun! Pingu - Youkoso! Nankyoku e (Japan) (Demo);
SLPM_803.48;Dance! Dance! Dance! (Japan) (Demo);
SLPM_802.23;Kattobi Tune (Japan) (Demo);
SLPM_802.91;Mobile Suit Gundam - Char's Counter Attack (Japan) (Demo);
SLPM_801.59;EGWord Ver 2.00 (Japan);
SLPM_804.44;Yuuyami Doori Tankentai (Japan) (Demo);
SLPS_015.46;Rami-chan no Ooedo Sugoroku - Keiou Yuugekitai Gaiden (Japan);
SLPM_805.22;Rescue Shot Bubibo & Biohazard - Gun Survivor - GunCon Taiou Shooting Taikenban (Japan);
SLED_026.04;Discworld Noir (Europe) (En,Es,It) (Demo);
SLPS_002.31;Asuka 120% Special - Burning Fest. Special (Japan);
SCES_017.38;Disney-Pixar Sma-kryp (Norway);
SLPS_002.62;Bishoujo Senshi Sailor Moon SuperS - Shin Shuyaku Soudatsusen (Japan);
SLPS_018.54;Kuubo Senki (Japan);
SLPM_805.09;Summon Night (Japan) (Demo);
PAPX_900.43;Dynamite Soccer 98 (Japan) (Demo);
SLPM_804.09;GI Jockey (Japan) (Demo);
"PAPX_901.03
PAPX_901.04";Legend of Dragoon, The (Japan) (Demo 3);
PAPX_900.80;Omega Boost (Japan) (Demo);
SLPS_024.08;Hissatsu Pachinko Station 7 - CR Chumy House XL & CR Battle Hero V & Fine Play (Japan);
SLPS_009.41;Bishoujo Hanafuda Kikou - Michinoku Hitou Koi Monogatari (Japan);
SLPS_025.02;Michinoku Hitou Koi Monogatari Kai (Japan);
SLPM_868.99;Love Game's - Wai Wai Tennis Plus (Japan);
SLPM_801.95;Koguma-chan no Daibouken (Japan);
SLPM_801.96;Hacha Mecha Pon! (Japan);
SLPM_801.94;Myaon o Sagase (Japan);
SLPM_840.17;Kids Station - Basic Soft (Japan);
SLED_024.40;Compilation 04 (Australia);
SLPS_033.22;Kids Station - LEGO no Sekai (Japan);
SLPS_911.31;Shin Theme Park (Japan) (Rev 1);
SLED_036.31;Sheep, Dog 'n' Wolf - Interactive Demo (Europe) (En,Fr,De,Es,It,Nl);
SCUS_943.65;3Xtreme (USA) (Demo);
SLUS_900.58;Bugs Bunny - Lost in Time (USA) (En,Fr,Es) (Demo);
SLUS_900.77;Galerians (USA) (Demo);
SCUS_946.19;PlayStation Demo Disc Ver. 1.15 (USA);
SCUS_942.61;Best of PlayStation Underground Year One, The (USA);
SLUS_900.86;Tony Hawk's Pro Skater 2 (USA) (Demo);
SLPS_023.58;Hyouryuuki - The Reportage Beyond the Sea (Japan);
SCED_031.99;This Is Football 2 (UK) (Demo);
SLPM_862.95;Exciting Bass 2 (Japan);
SLPS_006.96;Gekiretsu Pachinkers (Japan);
SLPM_869.56;SuperLite 3in1 Series - Suudoku-shuu (Japan);
SLPS_032.62;Oyaji no Jikan - Nee-chan Mahjong de Shoubu ya! (Japan);
SLPS_000.05;Mahjong Station Mazin (Japan);
SCPS_451.96;Castlevania - Symphony of the Night (Asia);
SCPS_452.94;International Superstar Soccer Pro '98 (Asia);
SCPS_454.97;ISS Pro Evolution (Asia);
SCPS_450.03;Sanguozhi IV (Asia) (En,Zh);
SCPS_451.28;Sanguozhi V (Asia);
PBPX_950.05;Holiday Special (Japan);
PAPX_900.37;XI [sai] (Japan) (Demo 2);
SLPM_801.03;Indy 500 (Japan) (Demo);
SLPS_034.86;Memorial Series - Sunsoft Vol. 6 (Japan);
SLED_024.50;No Fear Downhill Mountain Biking (Europe) (Demo);
SCPS_455.10;Shediao Yingxiongzhuan (Asia);
SLPS_034.61;Saikyou Ginsei Mahjong (Japan);
SLPS_028.77;Shinobi no Roku (Japan);
SLPS_017.61;Nishijin Pachinko Tengoku Vol. 3 (Japan);
"PAPX_900.21
PAPX_900.24";Rurouni Kenshin - Meiji Kenkaku Romantan - Juuyuushi Inbou-hen (Japan) (Demo);
SLPS_025.79;Uki Uki Tsuri Tengoku - Gyoshin Densetsu o Oe (Japan);
SLPS_006.52;Ultraman Zearth (Japan);
SLPM_869.32;Kids Station - Kuma no Pooh-san - Mori no Nakama to 1, 2, 3 (Japan) (Controller Set);
SLPS_008.58;Next King - Koi no Sennen Oukoku (Japan) (Genteiban);
SLUS_002.58;Street Fighter Alpha 2 (USA) (Rev 1);
SLPS_003.69;Hokuto no Ken (Japan);
SLPS_028.90;Murakoshi Seikai no Bakuchou Nihon Rettou 2 (Japan);
SLPS_031.73;Kids Station - Yancharu Moncha (Japan);
SLPS_007.97;Farland Story - Yottsu no Fuuin (Japan);
SLES_036.23;Spider-Man 2 - Enter - Electro (Europe);
SLUS_002.32;Pandemonium! (USA) (Rev 1);
SLPS_022.85;AI Shougi 2 Deluxe (Japan);
SLUS_010.26;Dave Mirra Freestyle BMX (USA);
SLPM_869.05;Kids Station - Hello Kitty no Oshaberi ABC (Japan);
SLPS_023.54;Click Manga - Click no Hi (Japan);
SLES_024.29;Amerzone - O Testamento do Explorador (Portugal) (Disc 1);
SLES_124.29;Amerzone - O Testamento do Explorador (Portugal) (Disc 2);
SLPS_031.84;Sentimental Graffiti (Japan);
SLES_014.22;Global Domination (France);
SCED_021.21;M6 PlayStation - Best of '99 Vol. 1 (France);
SLPM_860.76;Yoshimura Shougi (Japan);
SCED_027.85;Pub Demo 04 (Europe);
SCED_027.84;Pub Demo 03 (Europe);
SLPM_866.39;Cross Tantei Monogatari 1 - Kouhen (Japan);
SLPS_020.37;Dragon Money (Japan);
SCPS_451.84;Suikoden (Asia);
PSXCDCLEAN;Laser Clean (USA) (Unl);
SCES_014.44;Jackie Chan Stuntmaster (Europe) (Recalled);
SCED_032.05;Esto Es Futbol 2 (Spain) (Demo);
SLPS_032.16;Emmyrea (Japan);
SLPS_033.25;Sekai Saikyou Ginsei Igo (Japan);
SLED_019.89;PlayStation Power (Spain) (Virgin Interactive);
SCED_019.79;Formula One 99 (Europe) (En,Fr,De,It) (Beta) (1999-09-09);
SLPM_870.02;Kids Station - Mickey & Minnie no Magical Kitchen (Japan) (En,Ja) (Controller Set);
SLES_000.23.;Striker 96 (Europe) (Rev 1);
SLPS_011.13;Toushinden - Card Quest (Japan);
"SLPS_009.56
SLPS_023.25";Yuukyuu Gensoukyoku (Japan);
SLPS_023.29;Yuukyuu Gensoukyoku 3 - Perpetual Blue - Visual Collection (Japan);
SLPS_031.86;Minna no Kanji Kyoushitsu - Chousen! Kanji Kentei (Japan);
SLES_033.09;LEGO Island 2 - The Brickster's Revenge (Portugal);
SLUS_014.17;Harry Potter and the Philosopher's Stone (Canada) (En,Fr,De);
SCUS_946.11;Toys R Us Summer Demo Disc (USA);
SLPS_034.96;Funky Boxers (Japan);
SLPS_020.59;Kanazawa Shougi - Tsuki (Japan);
SCED_019.92;Cha Cha Special 04-99 Demo (Belgium, Netherlands) (En,Fr,Nl);
SLED_017.87;Warzone 2100 (UK) (Demo);
SLED_006.65;Swagman (Europe) (En,Fr,De) (Demo);
"SLPS_002.51
SLPS_026.56";Discworld (Japan);
SLPM_801.60;Nissan Presents - Over Drivin' - Skyline Memorial (Japan) (Demo);
SLPM_800.84;Tech PlayStation 97-4 (Japan);
SLPM_801.88;Tech PlayStation Vol. 1 (Japan);
SLPS_031.26;History of Kita Denshi (Japan);
SLPM_861.71;Sangokushi Returns (Japan);
PAPX_900.14;Love Game's - Wai Wai Tennis (Japan) (Demo);
SLPM_890.09;Play de Oboeru Series 6 - Play de Oboeru Kanji Kentei Deruderu 1100 (Japan) (Shotenban);
SLPS_014.74;Misaki Aggressive! (Japan);
SLPS_033.70;Heiwa Parlor! Pro - Tsunatori Special (Japan);
SLPS_025.29;Super Robot Taisen EX (Japan);
SLPM_803.55;Sony Computer Entertainment Hyper Fan Book (Japan);
SLPS_004.13;Heiwa Pachinko Daisuki (Japan);
SLPM_801.53;Memory Card Data Book Vol. 1 (Japan);
SLPS_024.95;Heiwa Pachinko Graffiti Vol. 2 (Japan);
SLPM_802.05;G Darius (Japan) (Demo);
SCPS_100.39;Linda^3 Again (Japan);
SLPM_804.83;Famitsu Wave 10-gatsugou Vol. 15 (Japan);
SLPS_033.39;Hissatsu Pachinko Station SP3 (Japan);
SLPM_870.00;Kids Station - Kuma no Pooh-san - Mori no Kyoushitsu (Japan) (Controller Set);
SLPM_804.22;Cybernetic Tuning Master, The - Exhaust King (Japan);
SLPM_840.13;Harry Potter to Kenja no Ishi (Japan) (Coca-Cola Kenshouhin);
SLES_016.90#;LEGO Rock Raiders (Europe) (En,Fr,De,Es,It,Nl,Sv,No,Da,Fi) (Rev 1);
SLPS_032.53;Slot! Pro 3 - Juggler Special (Japan);
SCED_032.37;This Is Football 2 (Belgium) (Demo);
SLES_013.63#;C3 Racing - Car Constructors Championship (Europe) (En,Fr,De,Es,It) (Rev 1);
SLPM_801.68;Tomb Raider 2 (Japan) (Demo);
SLPS_034.69;Slot! Pro 6 - Hyper Juggler V (Japan);
SLPM_870.10;SuperLite Gold Series - Minna no Shougi - Joukyuu-hen (Japan);
SLPS_012.47;Nobunaga no Yabou - Sengoku Gunyuuden (Japan);
SLPM_870.09;SuperLite Gold Series - Minna no Shougi - Chuukyuu-hen (Japan);
SLPM_800.17;Advanced V.G. (Japan) (Demo);
SLPM_872.55;Arcade Hits - Soukyuu Gurentai (Japan);
SLES_014.21;Formula 1 98 (Europe) (En,Fr,De,Es,It,Fi);
SLPS_034.42;Pachi-Slot Teiou - Shimauta-30, Twist, Nangoku Monogatari-30 (Japan);
SLPS_034.68;Slotter Mania 5 - Gekiuchi Shinzui! Hyper Juggler V & Kita-chan Country & Wonder Review 2 (Japan);
SLPM_872.40;SuperLite 1500 Series - Neo Atlas (Japan);
SLPM_803.67;Susume! Kaizoku - Be Pirates! (Japan) (Demo);
SLPM_805.21;Densha de Go! Nagoya Tetsudou-hen (Japan) (Demo);
SLPS_034.35;Yakitori Musume - Sugoude Hanjouki (Japan);
"SLPM_865.47
SLPS_034.98";Stray Sheep - The Adventure of Poe & Merry (Japan) (Rev 1);
SLPM_805.19;Chouzetsu Daigirin 2000-nen Fuyu-ban (Japan);
SLPM_872.27;SuperLite 1500 Series - Advanced V.G. (Japan);
SLPM_872.26;SuperLite 1500 Series - Advanced V.G. 2 (Japan);
SLPM_871.52;SuperLite 1500 Series - Asuka 120% Final - Burning Fest. Final (Japan);
SCUS_949.66;Interactive CD Sampler Pack Volume Three (Version 3.5) (USA);
SLPS_012.38;Zutto Issho - With Me Everytime... (Japan);
SLPS_034.40;Pachi-Slot Aruze Oukoku 7 (Japan) (Disc 2) (4th Reel Disc);
SLPM_872.38;SuperLite 1500 Series - A5 - A Ressha de Ikou 5 (Japan);
SLES_028.08;V-Beach Volleyball (Europe) (En,Fr,De,Es,It) (Beta) (2000-04-21);
SLPS_027.19;Flamberge no Seirei (Japan);
SLUS_012.24A;Arc the Lad Collection - Arc the Lad (USA) (Beta) (2001-08-24);
SLUS_900.40;Eidos Demo CD (USA);
SLPM_863.50;Tokimeki Memorial 2 (Japan) (Disc 1) (Limited Box);
SLPM_863.51;Tokimeki Memorial 2 (Japan) (Disc 2) (Limited Box);
SLPM_863.52;Tokimeki Memorial 2 (Japan) (Disc 3) (Limited Box);
SLPM_863.53;Tokimeki Memorial 2 (Japan) (Disc 4) (Limited Box);
SLPM_863.54;Tokimeki Memorial 2 (Japan) (Disc 5) (Limited Box);
SLPM_885.02;Disney's Donald Duck - Goin' Quackers (Korea);
SLPM_885.03;Rayman Rush (Korea);
SLKA_020.01;Strikers 1945 II (Korea);
SLUS_000.61;Soviet Strike (USA) (Rev 1);
"SLUS_008.84
SLUS_008.84GH";Star Wars - Episode I - The Phantom Menace (USA) (Rev 1);
SLPM_872.83;SuperLite 1500 Series - Neo Atlas II (Japan);
SLPS_000.79E;J.League Soccer - Prime Goal EX (Japan) (Lawson Station);
DTL_S2170;PlayStation Programmer Tool - Runtime Library Version 2.6 (Japan) (En,Ja);
SLPM_865.24;Lord Monarch - Shin Gaia Oukokuki (Japan) (Major Wave);
SLPM_870.37;SuperLite Gold Series - Wizardry - Llylgamyn Saga (Japan);
SLPM_872.31;SuperLite 1500 Series - A Ressha de Ikou 4 - Evolution Global (Japan) (En,Ja,Fr,De);
SCPS_100.08;Arc the Lad (Japan);
SLUS_001.90;Oddworld - Abe's Oddysee (USA) (Rev 1);
SLPM_869.82;SuperLite 3in1 Series - Board Game-shuu (Japan);
SLPM_871.50;Kenki Ippatsu! Crane Master ni Narou! (Japan) (Major Wave);
SLPM_804.63;Psychic Force 2 (Japan) (Demo);
SLPS_034.80;Sekai Saikyou Ginsei Igo 2 (Japan);
PCPX_961.76;Arc the Lad III (Japan) (Demo 3);
SLPM_867.59;Baroque - Yuganda Mousou (Japan);
SLPM_800.35;Twilight Syndrome - The Memorize (Japan);
DTL_S2180;PlayStation Programmer Tool - Runtime Library Version 3.0 (Japan) (En,Ja);
SLPM_869.60;Angel Blade - Neo Tokyo Guardians (Japan) (Major Wave);
SLPM_805.23;Fish Eyes II (Japan) (Demo);
SLPM_805.15;Jet de Go! Let's Go by Airliner (Japan) (Demo);
PAPX_900.53;Klaymen Series (Japan) (Demo);
PAPX_900.81;Lord of Monsters (Japan) (Demo);
SLES_123.45;Alfred Chicken (Europe) (Beta) (2001-12-03);
SCUS_946.69;Stuart Little 2 (USA) (Beta) (2002-04-27);
SCES_039.37;Disney's Treasure Planet (Europe) (Beta) (2002-08-01);
SLPS_007.42;Ultima Underworld - The Stygian Abyss (Japan) (Rev 1);
SLPS_025.57;Virtua Pachi-Slot VI (Japan);
SLES_007.18#;Tomb Raider II - Starring Lara Croft (Europe) (EDC);
SLPM_802.51;Memory Card Data Book Vol. 2 (Japan);
SLPM_840.02;Kellogg Original Waku Waku Doki Doki Ninki Game Chara Daishuugou! (Japan);
"PAPX_901.01
PAPX_901.02";Vib-Ribbon (Japan) (Demo);
SLPM_805.10;Runabout 2 (Japan) (Demo);
SLPM_806.26;Zanac x Zanac (Japan) (Demo);
SLPM_802.71;Seirei Shoukan - Princess of Darkness (Japan) (Demo);
SLPM_804.20;Kouyasai - A Sherd of Youthful Memories (Japan) (Demo);
SLPM_801.61;MeltyLancer - Re-inforce (Japan) (Demo);
SLPM_800.09;Gouketsuji Ichizoku 2 - Chotto dake Saikyou Densetsu (Japan) (Demo);
SLPM_801.15;Breath of Fire III (Japan) (Demo);
SLPM_804.68;Echo Night 2 - Nemuri no Shihaisha (Japan) (Demo);
PAPX_900.78;Spyro the Dragon (Japan) (Demo);
SLPM_802.59;Daiobake Yashiki - Hamamura Jun no Jitsuwa Kaidan (Japan) (Demo);
SLPM_804.73;Croc Adventure (Japan) (Demo);
SLUS_010.26;Dave Mirra Freestyle BMX (USA) (Beta) (2000-08-21);
SLES_000.25;Swagman (Europe) (En,Fr,De) (Beta) (1997-05-19);
SLPS_035.54;Minna Atsumare! Igo Kyoushitsu (Japan);
PCPX_961.96;MiruMiru PlayStation Vol. 43 (Japan);
PAPX_900.05;Beyond the Beyond (Japan) (Tentou-you Special CD-ROM);
SLPS_021.92;Galerians (Japan) (En,Ja) (Disc 1) (Beta) (1999-11-02);
SLPS_021.93;Galerians (Japan) (En,Ja) (Disc 2) (Beta) (1999-11-02);
SLPM_801.31;Pastel Muses (Japan) (Demo);
PAPX_901.05;Addie no Okurimono - To Moze from Addie (Japan) (Otameshi-ban);
SLPM_802.46;Real Bout Garou Densetsu Special - Dominated Mind (Japan) (Demo);
SLPM_804.02;Comic Bom Bom - DigimonWorld Premium Disc (Japan);
SLPM_804.69;Silver Jiken - The Silver - Experience (Japan) (Demo);
SLPM_805.17;Street Fighter EX2 Plus (Japan) (Demo);
PCPX_960.58;I.Q - Intelligent Qube (Japan) (Demo);
SLPM_871.62;SuperLite 1500 Series - Naniwa Wangan Battle (Japan);
SLPM_872.30;Wai Wai Kart (Japan) (Major Wave);
SLPM_805.83;Kero Kero King (Japan) (Demo);
SLPM_803.65;Guuguuthropus (Japan) (Demo);
SLPM_806.29;Kamen Rider Agito & Hyakujuu Sentai GaoRanger (Japan) (2-dai Hero Special Disc Taikenban);
SLPS_035.42;Asonde Chinou Up (Japan);
SCED_015.72;Fluid (Germany) (Demo);
SLPS_033.89;Zoids 2 - Heric Kyouwakoku vs. Guylos Teikoku (Japan);
SLUS_007.52;Thrill Kill (USA) (Proto) (1998-08-10);
SLPM_800.73;Final Fantasy Extra Collection (Japan);
SLPM_866.47;Blue Breaker Burst - Hohoemi o Anata to (Japan) (Major Wave);
SLPM_872.84;Azito (Japan) (Major Wave);
SLPM_872.70;Arcade Hits - Wolf Fang - Kuuga 2001 (Japan);
SLPM_867.46;Gundam Battle Assault (Japan);
SLPS_026.78;Hissatsu Pachinko Station Classic 2 - Tsui ni yomigaeru!! Bakuretsu Meiki Fukkatsu (Japan);
SLPM_866.12;Septentrion - Out of the Blue (Japan) (Major Wave);
SLPM_868.78;SuperLite Gold Series - Wizardry - New Age of Llylgamyn (Japan);
SCUS_941.56;Cardinal Syn (USA) (Beta) (1997-12-15);
SLUS_006.06;Dead or Alive (USA) (Beta) (1998-02-20);
SLUS_006.90;G. Darius (USA) (Beta) (1998-05-27);
SLPS_008.91;Zero Divide 2 - The Secret Wish (Europe) (Beta) (1997-09-02);
SCES_013.13;Bust-A-Groove (Europe) (En,Fr,De,Es,It) (Beta) (1998-09-03);
SLPS_009.81;Soukou Kihei Votoms Gaiden - Ao no Kishi Berserga Monogatari (Japan) (Limited Edition);
SLPM_801.23;Tokimeki Memorial Drama Series Vol. 1 - Nijiiro no Seishun (Japan) (Demo);
SLPM_865.26;Battle Athletess - Daiundoukai GTO (Grand Trial Onnanoco) (Japan) (Major Wave);
SLPS_023.14;Brave Saga 2 - Koushiki Data Disc - Yuusha no Akashi 2 (Japan);
SLPS_035.75;Dynamite Soccer 2004 Final (Japan);
SLPS_026.27;Pachi-Slot Teiou 5 - Kongdom, Super Star Dust 2, Flying Momonga (Japan);
SLPM_804.94;Silent Bomber (Japan) (Demo);
PCPX_961.25;G-Police (Japan) (Demo);
SLPM_872.53;SuperLite 1500 Series - The FamiRes (Japan);
SLPM_872.28;Arcade Hits - Shienryuu (Japan);
SLPS_019.61;Soukou Kihei Votoms - Lightning Slash (Japan);
SLPS_023.15;Soukou Kihei Votoms - Koutetsu no Gunzei (Japan);
SLPS_013.30;Soukou Kihei Votoms - Woodo Kummen (Japan) (Limited Edition);
SLPS_035.73;Black-Matrix 00 (Japan) (Disc 1);
SLPS_035.74;Black-Matrix 00 (Japan) (Disc 2);
SLPM_803.96;Chouzetsu Daigirin '99-nen Natsu-ban (Japan);
SLPS_033.26;Saikyou Ginsei Shougi (Japan);
SLPS_035.63;Sekai Saikyou Ginsei Igo 3 (Japan);
SLPM_866.07;Sangokushi II (Japan);
SLPM_871.29;Sangokushi III (Japan);
SLPM_803.04;Colony Wars (Japan) (Demo);
SLPM_805.06;Bakusou Dekotora Densetsu 2 - Otoko Jinsei Yume Ichiro (Japan) (Demo);
SLPS_034.81;Saikyou Ginsei Shougi 2 (Japan);
SLPM_803.40;LiberoGrande (Japan) (Demo);
SLPM_802.75;Shin Sedai Robot Senki - Brave Saga - Yuusha Gentei Koushiki Data Disc - Yuusha no Akashi (Japan);
SLPM_800.50;Hyper PlayStation Re-mix No. 1 (Japan);
SLPM_800.58;Hyper PlayStation Re-mix No. 2 (Japan);
SLPM_868.21;Eve - The Fatal Attraction (Japan) (Disc 1) (Premium Box);
SLPM_868.22;Eve - The Fatal Attraction (Japan) (Disc 2) (Premium Box);
SLPM_868.23;Eve - The Fatal Attraction (Japan) (Disc 3) (Premium Box);
SLES_007.31;Fighting Force (Europe) (En,Fr,De) (EDC);
PCPX_961.44;MiruMiru PlayStation Vol. 31 (Japan);
SLPS_010.38;Doki Doki Shutter Chance - Koi no Puzzle o Kumitatete (Japan);
SLPS_008.59;Next King - Koi no Sennen Oukoku (Japan);
SLES_005.18;Raven Project, The (France) (En,Fr,De) (Disc 1);
SLES_105.18;Raven Project, The (France) (En,Fr,De) (Disc 2);
SLPS_027.57;Screen (Japan);
SLPM_806.19;Block Wars (Japan) (Demo);
SLPM_803.81;Sonata (Japan) (Demo);
SLPM_802.74;Star Ocean - The Second Story & Hello Charlie!! (Japan) (Demo);
SLPM_866.05;Nobunaga no Yabou - Zenkokuban (Japan);
SLPM_806.24;Kids Station - Doraemon - Himitsu no Yojigen Pocket (Japan) (Demo);
SLPS_034.47;Kids Station - Hello Kitty no Ouchi e Oide yo! (Japan) (Controller Set);
SLPS_031.69;Kids Station - Hitori de Dekiru mon! (Japan) (Controller Set);
SLPS_034.02;Kids Station - Kamen Rider Heroes (Japan) (Controller Set);
SLPS_035.12;Kids Station - Oshaberi Oekaki - Soreike! Anpanman (Japan) (Controller Set);
SLES_004.69#;Moto Racer (Europe) (En,Fr,De,Es,It,Sv) (EDC);
SLPS_000.11;A Ressha de Ikou 4 - Evolution (Japan) (Gentei Set);
SLPM_803.73;Bloody Roar 2 - Bringer of the New Age (Japan) (Demo);
SLPM_866.46;Blue Breaker - Egao no Yakusoku (Japan) (Major Wave);
SLPM_862.16;Captain Love (Japan);
SLPS_033.77;Family Shougi - Super Strong (Japan);
SLPM_862.09;Houshin Engi - Aizouban (Japan);
SLPM_872.29;Hyouryuuki - The Reportage Beyond the Sea (Japan) (Major Wave);
SLPM_801.05;Iwatobi Penguin Rocky x Hopper (Japan) (Demo);
SLPS_016.29;Kasei Monogatari (Japan) (Genteiban);
SLPM_869.06;Kids Station - Hello Kitty no Oshaberi Town (Japan);
SLPM_869.99;Kids Station - Kuma no Pooh-san - Mori no Tomodachi (Japan);
SLPS_034.62;Kids Station - Mini-Moni. ni Naru no da Pyon! (Japan) (Controller Set);
SLPS_032.46;Kids Station - Motto! Oja Majo DoReMi - Maho-dou Smile Party (Japan) (Controller Set);
SLPS_027.18;Kids Station - Oja Majo DoReMi - Maho-dou Dance Carnival! (Japan) (Controller Set);
SLPS_012.74;Misa no Mahou Monogatari (Japan) (Disc 1) (Shokai Genteiban);
SLPS_012.75;Misa no Mahou Monogatari (Japan) (Disc 2) (Shokai Genteiban);
SLPM_867.66;N Gauge Unten Kibun Game - Gatan Goton (Japan) (Major Wave);
SLPM_800.79;Pal - Shinken Densetsu (Japan) (Demo);
SLPM_865.91;Princess Maker - Pocket Daisakusen (Japan) (Best Wing 2800);
SLPS_028.67;Super Bass Fishing (Japan) (Fukyuuban 1500);
SLPS_030.19;Super Hero Sakusen - Diedal no Yabou (Japan) (Genteiban);
SLPM_804.03;Tokyo Game Show '99 Spring Special Version - Tomy Paradise Taikenban (Japan);
SLPM_872.25;Wai Wai Bowling (Japan);
SLPS_030.34;Zap! Snowboarding Trix (Japan) (Fukyuuban 1500);
SLUS_000.77;Doom (USA);
SLPS_025.86;Prism Land (Japan);
SLPM_890.08;Play de Oboeru Eijukugo Deruderu 750 (Japan) (Shotenban);
SLUS_013.11;Tomb Raider Chronicles (USA) (Rev 1);
SLPM_869.89;Oni Taiji!!, The - Mezase! Nidaime Momotarou (Japan) (Major Wave);
SLUS_004.33;Fighting Force (USA) (Rev 1) (EDC);
SLPS_005.13;Doki Doki Pretty League (Japan) (Shokai Genteiban);
SLPM_870.01;Kids Station - Kuma no Pooh-san - Mori no Kyoushitsu (Japan);
SLPS_017.75;Kouyasai - A Sherd of Youthful Memories (Japan);
PUPX_930.08;Analog Controller Service Disc (USA);
SLES_033.21;ISS Pro Evolution 2 (Europe) (En,Fr,De) (Alt);
SLPM_869.07;Kids Station - Asobou! Hanasou! Guru Guru Town Hanamaru-kun (Japan);
SLPS_020.23;Aquanaut no Kyuujitsu - Memories of Summer 1996 (Japan) (Artdink Best Choice);
SLUS_004.25;Music Inspired by Wild 9 (Europe) (Unl);
SLED_015.01;R-C Stunt Copter (Europe) (Demo);
SLPS_033.79;Family Gunjin Shougi (Japan);
SLED_013.29;Tommi Maekinen Rally (Europe) (En,Fr,De,Es,Fi) (Demo);
SLES_028.44;Player Manager 2000 (Portugal);
SLUS_005.07;Monopoly (USA);
SLPS_023.18;Zeus II - Carnage Heart (Japan);
SCUS_945.60;Twisted Metal 4 (USA, Canada);
SLPS_003.79;Kiwame Daidougi - Tsumuya Tsumazaruya (Japan);
SLPM_800.92;Fade to Black (Japan) (En,Ja) (Demo);
SLPS_033.46;Simulation RPG Tkool (Japan) (Enterbrain Collection);
SLPS_001.98;Matsukata Hiroki no World Fishing (Japan);
SCUS_941.70;MLB 98 (USA);
SLPS_001.64;Tetsudou-ou '96 - Iku ze Okuman Chouja!! (Japan) (Rev 1);
SLPM_800.86;Nihon Pro Golf Kyoukai Kanshuu - Double Eagle (Japan) (Demo);
PCPX_961.91;Spyro x Sparx - Tondemo Tours (Japan) (Demo);
SLPM_806.01;Exciting Pro Wres 2 (Japan) (Demo);
SLPM_800.49;Psychic Force (Japan) (Demo);
SCES_002.45_T;Motor Toon Grand Prix 2 (Europe) (EDC);
SLPS_914.52;Tenkuu no Restaurant (Japan) (Rev 1);
SLPM_803.84;Hyper PlayStation Re-mix 1999 No. 3 (Japan);
SLPM_804.39;Hyper PlayStation Re-mix 1999 No. 7 (Japan);
SLPM_865.84;Tenkuu no Restaurant (Japan);
SLPS_003.64;Mahjong Senjutsu - Andou Mitsuru Pro no Akuukan Sappou (Japan);
SCED_036.36;Disney's Atlantis - The Lost Empire (Australia) (Demo);
SLPM_873.30;Front Mission 1st (Japan) (Front Mission History);
SLED_006.52;Command & Conquer (Europe) (Demo);
SLPS_027.16;Sound Qube (Japan) (Best of the Best);
SLPM_805.67;Kougien CD-ROM 2000-nen Natsu-ban (Japan);
Part_#905352;P.K.'s Place 2 - Hoopo at Sea! (USA) (Rev 1);
PAPX_900.58;Yarudora (Japan) (Demo);
LSP_905130_0.2;KazMania 2 - Chaos in KazMania (USA) (Rev 1);
PUPX_930.10;Analog Controller Service Disc (Revised) (USA);
SLUS_009.06;Intellivision Classic Games (USA);
SLPM_800.99;Hyper PlayStation Re-mix No. 5 (Japan);
SLES_027.96;Vanishing Point (Italy);
SLPS_022.96;Memories Off (Japan);
SLPM_870.18;Palm Town (Japan) (Major Wave);
SLPS_024.29;Bakuryuu (Japan) (Beta) (1999-11-27);
SLES_001.22;Bubsy 3D - Furbitten Planet (Europe) (Beta) (1997-04-07);
SLES_029.41;Dancing Stage - Euromix (Europe) (Beta) (2000-09-05);
SCES_012.59;Dead or Alive (Europe) (Beta) (1998-04-22);
SLES_008.85;Dynasty Warriors (Europe) (Beta) (1997-09-17);
SLES_025.99;JoJo's Bizarre Adventure (Europe) (Beta) (2000-01-21);
SLUS_003.90;Killing Time (USA) (Proto) (1997-04-29);
SLES_XXXXX;Little Big Adventure (Europe) (En,Fr,De,Es,It) (Beta) (1997-02-05);
SCES_008.83;Spice World (Europe) (Beta) (1998-04-09);
PSRM_017100;Syphon Filter 2 (USA) (Disc 2) (Beta) (2000-01-11);
SCES_022.85;Syphon Filter 2 (Europe) (Disc 1) (Beta) (2000-02-18);
SCES_122.85;Syphon Filter 2 (Europe) (Disc 2) (Beta) (2000-02-18);
SLPS_011.44;Tomba! (USA) (Beta) (1998-02-03);
SCES_028.73;Vib-Ribbon (Europe) (En,Fr,De,Es,It) (Beta) (2000-06-13);
SLES_022.65;Xena - Warrior Princess (Europe) (Beta) (1999-08-19);
SLED_023.10;Compilation 01 (Australia);
SLPM_802.87;Itadaki Street - Gorgeous King (Japan) (Demo);
SLPS_023.74;Heiwa Pachinko Graffiti Vol. 1 (Japan);
SLPS_010.64;Battle Master (Japan);
SLPS_035.37;Marl Jong!! (Japan) (Genteiban);
SLES_033.06;LEGO Island 2 - The Brickster's Revenge (Norway);
SLPM_840.04;SD Gundam - GGeneration-F (Japan) (Disc 1) (Tokubetsuban);
SLPM_840.05;SD Gundam - GGeneration-F (Japan) (Disc 2) (Tokubetsuban);
SLPM_840.06;SD Gundam - GGeneration-F (Japan) (Disc 3) (Tokubetsuban);
SLPM_840.07;SD Gundam - GGeneration-F (Japan) (Disc 4) (Premium Disc) (Tokubetsuban);
SLPM_802.55;Ojousama Express (Japan) (Demo);
SLPM_805.11;Densha de Go! Professional Shiyou (Japan) (Demo);
PCPX_961.71;Wild Arms - 2nd Ignition (Japan) (Demo 2);
PCPX_960.33;Total NBA '96 (Japan) (Demo);
SLPM_805.48;Puzz Loop (Japan) (Demo);
SLPS_013.49;Uno (Japan);
SLPM_802.26;NBA Live 98 (Japan) (Demo);
SLPM_869.24;Shin Megami Tensei II (Japan) (Rev 1);
SLPM_804.36;Grandia - Prelude (Japan) (Demo 2);
PAPX_901.00;PokeTan (Japan) (Demo 1);
SLPM_805.00;V-Rally - Championship Edition 2 (Japan) (Demo);
SLPM_800.03;Nise Flopon-kun P! Famitsuu Nottori Version (Japan);
SLPM_865.82;SuperLite 1500 Series - Dezaemon Kids! (Japan);
PCPX_961.55;MiruMiru PlayStation Vol. 34 (Japan);
SCPS_100.96;Panekit - Infinitive Crafting Toy Case (Japan) (Rev 1);
SLPS_009.79;Sangokushi IV with Power-Up Kit (Japan) (Rev 1);
SLPS_014.66;Sangokushi V with Power-Up Kit (Japan);
SLPM_861.94;Nobunaga no Yabou - Shouseiroku with Power-Up Kit (Japan);
SLPS_013.06;Game de Seishun (Japan);
SLPS_019.52;Puzzle Mania 2 (Japan);
SLPM_803.47;Gensou Suikoden II (Japan) (Demo 2);
SLPM_803.23;Ridegear Guybrave II (Japan) (Demo);
SLPM_804.91;Pac-Man World - 20th Anniversary (Japan) (Demo);
PCPX_961.93;Beat Planet Music (Japan) (Demo);
SLPS_012.51;Checkmate (Japan);
PCPX_961.88;Toro Channel - Zoukangou nano nya! SCEI Nenmatsu Shinsaku Soft Information Movie Disc (Japan);
SLPS_019.75;Kagayaku Kisetsu e (Japan);
PAPX_900.28;Bust-A-Groove (Europe) (En,Fr,De,Es,It) (Beta) (1998-07-30);
SLES_015.35;Diver's Dream (Europe) (En,Fr,De) (Beta) (1999-03-01);
SLUS_006.41;Fighter Maker (USA) (Beta) (1999-10-07);
SLES_010.81;Kensei - Sacred Fist (Europe) (Beta) (1998-11-02);
SLUS_005.03;Maximum Force (USA) (Beta) (1997-08-01);
SLPM_862.73;Psychic Force 2 (Europe) (Beta) (1999-11-09);
SLUS_006.29;Streak Hoverboard Racing (USA) (Beta) (1998-10-03);
SLES_128.67;Strider 2 (Europe) (Beta) (2000-05-30);
SLUS_008.59;Dukes of Hazzard, The - Racing for Home (Europe) (Beta) (2000-01-06);
SCES_027.76;Time Crisis - Project Titan (Europe) (En,Fr,De,Es,It) (Beta) (2001-02-09);
SLPM_804.92;Little Princess - Marl Oukoku no Ningyou-hime 2 (Japan) (Demo);
SLPM_804.28;Remote Control Dandy (Japan) (Demo 1);
PCPX_961.29;Navit (Japan) (Demo);
SLPM_804.19;Lunar 2 - Eternal Blue (Japan) (Demo);
PCPX_961.84;Legend of Dragoon, The (Japan) (Demo 2);
SLPM_804.41;Maria 2 - Jutai Kokuchi no Nazo (Japan) (Demo);
PAPX_900.98;Robbit mon Dieu (Japan) (Demo);
SLPM_805.64;F1 2000 (Japan) (Demo);
SLPM_800.34;CyberSpeed (Japan) (Demo);
SLPM_802.54;Metal Gear Solid (Japan) (Demo 1);
PCPX_960.96;Gran Turismo (Japan) (Tentou Shiyuudai-you Disc);
SLED_024.15;Compilation 02 (Australia);
SLES_006.87;Perfect Weapon (Italy);
SLUS_007.72;Guilty Gear (USA) (Rev 1);
SCES_002.55/T;Tekken 2 (Europe) (EDC);
SLED_015.33;Assault (Europe) (En,Fr,De,Es,It) (Demo);
SLED_013.42;Heart of Darkness (Europe) (Demo);
SLPM_805.70;Exciting Pro Wres (Japan) (Demo);
SLPM_801.37;Farland Story - Yottsu no Fuuin (Japan) (Demo);
SLPS_005.42;Bastard!! Utsuronaru Kamigami no Utsuwa (Japan) (Rev 1);
SLUS_014.13;Weakest Link, The (USA) (Rev 1);
SCES_030.31;Livro da Selva, O - Uma Festa Divertida (Portugal);
SLPM_885.09;Mega Man X6 (Korea);
SLPS_007.06;Kowloon's Gate - Kowloon Fuusuiden (Japan) (Disc 1) (Byakko);
SLPS_007.07;Kowloon's Gate - Kowloon Fuusuiden (Japan) (Disc 2) (Genbu);
SLPS_007.08;Kowloon's Gate - Kowloon Fuusuiden (Japan) (Disc 3) (Suzaku);
SLPS_007.09;Kowloon's Gate - Kowloon Fuusuiden (Japan) (Disc 4) (Seiryuu);
SLPS_006.86;Love Game's - Wai Wai Tennis (Japan);
SLPM_800.54;Darius Gaiden (Japan) (Demo);
SLUS_008.82;Castrol Honda Superbike Racing (USA);
SLUS_012.55;Arc the Lad Collection - Arc Arena - Monster Tournament (USA) (Beta) (2001-10-16);
SLUS_015.23;Phix - The Adventure (USA);
SLES_015.91;Hugo (Europe) (Nl,Pt);
SLUS_013.63;Final Fantasy Chronicles - Chrono Trigger (USA) (Beta) (2001-05-19);
SLPM_805.71;Power Shovel ni Norou!! (Japan) (Demo);
SLPM_802.29;Utchan Nanchan no Honoo no Challenger - Denryuu Iraira-bou Returns (Japan) (Demo);
SLPM_802.42;King of Fighters '97, The (Japan) (Demo);
PCPX_960.35;Tobal No. 1 (Japan) (Demo);
SLPM_800.57;Vandal Hearts - Ushinawareta Kodai Bunmei (Japan) (Demo);
SLPM_871.13;Romance wa Tsurugi no Kagayaki II - Gin no Niji o Sagashite (Japan) (Disc 1);
SLPM_871.14;Romance wa Tsurugi no Kagayaki II - Gin no Niji o Sagashite (Japan) (Disc 2);
SCED_039.27;Erlebe den Zauber von Disney auf der PlayStation (Germany);
PCPX_960.83;Linda^3 Again (Japan) (Demo);
PCPX_961.30;Legaia Densetsu (Japan) (Demo 1);
SLPM_800.47;Kowloon's Gate (Japan) (Demo);
SLPM_800.91;Deep Sea Adventure - Kaitei-kyuu Pantarassa no Nazo (Japan) (Demo);
SLPM_800.97;Formula Circus (Japan) (Demo);
SLPM_801.35;Robo-Pit 2 (Japan) (Demo 2);
SLPM_802.13;Choro Q 3 (Japan) (Demo);
SLPM_802.20;Toshiba Emi Egg & Zutto Issho Demo Disc (Japan);
SLPM_802.44;Hello Kitty no Cube de Cute (Japan) (Demo);
SLPM_802.52;Hit Back (Japan) (Demo);
SLPM_803.01;Naniwa Wangan Battle - Tarzan Yamada & AutoSelect Sawa Kyoudai (Japan) (Demo);
SLPM_803.53;Lunatic Dawn III & Susume! Kaizoku Promotion Disc (Japan);
SLPM_803.68;Next Tetris, The (Japan) (Demo);
SLPM_805.28;Hexamoon Guardians (Japan) (Demo);
SLPM_805.65;Suzuki Bakuhatsu (Japan) (Demo);
SLPM_805.75;World Soccer Jikkyou Winning Eleven 2000 - U-23 Medal e no Chousen (Japan) (Demo);
SLPM_806.13;Yakiniku Action Game - Yakiniku Bugyou (Japan) (Demo);
SLPM_806.31;Gourmet Action Game - Manpuku!! Nabe Kazoku (Japan) (Demo);
SLPM_802.70;OverBlood 2 - The East Edge File (Japan);
SCPS_451.97;International Track & Field (Asia);
SCUS_945.05;NCAA Football GameBreaker (USA) (Beta) (1996-07-16);
SLES_032.13;Blade (Europe) (Beta) (2000-10-16);
SCES_033.64;C-12 - Final Resistance (Europe) (Beta) (2000-12-20);
SCES_028.12;Chase the Express (Europe) (Disc 1) (Beta) (2000-04-27);
SCES_128.12;Chase the Express (Europe) (Disc 2) (Beta) (2000-04-27);
SCES_036.97;Syphon Filter 3 (Europe) (Beta) (2001-09-03);
SLES_027.80;Reel Fishing II (Europe) (En,De) (Beta) (2000-09-01);
SCES_038.17;Alfred Chicken (Europe) (Beta) (2002-02-07);
SCES_034.04;Formula One 2001 (Europe) (En,Fi) (Beta) (2001-03-21);
SLES_036.09;Worms World Party (Europe) (En,Fr,De,Es,It,Nl,Sv,Da) (Beta) (2001-09-25);
SCES_032.54;Liberogrande International (Europe) (En,Fr,De,Es,It) (Beta) (2001-01-10);
SCES_027.76;Time Crisis - Project Titan (Europe) (En,Fr,De,Es,It) (Beta) (2001-02-09) (Alt);
SCES_037.61;Disney-Pixar Monsters en Co. - Schrik Eiland (Netherlands) (Beta) (2001-11-14);
SLUS_013.73;Fisher-Price Rescue Heroes - Molten Menace (USA);
SCED_040.13;Gratis! Demo Disc! (Spain);
SLUS_011.49;Sea-Doo Hydro Cross (USA);
SLUS_014.64;Super Shot Soccer (USA);
SLED_016.50;Music - Music Creation for the PlayStation (Europe) (En,Fr,De) (Demo);
SCUS_949.66;Interactive CD Sampler Pack Volume Three (Version 3.5) (USA) (Rev 2);
PCPX_961.60;Ore no Shikabane o Koete Yuke (Japan) (Tentou-you Movie Disc);
SLPM_861.92;Silent Hill (Japan) (Rev 1);
PAPX_900.86;Doko Demo Issho (Japan) (Demo 2);
PCPX_960.53;MiruMiru PlayStation Vol. 4 (Japan) (Disc 3);
SLPM_805.63;RC de Go! (Japan) (Demo);
SLPM_804.08;Kagayaku Kisetsu e (Japan) (Demo);
SLUS_015.74;Disney's 101 Dalmatians II - Patch's London Adventure (USA);
SLUS_009.37;LEGO Rock Raiders (USA);
PCPX_961.92;MiruMiru PlayStation Vol. 42 (Japan);
SLPM_805.41;RayCrisis (Japan) (Demo);
SLPM_840.03;Kellogg Original Waku Waku Doki Doki Ninki Game Chara Daishuugou! Waku Waku-shou (Japan) (Demo);
SLED_021.38;Play Power 5 (Spain);
SLUS_013.80;Blast Lacrosse (USA) (Alt);
SLPM_802.03;Option - Tuning Car Battle (Japan) (Demo 1);
SLPM_802.06;Option - Tuning Car Battle (Japan) (Demo 2);
SLPM_801.48;Sony Music Entertainment - PlayStation Title Digest (Japan);
SLUS_002.89;Broken Helix (USA);
SLPM_803.91;Cinema Eikaiwa Series - Tengoku ni Ikenai Papa (Japan) (Demo);
SLPM_803.45;Cool Boarders 3 (Japan) (Demo);
SCES_024.31;Space Debris (Germany) (Beta) (1999-11-11);
PCPX_961.80;Pet in TV - With My Dear Dog (Japan) (Demo);
SLPM_806.16;Yamasa Digi World - Tetra Master (Japan) (Demo);
SLKA_020.03;Super Lite Best Vol. 2 - Sanvein & Bomb Boat (Korea) (En,Ko);
PAPX_900.93;Arc the Lad III (Japan) (Demo 1);
SLPM_870.86;Water Summer (Japan);
SCED_040.12;Free Spin Demo Disc! Voellig Gratis Demo Disc! (Germany);
SCES_013.31;Tombi! (Europe) (En,Es,Pt,Sv,Da);
SCES_013.30#;Tombi! (Europe) (En,Fr,De,It,Nl) (Rev 1);
SLES_014.16#;Asterix (Europe) (En,Fr,Nl) (Rev 1);
PAPX_900.73;Circadia (Japan) (Demo 2);
SLPM_800.43;Street Fighter Zero 2 (Japan) (Demo);
SLED_020.48;Star Wars - Episodio I - La Amenaza Fantasma (Spain) (Demo);
"PCPX_960.50
SCPM_850.05";Arc the Lad II - Characters & World CG Movie Collection (Japan);
SLED_027.41;WWF SmackDown! (Europe) (Demo);
SLPM_805.61;Macross Plus - Game Edition (Japan) (Demo);
SLPM_802.10;Gundam the Battle Master 2 (Japan) (Taikenban);
SLPM_801.07;Gundam the Battle Master (Japan) (Demo 2);
SCPS_460.01;R4 - Ridge Racer Type 4 (Korea);
SLPS_027.00;Kids Station - Soreike! Anpanman (Japan) (Controller Set);
SLPS_026.69;Infinity (Japan);
SLPS_033.93;Doko made mo Aoku... (Japan);
"SLPS_026.67
SLPS_035.65";Natsuiro Kenjutsu Komachi (Japan);
SLES_029.75;LMA Manager 2001 (Europe) (Beta) (2001-02-26);
SLPM_803.28;End Sector (Japan) (Demo);
SLPS_033.24;Kids Station - Doraemon - Himitsu no Yojigen Pocket (Japan);
SLED_012.71;WCW Nitro (Europe) (Demo);
SLKA_020.02;Super Lite Best Vol. 1 - Cotton Original & Block Keeper (Korea);
SLED_020.46;Star Wars - Episode I - Die Dunkle Bedrohung (Germany) (Demo);
SLED_022.76;Wu-Tang - Taste the Pain (UK) (Demo);
SLES_020.67;Disney-Pixar Toy Story 2 - Buzz Lightyear to the Rescue! (Europe);
SLES_007.53;Circuit Breakers (Europe) (En,Fr,De,Es,It) (Beta) (1998-03-31);
SLES_010.40;DBZ - Dead Ball Zone (Europe) (En,Fr,De,Es,It) (Beta) (1998-04-03);
PAPX_900.88;Back to School Special - PlayStation Demo Disc (Asia);
PSX_0005;Mahjong Xiezhenguan Taiwan 16 Zhang (Taiwan) (Unl);
SLES_021.94;Sled Storm (Europe) (En,Fr,De,Es) (Alt);
PCPX_961.50;Um Jammer Lammy (Japan) (Demo);
SLPM_804.05;Lord of Fist (Japan) (Demo);
SLPM_804.66;Zipangu - Unmei wa Saikoro ga Kimeru! (Japan) (Demo);
SLPM_804.93;Jojo no Kimyou na Bouken (Japan) (Demo);
SLPM_805.66;Menkyo o Torou (Japan) (Demo 2);
SLPM_801.78;Thoroughbred Breeder - Sekai Seiha-hen (Japan) (Demo 1);
SCES_038.71;Disney's Lilo & Stitch - Trouble in Paradise (Europe) (Beta) (2002-04-09);
SLES_027.66#2;Cochons de Guerre, Les (France) (Rev 1);
SLPM_800.08;Zero Divide (Japan) (Demo);
SLPM_800.74;Ninja Jajamaru-kun - Onigiri Ninpouchou (Japan) (Demo);
PCPX_961.53;Tamago de Puzzle (Japan) (Demo);
SLED_017.55;Nickelodeon Rugrats - Search for Reptar (Europe) (Demo);
SLED_001.79;Adidas Power Soccer 2 (Europe) (Demo);
SLES_000.66;Adidas Power Soccer (UK) (En,Fr,De,Es,It) (Demo);
SLED_004.06;Resident Evil (France) (Demo);
SLPM_802.41;Frogger (Japan) (Demo);
SLUS_010.70A;Vanguard Bandits (USA) (Beta) (2000-03-22);
SLUS_012.56;Arc the Lad Collection - The Making of Arc the Lad (USA) (Beta) (2001-11-20);
SLUS_012.52A;Arc the Lad Collection - Arc the Lad II (USA) (Beta) (2001-09-11);
SLUS_015.52;Dirt Jockey - Heavy Equipment Operator (USA) (Beta) (2003-04-02);
SLPS_035.14;Kids Station - Oshaberi Oekaki - Kikansha Thomas to Nakamatachi (Japan) (Controller Set);
SCES_021.85;Disney's Tarzan (Netherlands);
SLPM_801.91;V-Rally - Championship Edition (Japan) (Demo);
PCPX_961.54;Sony Computer Entertainment Inc. Monthly Software Information - 6-gatsu Hatsubai Yotei Title (Japan);
SLPM_802.45;King of Fighters Kyou, The (Japan) (Demo);
SLPM_804.59;Umi no Nushi-tsuri - Takarajima ni Mukatte (Japan) (Demo);
"PAPX_900.89
PAPX_900.90";Ore no Ryouri (Japan) (Demo 2);
SLPM_804.49;Aquanaut no Kyuujitsu 2 (Japan) (Demo);
SLPM_806.38;Inuyasha - Sengoku Otogi Gassen (Japan) (Demo);
SLPS_003.45;Oh-chan no Oekaki Logic 2 (Japan);
SLPS_026.46;Bass Landing 2 (Japan) (Special Fishing Set);
SLPS_031.72;Kids Station - Yancharu Moncha (Japan) (Controller Set);
SCES_023.80;Gran Turismo 2 (Europe) (En,Fr,De,Es,It) (Disc 1) (Arcade Mode) (Beta) (1999-12-22);
SCUS_942.04;Spawn - The Eternal (USA) (Beta) (1997-10-07);
SCPS_101.16;Gran Turismo 2 (Japan) (Disc 1) (Arcade) (Beta) (1999-10-26);
SCPS_101.17;Gran Turismo 2 (Japan) (Disc 2) (Gran Turismo) (Beta) (1999-10-26);
SLPM_840.16;Gekitou! Crush Gear Turbo - Comic Bom Bom Special Disc (Japan) (Demo);
SLPM_803.11;Advanced V.G. 2 (Japan) (Demo);
SLPM_800.75;Odo Odo Oddity (Japan) (Demo);
SLPM_885.07;Kids Station - Gomdori Pooh Hakseup Series - Gomdori Pooh Yuchiwon Hakseubyeohaeng (Korea) (En,Ko);
SCUS_942.91;MediEvil (USA) (Demo);
SLED_010.93;Grand Theft Auto (France) (Demo);
SCED_026.72;Video IDU Demo 06E (Europe);
DK_107.94;Classic Card Games (Russia) (Unl);
SLED_012.49;Lucky Luke (Europe) (Demo);
SLPM_885.05;Casper - Friends Around the World (Korea);
SLPM_802.07;Yuukyuu Gensoukyoku 2nd Album (Japan) (Demo);
SLPM_802.63;Trap Gunner (Japan) (Demo);
SLPM_804.43;Paca Paca Passion (Japan) (Demo);
SLPM_805.85;Mobile Police Patlabor - Game Edition (Japan) (Demo);
PAPX_900.04;Hermie Hopperhead - Scrap Panic (Japan) (Demo);
SLPS_029.75;Kowloon's Gate - Kowloon Fuusuiden (Japan) (Disc 1) (Byakko) (Artdink Best Choice);
SLPS_029.76;Kowloon's Gate - Kowloon Fuusuiden (Japan) (Disc 2) (Genbu) (Artdink Best Choice);
SLPS_029.77;Kowloon's Gate - Kowloon Fuusuiden (Japan) (Disc 3) (Suzaku) (Artdink Best Choice);
SLPS_029.78;Kowloon's Gate - Kowloon Fuusuiden (Japan) (Disc 4) (Seiryuu) (Artdink Best Choice);
SLPS_911.95;Gunbarl (Japan) (Rev 1);
SLPM_802.60;TOCA Touring Car Championship (Japan) (Demo);
SLPM_801.89;Chou Sentou Kyuugi Vanborg (Japan) (Demo);
SLED_014.62;Lemmings & Oh No! More Lemmings (Europe) (En,Fr,De,Es,It) (Demo);
SCPS_460.02;Mr. Driller (Korea);
SCES_007.00;Battle Arena Toshinden 3 (Europe) (Beta) (1997-07-11);
SLUS_003.23;Grid Runner (USA) (Beta) (1996-06-08);
SCES_002.57;Rosco McQueen (Europe) (En,Fr,De,Es,It) (Beta) (1997-06-19);
SLUS_942.72;Running Wild (USA) (Beta) (1998-07-28);
SCUS_943.58;Cool Boarders 2 (USA) (Beta) (1997-08-25);
SLPM_804.75;Remote Control Dandy - Bangai-hen (Japan);
SLPM_885.04;Land Before Time, The - Great Valley Racing Adventure (Korea);
SCED_039.13;Nestle Disney Demo (Europe);
SLES_007.07#2;Risk (Europe) (En,Fr,De,Es) (Alt);
SLPM_840.11;Gokui Game Creator ni Narou! (Japan);
SLPM_800.13;Chou Aniki - Kyuukyoku Muteki Ginga Saikyou Otoko - Shotaiken Manual CD-ROM (Japan);
G_001;Jin Bao Re Shu (Taiwan) (Demo) (Unl);
PS_0091;Taiwan Mahjong Episode 1 (Taiwan) (Unl);
SLES_018.07;Hugo 2 (Germany);
SCKA_010.01;Super Shot Soccer (Korea);
SLPS_015.05;Princess Maker - Go! Go! Princess (Japan);
SLPS_025.51;Pandora Max Series Vol. 2 - Shisha no Yobu Yakata (Japan) (Rev 1);
PCPX_960.70;3D-Kaleidoscope - Baby Universe (Japan) (Demo);
PCPX_960.43;MiruMiru PlayStation Vol. 2 (Japan) (Disc 1);
PCPX_960.44;MiruMiru PlayStation Vol. 2 (Japan) (Disc 2);
PCPX_960.45;MiruMiru PlayStation Vol. 3 (Japan) (Disc 1);
PCPX_960.46;MiruMiru PlayStation Vol. 3 (Japan) (Disc 2);
PCPX_961.17;MiruMiru PlayStation Vol. 23 (Japan);
PCPX_961.20;MiruMiru PlayStation Vol. 24 (Japan);
PCPX_961.23;MiruMiru PlayStation Vol. 25 (Japan);
PCPX_961.24;MiruMiru PlayStation Vol. 26 (Japan);
PCPX_961.31;MiruMiru PlayStation Vol. 27 (Japan);
PCPX_961.41;MiruMiru PlayStation Vol. 30 (Japan);
PCPX_961.51;MiruMiru PlayStation Vol. 33 (Japan);
PCPX_961.58;MiruMiru PlayStation Vol. 35 (Japan);
PCPX_961.62;MiruMiru PlayStation Vol. 36 (Japan);
PCPX_961.69;MiruMiru PlayStation Vol. 37 (Japan);
PCPX_961.72;MiruMiru PlayStation Vol. 38 (Japan);
PCPX_961.75;MiruMiru PlayStation Vol. 39 (Japan);
PCPX_961.81;MiruMiru PlayStation Vol. 40 (Japan);
SLPM_805.49;Menkyo o Torou (Japan) (Demo 1);
PCPX_961.66;Saru! Get You! (Japan) (Demo 2);
SCPM_850.03;World of Philosoma, The (Japan);
SLPM_890.07;Vantan Dennoh Intelligence College V-Disc - Vantan Gakkou Annai CD-ROM (Japan);
SLPM_805.03;Simple 1500 Series - The Demo II (Japan) (Taikenban);
SLPM_803.75;Mobile Suit Gundam - Char's Counterattack (Japan) (Tokubetsuban);
SLPM_800.30;Pandora Project - The Logic Master (Japan) (Demo);
PAPX_900.17;Total NBA '97 (Japan) (Demo);
PCPX_960.48;Depth (Japan) (Demo);
SLPS_000.90;Eisei Meijin (Japan);
SLPS_004.71;Heroine Dream (Japan);
SLPM_803.56;Street Fighter Zero 3 (Japan) (Demo);
PAPX_900.84;Ore no Ryouri (Japan) (Demo 1);
SLPM_840.01;Alabama Meets Will Vi - The 33rd Tokyo Motor Show (Japan);
PCPX_961.63;Book of Watermarks, The (Japan) (Demo);
SLPM_801.71;Groove Jigoku V (Japan) (Demo);
SLPS_006.55;Shin SD Sengokuden - Kidou Musha Taisen (Japan);
SLPS_035.06;Samurai Deeper Kyo (Japan);
SLPS_016.78;Tenka Touitsu (Japan);
SLPS_033.58;Kids Station - Ponkickies 21 - Game no Omocha-bako (Japan) (Controller Set);
SLPS_031.96;Kids Station - Soreike! Anpanman 2 - Anpanman to Daibouken! (Japan) (Controller Set);
SLPS_034.04;Kids Station - Soreike! Anpanman 3 - Sugoroku Anpanman (Japan) (Controller Set);
SLPS_034.06;Kids Station - Oja Majo DoReMi Dokkan! Maho-dou Eigo Festival (Japan) (Controller Set);
SLPS_033.15;Kids Station - Ultraman Cosmos - Yuusha no Chikai (Japan) (Controller Set);
SLES_108.53;G-Police (France) (Disc 2) (EDC);
SLES_008.53;G-Police (France) (Disc 1) (EDC);
PAPX_900.16;Arc the Lad - Monster Game (Japan) (Present-ban);
SLES_036.67;FIFA Football 2002 (Belgium);
SCED_006.09;Serial Players Only (France);
SCPS_450.51;PaRappa the Rapper (Asia) (En,Ja,Fr,De,Es,It,Zh);
SLES_005.03;Mega Man X3 (Europe);
SCPS_452.68;XI [sai] (Asia) (En,Zh);
SLES_032.49;Dave Mirra Freestyle BMX (Europe) (En,Fr,De);
SLPM_800.19;Classic Road (Japan) (Otanoshimi Data Disc);
SLED_030.50;Rayman 2 - The Great Escape (Europe) (Demo);
PCPX_960.40;MiruMiru PlayStation Vol. 1 (Japan) (Disc 2);
SLPM_805.88;Kids Station - Soreike! Anpanman (Japan) (Demo);
SLUS_006.12;Formula 1 Championship Edition (USA) (En,Fr,De,Es,It) (SLUS-00612);
PCPX_960.52;MiruMiru PlayStation Vol. 4 (Japan) (Disc 2);
SLUS_004.39;Pac-Man World - 20th Anniversary (Europe) (Beta) (1999-09-18);
SLES_002.94;Olympic Soccer (Germany);
SLPS_000.58;Ide Yousuke no Mahjong Kazoku (Japan) (Rev 2);
SLPM_805.53;Kidou Senshi Gundam - Gihren no Yabou - Zeon no Keifu (Japan) (Disc 1) (Earth Federation Disc) (Koudansha Rengou Kikaku Tokubetsu Disc);
SLPM_805.54;Kidou Senshi Gundam - Gihren no Yabou - Zeon no Keifu (Japan) (Disc 2) (Zeon Disc) (Koudansha Rengou Kikaku Tokubetsu Disc);
PCPX_960.69;MiruMiru PlayStation Vol. 9 (Japan);
PCPX_960.71;MiruMiru PlayStation Vol. 10 (Japan);
SLES_009.87;Duke Nukem (France);
SLPM_867.20;Breath of Fire III (Japan) (Rev 1);
SLPM_871.59;Breath of Fire IV - Utsurowazaru Mono (Japan) (Rev 1);
SLPM_872.85;Game of Life, The - DX Jinsei Game IV (Japan) (Rev 1);
SLPM_860.45;Katou Hifumi Kudan - Shougi Club (Japan);
SLPS_026.84;Ongaku Tkool - Kanadeeru 2 (Japan) (Rerelease);
SLPS_004.15;Street Fighter Zero 2 (Japan) (Rev 1);
SLPM_803.29;Xing Entertainment Winter Special '98 Premium Disc (Japan);
SLPM_801.90;SatelliTV & Doki Doki Shutter Chance - Koi no Puzzle o Kumitatete (Japan) (Taikenban);
SLPM_806.25;Helix - Fear Effect (Japan) (Taikenban);
SLPM_805.77;Brave Sword (Japan) (Taikenban);
SLPM_802.01;Riven - The Sequel to Myst (Japan) (Otameshi Disc);
SLPM_801.29;Yuukyuu Gensoukyoku (Japan) (Tentou Jitsuenban);
SCES_027.77;Formula One 2000 (Europe) (Beta) (2000-08-17);
SCED_011.95;Video IDU Demo 1F (France);
SLES_006.05;Super Puzzle Fighter II Turbo (Europe);
SLPM_806.37;Dragon Drive - Tactics Break (Japan) (Taikenban);
SLPS_914.50;Doukyuu Re-mix - Billiards Multiple (Japan) (PSone Books);
SLPS_015.02;Blue Breaker Burst - Hohoemi o Anata to (Japan);
SLPS_910.24;Samurai Spirits - Zankurou Musouken (Japan) (PlayStation the Best);
SLPS_020.27;Chibi Chara Game - Ginga Eiyuu Densetsu (Japan) (Disc 1) (Go! Go! Casino);
SLPS_020.28;Chibi Chara Game - Ginga Eiyuu Densetsu (Japan) (Disc 2) (Let's Surogoku);
SLPM_890.05;Play de Oboeru Series - Sekaishi Keyword Deruderu 1800 (Japan) (Shotenban);
SLPM_871.68;Kids Station - Ugoku Tomica Zukan (Japan) (Controller Set);
SLPS_026.99;Kids Station - Kikansha Thomas to Nakamatachi (Japan) (Controller Set);
SLPM_805.51;Jikkyou Golf Master 2000 (Japan) (Taikenban);
SLPM_803.59;Initial D (Japan) (Taikenban);
SLPM_803.30;Catherine Catherine - Enfants Terrible - Visual Disc (Japan);
SLPM_806.39;Ninpuu Sentai Hurricanger & Kamen Rider Ryuuki (Japan) (2-dai Hero Special Disc Taikenban);
SLPM_869.04;Kids Station - Hello Kitty no Oshaberi ABC (Japan) (Controller Set);
SLED_022.32;R-C Stunt Copter (Germany) (Demo);
SLED_013.79;Kick Off World (Greece) (Demo);
SLPS_035.04;Inuyasha - Sengoku Otogi Gassen (Japan);
SLPM_805.29;My Home Dream 2 - Niwatsuki Ikkodate de, Ikou! (Japan) (Taikenban);
SLPM_805.46;Paca Paca Passion 2 (Japan) (Taikenban);
SLPM_864.55;Deep, The - Ushinawareta Shinkai (Japan) (Global Game Selection 2000);
PCPX_961.97;MiruMiru PlayStation Vol. 44 (Japan);
PCPX_960.51;MiruMiru PlayStation Vol. 4 (Japan) (Disc 1);
SLPM_801.25;Recipro Heat 5000 (Japan) (Taikenban);
SLPM_868.87;Nobunaga no Yabou - Reppuuden (Japan) (Rev 1);
